state_name,age_bracket,state_code,Below_primary_share_buddhist_female,Below_primary_share_christian_female,Below_primary_share_hindu_female,Below_primary_share_jain_female,Below_primary_share_muslim_female,Below_primary_share_sikh_female,CMPR_buddhist_female,CMPR_christian_female,CMPR_hindu_female,CMPR_jain_female,CMPR_muslim_female,CMPR_sikh_female,Illiteracy_rate_buddhist_female,Illiteracy_rate_christian_female,Illiteracy_rate_hindu_female,Illiteracy_rate_jain_female,Illiteracy_rate_muslim_female,Illiteracy_rate_sikh_female,Literacy_rate_buddhist_female,Literacy_rate_christian_female,Literacy_rate_hindu_female,Literacy_rate_jain_female,Literacy_rate_muslim_female,Literacy_rate_sikh_female,Middle_school_share_buddhist_female,Middle_school_share_christian_female,Middle_school_share_hindu_female,Middle_school_share_jain_female,Middle_school_share_muslim_female,Middle_school_share_sikh_female
INDIA,age_10_13,00,31.2187,29.911,31.753,20.1484,38.2017,32.2122,1.8778,0.5756,2.7544,1.0465,2.3186,0.5192,5.002,7.8626,9.1712,2.5401,15.2837,6.3194,94.998,92.1374,90.8288,97.4599,84.7163,93.6806,8.3449,11.0273,10.3152,13.7193,8.6126,8.7927
INDIA,age_14_17,00,4.086,6.399,5.0771,0.8092,8.8292,3.0164,16.9607,7.5265,21.0571,9.4042,22.1106,7.6595,4.9591,6.8928,10.3335,1.7887,17.0667,7.0512,95.0409,93.1072,89.6665,98.2113,82.9333,92.9488,43.9989,40.4396,40.1975,39.9602,36.2662,39.2494
INDIA,age_18_21,00,4.3706,5.3031,4.9239,0.8226,8.4651,1.9323,42.2008,33.3372,43.2743,38.258,45.1655,46.2517,6.7801,9.4682,15.9494,1.9104,22.4018,8.6841,93.2199,90.5318,84.0506,98.0896,77.5982,91.3159,18.4437,15.5997,18.3959,4.6533,19.52,13.3747
INDIA,age_below10,00,95.3897,93.8607,94.0664,94.8019,93.6382,95.0401,2.1481,1.2252,2.0751,1.6604,1.8192,0.8973,72.7991,74.2148,74.0119,71.055,76.7978,72.6962,27.2009,25.7852,25.9881,28.945,23.2022,27.3038,0.0,0.0,0.0,0.0,0.0,0.0
Jammu & Kashmir,age_10_13,01,39.442,35.1798,28.3998,20.0,29.3139,24.3016,1.3093,1.0915,1.3979,0.657,1.2589,0.8189,6.8875,11.4458,7.2572,8.5366,17.7206,3.5076,93.1125,88.5542,92.7428,91.4634,82.2794,96.4924,7.5761,8.8435,9.7633,12.0,10.5342,11.4103
Jammu & Kashmir,age_14_17,01,3.8081,4.1958,2.0106,0.0,2.3474,0.7875,6.5215,12.2962,13.4342,2.8909,10.9332,8.4506,5.1657,10.4651,8.5049,6.9444,18.6874,2.4956,94.8343,89.5349,91.4951,93.0556,81.3126,97.5044,44.5891,44.2557,46.3589,29.8507,47.9625,42.9199
Jammu & Kashmir,age_18_21,01,3.6716,3.6247,1.3839,0.0,2.1327,0.5357,30.8211,38.6709,41.1598,40.2102,39.3232,38.3778,8.7483,14.4161,11.5282,4.7619,26.288,1.9895,91.2517,85.5839,88.4718,95.2381,73.712,98.0105,21.2647,25.5864,22.3914,15.0,25.8341,9.7547
Jammu & Kashmir,age_below10,01,94.6911,96.5167,95.6641,90.4762,93.3409,94.877,1.8402,1.1191,1.0322,0.3942,1.3288,1.0632,75.5017,76.2496,74.1316,73.0769,79.6899,70.87,24.4983,23.7504,25.8684,26.9231,20.3101,29.13,0.0,0.0,0.0,0.0,0.0,0.0
Himachal Pradesh,age_10_13,02,32.4419,26.5033,20.0635,15.7895,32.6678,24.1061,0.4235,1.2999,1.5399,0.3731,1.7111,0.7439,2.3368,4.0598,2.9221,3.3898,15.0196,1.96,97.6632,95.9402,97.0779,96.6102,84.9804,98.04,7.741,11.3586,11.195,10.5263,6.711,11.188
Himachal Pradesh,age_14_17,02,3.1866,2.4194,1.1713,0.0,5.25,0.9947,7.3776,10.8945,14.3507,2.7985,18.3475,8.6375,2.1536,7.4627,2.2372,0.0,16.2888,1.539,97.8464,92.5373,97.7628,100.0,83.7112,98.461,42.7727,46.7742,45.3418,44.4444,36.25,44.405
Himachal Pradesh,age_18_21,02,3.8516,3.2432,1.2684,0.0,4.7535,0.9548,33.3673,40.0805,44.9486,40.4851,50.9532,43.0017,3.3103,9.3137,3.0809,0.0,22.5894,1.5664,96.6897,90.6863,96.9191,100.0,77.4106,98.4336,16.0485,20.0,11.7159,5.5556,17.2095,8.3386
Himachal Pradesh,age_below10,02,96.3998,96.2329,94.9265,95.2381,96.0959,95.9602,0.6582,0.9285,1.0929,1.4925,1.2447,0.8694,68.6515,70.8292,71.2643,69.7842,76.9744,70.2972,31.3485,29.1708,28.7357,30.2158,23.0256,29.7028,0.0,0.0,0.0,0.0,0.0,0.0
Punjab,age_10_13,03,26.4545,38.6505,31.7643,22.3284,40.0747,32.4661,0.7246,0.4645,0.8689,0.233,1.3412,0.4031,4.6794,10.904,8.6771,2.6227,18.2663,6.4289,95.3206,89.096,91.3229,97.3773,81.7337,93.5711,9.5455,6.9544,9.4377,10.3388,6.312,8.2768
Punjab,age_14_17,03,1.1997,4.9704,3.0224,0.7955,5.7394,2.8617,7.6965,7.1892,9.2111,3.326,13.6202,6.8654,3.8715,14.6869,8.3081,2.179,19.8071,7.2863,96.1285,85.3131,91.6919,97.821,80.1929,92.7137,44.7301,35.92,39.8106,40.0955,36.4355,39.2202
Punjab,age_18_21,03,1.5748,3.3395,1.7414,0.2899,3.6917,1.7143,43.4892,49.2434,43.6706,39.5523,49.1167,46.9337,5.0822,18.7252,10.0705,2.5424,23.5216,8.7743,94.9178,81.2748,89.9295,97.4576,76.4784,91.2257,18.2677,19.0926,13.9884,2.029,20.4914,13.2763
Punjab,age_below10,03,95.1429,94.2536,94.8025,96.0648,94.4077,95.0337,1.3395,0.8492,0.9728,0.8686,0.9513,0.8156,73.0146,74.0861,74.1535,69.5882,77.5615,72.6888,26.9854,25.9139,25.8465,30.4118,22.4385,27.3112,0.0,0.0,0.0,0.0,0.0,0.0
Chandigarh,age_10_13,04,26.6667,36.4017,38.8174,21.5686,44.1146,26.023,0.9009,0.84,2.2061,0.0,2.9123,0.4577,0.0,3.629,6.8579,0.0,6.4176,2.3416,100.0,96.371,93.1421,100.0,93.5824,97.6584,0.0,4.1841,6.4079,3.9216,5.2712,7.8645
Chandigarh,age_14_17,04,0.0,3.9216,4.3674,0.0,6.175,0.8952,7.2072,9.2818,17.0973,4.0584,24.1956,6.314,2.5641,3.0418,6.7432,0.0,8.3814,1.171,97.4359,96.9582,93.2568,100.0,91.6186,98.829,28.9474,39.6078,40.5093,46.2963,38.422,41.6798
Chandigarh,age_18_21,04,0.0,4.2683,2.1359,0.0,3.3333,0.396,36.036,29.0634,38.5151,29.7078,47.675,31.7493,2.381,6.2857,7.8052,0.0,12.9534,1.4057,97.619,93.7143,92.1948,100.0,87.0466,98.5943,2.439,17.6829,12.0942,0.0,22.5,5.8218
Chandigarh,age_below10,04,100.0,98.0892,97.0886,96.0,96.4952,97.8807,1.3514,0.672,1.0287,0.8117,0.7639,0.9155,76.0,73.6134,73.1649,75.4902,74.3888,70.9396,24.0,26.3866,26.8351,24.5098,25.6112,29.0604,0.0,0.0,0.0,0.0,0.0,0.0
Uttarakhand,age_10_13,05,27.9302,30.2362,30.1006,28.0851,48.2827,33.8341,0.5571,0.9865,2.133,0.316,1.4458,0.9313,4.2959,5.5762,4.1559,4.0816,14.899,6.4012,95.7041,94.4238,95.8441,95.9184,85.101,93.5988,13.7157,8.9764,10.612,10.6383,6.1908,10.2404
Uttarakhand,age_14_17,05,5.3375,2.3923,2.2165,0.4167,10.6613,3.7655,8.1128,9.9969,19.3265,5.0211,18.9564,10.2922,2.8963,4.2539,3.5033,4.7619,18.4167,5.5867,97.1037,95.7461,96.4967,95.2381,81.5833,94.4133,41.2873,40.7382,44.3967,37.5,31.1421,40.3228
Uttarakhand,age_18_21,05,3.2738,1.5175,1.3721,0.6452,7.4639,2.1763,30.2228,34.2215,44.5035,34.5506,52.7872,49.5905,1.4663,6.6572,5.3793,1.8987,25.1788,9.4366,98.5337,93.3428,94.6207,98.1013,74.8212,90.5634,9.8214,13.3536,21.7917,1.9355,22.2294,19.279
Uttarakhand,age_below10,05,95.9276,95.3046,95.0347,98.7179,94.5951,95.5097,0.6616,0.7627,0.8293,0.7374,0.6937,0.5726,68.917,72.6863,71.7699,70.3422,76.3819,72.1321,31.083,27.3137,28.2301,29.6578,23.6181,27.8679,0.0,0.0,0.0,0.0,0.0,0.0
Haryana,age_10_13,06,32.3944,33.1561,33.7527,21.3687,60.8903,34.0985,2.0224,1.0724,2.7667,0.3931,2.6711,0.6489,3.4014,8.2317,5.521,2.2526,32.3583,5.0153,96.5986,91.7683,94.479,97.7474,67.6417,94.9847,8.0986,9.8339,9.4488,15.433,3.2014,9.0985
Haryana,age_14_17,06,5.53,4.43,3.3075,0.5772,20.8555,4.0045,13.4646,11.2678,22.3298,6.1295,31.3632,9.5685,8.0508,9.1716,5.8746,1.2821,43.5227,6.1129,91.9492,90.8284,94.1254,98.7179,56.4773,93.8871,37.3272,39.0879,39.478,38.6724,21.6949,38.6483
Haryana,age_18_21,06,0.9709,4.2998,2.3671,0.0,13.1369,2.8748,41.6711,34.8685,44.2452,38.1096,46.4675,46.8124,8.8496,12.848,8.8293,1.9391,55.4566,8.4047,91.1504,87.152,91.1707,98.0609,44.5434,91.5953,9.7087,12.285,13.8493,3.3898,15.1927,12.5181
Haryana,age_below10,06,95.288,95.6522,96.1761,95.0051,95.6868,96.3154,1.8095,1.1606,1.3448,1.0687,1.6348,0.8604,75.7306,73.5632,73.125,72.4206,82.2334,72.835,24.2694,26.4368,26.875,27.5794,17.7666,27.165,0.0,0.0,0.0,0.0,0.0,0.0
NCT of Delhi,age_10_13,07,28.7796,29.9076,31.9423,22.9425,38.8036,27.6108,2.2268,0.6245,2.3096,0.2958,2.4686,0.5637,3.1746,3.3754,4.3891,1.5679,8.2853,2.9239,96.8254,96.6246,95.6109,98.4321,91.7147,97.0761,9.2896,7.9108,9.2743,9.3363,8.0138,9.471
NCT of Delhi,age_14_17,07,2.7687,1.7754,2.5099,0.3992,5.3937,1.6517,14.4017,6.3411,17.8388,5.6247,23.5624,7.1562,4.6584,3.2424,4.0349,0.6678,9.5242,2.5975,95.3416,96.7576,95.9651,99.3322,90.4758,97.4025,40.8795,44.2299,43.674,43.2563,40.5198,42.2204
NCT of Delhi,age_18_21,07,2.9326,2.5456,1.6692,0.3503,3.7364,1.1766,33.7149,21.9545,37.979,35.1251,41.8937,33.5177,2.849,5.2556,5.7459,0.8873,13.744,3.3249,97.151,94.7444,94.2541,99.1127,86.256,96.6751,9.3842,9.6125,13.3449,2.0241,20.6238,7.3538
NCT of Delhi,age_below10,07,92.562,96.5763,95.9319,97.0845,95.6309,96.6089,1.769,1.5051,1.9095,1.2916,1.8025,1.3698,71.4847,70.4438,72.7199,70.5546,74.2283,71.7514,28.5153,29.5562,27.2801,29.4454,25.7717,28.2486,0.0,0.0,0.0,0.0,0.0,0.0
Rajasthan,age_10_13,08,32.4701,31.115,36.9882,18.3044,48.6779,34.462,5.7327,2.1076,6.6498,1.694,5.546,1.1379,5.9925,11.114,13.8847,2.4564,21.9322,7.2118,94.0075,88.886,86.1153,97.5436,78.0678,92.7882,9.9602,10.9479,9.3057,17.7193,5.889,10.6865
Rajasthan,age_14_17,08,5.6645,4.774,7.8646,0.8001,14.8714,5.3412,27.6651,13.5903,27.7156,14.413,29.5409,16.1814,10.1761,12.6494,16.6741,1.6383,26.7035,9.0701,89.8239,87.3506,83.3259,98.3617,73.2965,90.9299,39.4336,40.5474,35.5621,38.341,27.0131,36.456
Rajasthan,age_18_21,08,4.1667,4.0241,6.9565,1.3594,12.1733,4.593,39.4203,36.1697,41.0545,40.6373,41.9205,50.4016,15.493,17.806,25.8495,1.4983,36.4324,13.1366,84.507,82.194,74.1505,98.5017,63.5676,86.8634,22.9167,13.8162,21.0629,5.8656,21.2087,20.0811
Rajasthan,age_below10,08,91.9786,93.4563,93.8221,92.6471,94.0938,94.1707,2.2544,1.71,3.4958,1.5465,2.8809,1.2027,71.4504,73.9384,76.0433,70.4657,79.1286,73.0785,28.5496,26.0616,23.9567,29.5343,20.8714,26.9215,0.0,0.0,0.0,0.0,0.0,0.0
Uttar Pradesh,age_10_13,09,37.8927,35.5016,36.8964,22.3209,46.1055,31.863,4.9788,2.2601,3.441,1.0259,2.3206,1.2905,10.7869,17.7995,11.2006,5.1133,24.0146,9.1406,89.2131,82.2005,88.7994,94.8867,75.9854,90.8594,9.1223,11.2938,9.7361,17.82,7.8405,12.69
Uttar Pradesh,age_14_17,09,4.3555,5.4877,4.2253,1.6122,10.1363,3.2821,24.4005,13.0658,22.0929,7.5878,17.8347,8.3906,10.425,17.8385,12.2885,4.6687,26.7932,8.4385,89.575,82.1615,87.7115,95.3313,73.2068,91.5615,40.0024,34.9315,39.067,36.1369,30.106,38.6589
Uttar Pradesh,age_18_21,09,2.4935,3.8645,2.3635,0.4838,6.4241,2.1048,44.5546,39.2845,47.765,40.4598,49.993,48.6643,16.7913,21.2495,18.9831,4.433,32.8624,10.3718,83.2087,78.7505,81.0169,95.567,67.1376,89.6282,24.1229,16.0027,21.3997,4.9801,20.5111,16.8559
Uttar Pradesh,age_below10,09,93.1498,90.8922,93.1612,91.6446,92.4143,93.2728,3.5182,1.8944,2.5544,1.3246,2.0465,1.5076,75.0255,76.1623,74.2946,72.0129,78.653,73.1835,24.9745,23.8377,25.7054,27.9871,21.347,26.8165,0.0,0.0,0.0,0.0,0.0,0.0
Bihar,age_10_13,10,34.5059,44.5018,45.8377,36.6959,52.6723,38.3897,2.5028,1.7365,2.324,1.5628,1.2937,1.6899,10.962,19.5722,18.0125,13.8539,24.0728,14.8957,89.038,80.4278,81.9875,86.1461,75.9272,85.1043,10.9715,8.5153,7.3833,10.5263,5.7972,10.5018
Bihar,age_14_17,10,4.3321,9.7305,8.3215,5.5846,14.8564,4.6053,27.6742,17.5209,25.0806,14.0848,18.8163,13.6744,10.6452,18.7348,20.8895,11.0248,27.8615,11.1111,89.3548,81.2652,79.1105,88.9752,72.1385,88.8889,44.8857,33.483,36.3415,31.7627,28.0157,39.7368
Bihar,age_18_21,10,2.1978,5.7831,7.1608,1.1278,13.1259,2.0772,49.6094,46.3961,52.3051,45.7121,56.0894,47.814,15.1515,28.6942,33.6951,15.016,39.4436,14.899,84.8485,71.3058,66.3049,84.984,60.5564,85.101,19.2308,13.9157,18.1563,8.6466,16.6419,11.8694
Bihar,age_below10,10,92.2554,91.9195,94.0655,91.8103,92.6796,92.9825,3.268,2.1013,2.1091,1.2112,1.9046,1.8295,76.0339,77.2889,77.3145,76.3747,80.1316,74.9781,23.9661,22.7111,22.6855,23.6253,19.8684,25.0219,0.0,0.0,0.0,0.0,0.0,0.0
Sikkim,age_10_13,11,39.1934,41.2261,41.6965,14.2857,51.2545,11.1111,0.7865,1.1973,1.7045,1.2987,4.3098,0.5525,4.1487,4.6218,5.5533,12.5,14.1538,10.0,95.8513,95.3782,94.4467,87.5,85.8462,90.0,7.5604,6.2775,6.6399,28.5714,3.5842,0.0
Sikkim,age_14_17,11,10.2698,14.4511,12.1055,0.0,11.0345,11.7647,14.2905,20.6407,19.9337,11.6883,29.4191,8.8398,3.5271,3.9799,5.4628,0.0,11.0429,5.5556,96.4729,96.0201,94.5372,100.0,88.9571,94.4444,36.3549,32.711,34.2501,33.3333,31.7241,41.1765
Sikkim,age_18_21,11,10.8942,13.065,10.9256,25.0,14.4828,0.0,33.126,32.5309,34.5705,37.6623,37.664,17.1271,4.1757,4.5822,6.5384,20.0,14.2012,0.0,95.8243,95.4178,93.4616,80.0,85.7988,100.0,25.7216,25.1412,25.6226,0.0,17.931,0.0
Sikkim,age_below10,11,93.6811,94.2875,94.488,100.0,95.1691,90.0,1.4014,1.3374,1.5504,0.0,1.9988,0.5525,68.3292,69.576,69.5648,75.0,74.5387,72.973,31.6708,30.424,30.4352,25.0,25.4613,27.027,0.0,0.0,0.0,0.0,0.0,0.0
Arunachal Pradesh,age_10_13,12,47.8366,45.1729,44.2196,39.3939,41.5385,33.3333,0.7976,1.2143,1.4687,0.9852,2.5513,0.3876,21.0949,21.6966,19.5769,31.25,23.2516,21.0526,78.9051,78.3034,80.4231,68.75,76.7484,78.9474,5.2831,7.2844,7.1444,12.1212,6.6272,10.0
Arunachal Pradesh,age_14_17,12,10.652,10.7551,10.0166,6.6667,9.5775,9.375,14.1362,13.959,15.9143,17.2414,18.4759,11.2403,21.6547,16.1417,18.1161,16.6667,22.4891,15.7895,78.3453,83.8583,81.8839,83.3333,77.5109,84.2105,35.978,34.3721,35.2204,36.6667,32.6761,40.625
Arunachal Pradesh,age_18_21,12,8.8602,6.5135,8.4792,6.6667,8.1006,6.25,44.1156,45.9971,45.7974,45.3202,41.2206,34.8837,34.6143,21.2074,26.0318,25.0,28.2565,15.7895,65.3857,78.7926,73.9682,75.0,71.7435,84.2105,28.228,25.7016,23.213,13.3333,17.8771,18.75
Arunachal Pradesh,age_below10,12,95.5304,93.4207,94.8022,100.0,92.2813,86.3636,0.8891,1.2343,1.2692,0.0,1.4674,0.7752,79.852,80.4337,78.4189,81.4815,80.264,79.0476,20.148,19.5663,21.5811,18.5185,19.736,20.9524,0.0,0.0,0.0,0.0,0.0,0.0
Nagaland,age_10_13,13,42.1053,36.7568,39.5864,18.6813,50.2949,25.0,0.8738,0.3491,1.7652,1.6438,2.9727,1.4493,17.5799,13.0837,12.5448,6.1856,42.2103,4.0,82.4201,86.9163,87.4552,93.8144,57.7897,96.0,3.6011,8.131,8.6624,14.2857,5.7287,8.3333
Nagaland,age_14_17,13,7.5949,7.7311,10.3198,4.6512,15.8784,0.0,10.1942,8.2402,18.2793,11.5068,26.2236,6.7633,12.7072,9.8864,11.991,7.5269,37.7715,14.2857,87.2928,90.1136,88.009,92.4731,62.2285,85.7143,40.8228,43.6075,43.2623,43.0233,36.8243,44.4444
Nagaland,age_18_21,13,4.0,6.6098,8.166,0.0,16.0677,0.0,28.6408,32.6361,38.0986,35.6164,37.4031,31.8841,17.2185,11.3616,14.9848,5.4054,43.3533,20.0,82.7815,88.6384,85.0152,94.5946,56.6467,80.0,21.6,27.3836,24.4087,11.4286,22.1987,25.0
Nagaland,age_below10,13,91.7949,93.7859,93.7649,84.8485,89.4796,93.75,1.7476,1.3847,2.0664,1.5068,2.548,0.4831,77.9661,76.4806,77.5906,69.3023,86.6767,79.4872,22.0339,23.5194,22.4094,30.6977,13.3233,20.5128,0.0,0.0,0.0,0.0,0.0,0.0
Manipur,age_10_13,14,30.2083,29.045,30.5162,17.4603,41.9365,15.7895,0.3934,0.5136,0.4397,1.2526,0.9724,0.9677,15.0442,18.4248,8.3417,5.9701,21.4778,5.0,84.9558,81.5752,91.6583,94.0299,78.5222,95.0,10.7639,13.6514,13.6155,20.6349,10.4892,13.1579
Manipur,age_14_17,14,6.8,4.6037,2.8188,0.0,7.9777,4.1667,10.0328,8.5018,8.7122,8.977,16.5271,4.8387,10.7143,13.2518,5.5273,9.8361,21.4598,7.6923,89.2857,86.7482,94.4727,90.1639,78.5402,92.3077,40.4,42.4989,49.3726,49.0909,43.2551,45.8333
Manipur,age_18_21,14,3.9474,3.2464,2.3853,0.0,5.3278,0.0,30.0328,31.3233,29.6312,38.4134,41.6993,36.4516,13.6364,16.7212,7.6252,12.9032,28.1278,15.7895,86.3636,83.2788,92.3748,87.0968,71.8722,84.2105,28.9474,24.8791,29.7775,22.2222,39.5532,25.0
Manipur,age_below10,14,91.6129,88.566,91.8875,93.3333,92.6187,84.6154,1.377,0.7934,1.0433,0.8351,1.1646,1.9355,77.8887,78.3512,76.2456,78.1022,79.1516,77.3913,22.1113,21.6488,23.7544,21.8978,20.8484,22.6087,0.0,0.0,0.0,0.0,0.0,0.0
Mizoram,age_10_13,15,69.1848,28.2445,33.3333,46.6667,51.2748,20.0,1.166,0.1626,0.618,3.3333,1.6956,0.0,40.8685,2.5474,6.7052,25.0,23.9224,0.0,59.1315,97.4526,93.2948,75.0,76.0776,100.0,2.7407,11.8948,11.6481,6.6667,8.7819,0.0
Mizoram,age_14_17,15,36.8891,5.2504,10.5556,6.25,23.8434,,18.7315,6.152,11.9817,6.6667,22.0024,6.25,48.3862,1.5133,7.3359,11.1111,25.0667,100.0,51.6138,98.4867,92.6641,88.8889,74.9333,0.0,22.6484,51.1649,44.3056,43.75,36.6548,
Mizoram,age_18_21,15,34.214,6.3822,8.2011,28.5714,20.0,0.0,51.4552,34.5195,38.9753,45.0,38.9584,46.875,63.2881,2.2904,9.7852,30.0,32.7731,25.0,36.7119,97.7096,90.2148,70.0,67.2269,75.0,21.7966,26.1467,17.4603,28.5714,23.75,0.0
Mizoram,age_below10,15,97.663,94.4168,92.9795,100.0,95.4819,100.0,1.3165,0.5689,0.7974,6.6667,0.8882,0.0,85.8451,73.1779,75.1489,76.0,79.6319,72.0,14.1549,26.8221,24.8511,24.0,20.3681,28.0,0.0,0.0,0.0,0.0,0.0,0.0
Tripura,age_10_13,16,48.8145,35.9663,33.8519,34.4828,39.0103,31.25,0.9345,0.9315,1.6448,2.0661,3.6832,0.5952,7.9627,5.2126,4.1315,3.3333,2.5101,11.1111,92.0373,94.7874,95.8685,96.6667,97.4899,88.8889,3.0588,6.8133,5.6291,10.3448,3.5001,12.5
Tripura,age_14_17,16,17.239,7.6082,7.1787,6.6667,8.6348,25.0,19.655,14.0189,19.8294,15.7025,30.6921,11.9048,12.0242,5.5479,4.8161,11.7647,3.2817,4.7619,87.9758,94.4521,95.1839,88.2353,96.7183,95.2381,36.1035,46.8299,48.7501,46.6667,42.2968,45.0
Tripura,age_18_21,16,22.518,10.365,10.5152,5.5556,15.1308,0.0,45.5392,47.919,37.9601,41.7355,34.9792,46.4286,18.1818,8.103,7.3628,14.2857,5.9255,0.0,81.8182,91.897,92.6372,85.7143,94.0745,100.0,29.6578,30.5109,30.5198,27.7778,30.4669,20.0
Tripura,age_below10,16,97.3145,94.5338,96.9313,100.0,97.1808,89.4737,1.0487,0.9635,0.9967,1.6529,1.1468,0.5952,74.4428,72.4262,72.3135,69.3548,72.0308,69.3548,25.5572,27.5738,27.6865,30.6452,27.9692,30.6452,0.0,0.0,0.0,0.0,0.0,0.0
Meghalaya,age_10_13,17,52.5667,52.5913,43.0557,53.3333,56.8029,38.7931,1.1508,0.7313,1.2196,1.3605,2.9941,0.534,17.7365,12.024,11.9904,6.25,26.7962,7.2,82.2635,87.976,88.0096,93.75,73.2038,92.8,5.5441,5.9603,8.1479,13.3333,4.6757,9.4828
Meghalaya,age_14_17,17,14.1711,17.8907,11.9443,10.5263,16.1449,12.3967,8.9643,8.9507,12.2857,10.8844,28.1012,9.8798,12.0,8.0378,11.5754,5.0,27.5195,6.2016,88.0,91.9622,88.4246,95.0,72.4805,93.7984,39.0374,33.0858,41.0483,36.8421,34.4997,40.4959
Meghalaya,age_18_21,17,7.7465,16.3942,10.3879,11.1111,13.8129,7.6923,35.4936,40.2015,37.2375,39.4558,37.6591,42.8571,13.4146,11.3138,16.22,18.1818,37.5844,8.4507,86.5854,88.6862,83.78,81.8182,62.4156,91.5493,30.9859,26.1857,25.4459,11.1111,26.098,40.0
Meghalaya,age_below10,17,89.2989,93.021,92.8322,100.0,92.9475,94.2308,1.1508,1.4716,1.4986,1.3605,2.9397,0.534,82.1004,80.4722,76.0199,77.193,83.0347,76.7857,17.8996,19.5278,23.9801,22.807,16.9653,23.2143,0.0,0.0,0.0,0.0,0.0,0.0
Assam,age_10_13,18,30.1217,39.6564,27.0171,17.6796,37.4201,23.3696,0.7147,0.6765,0.7817,1.2132,1.4558,0.6468,10.445,15.337,9.7155,4.4855,15.4971,5.641,89.555,84.663,90.2845,95.5145,84.5029,94.359,11.359,7.703,12.9192,14.5028,7.6996,15.2174
Assam,age_14_17,18,5.2499,10.8237,6.441,1.2802,10.1532,3.3929,11.6685,11.7735,12.6929,11.2094,22.5957,8.224,10.7256,16.7498,10.8439,2.0891,16.0109,3.4483,89.2744,83.2502,89.1561,97.9109,83.9891,96.5517,54.0636,43.2926,51.6987,49.2176,45.9117,48.0357
Assam,age_18_21,18,7.0466,11.0923,7.3173,2.122,14.0549,3.5714,39.1905,41.5818,39.0552,39.6942,46.4052,36.1116,12.3524,23.6143,15.3828,4.0712,26.7039,4.9608,87.6476,76.3857,84.6172,95.9288,73.2961,95.0392,32.3316,32.8763,28.1441,4.5093,27.3545,17.3077
Assam,age_below10,18,92.9114,93.6518,92.7689,89.7959,94.411,93.8838,1.45,1.6456,1.5181,1.289,1.957,1.1273,73.4899,76.4869,73.3085,72.2065,78.2753,73.1747,26.5101,23.5131,26.6915,27.7935,21.7247,26.8253,0.0,0.0,0.0,0.0,0.0,0.0
West Bengal,age_10_13,19,27.8119,38.3637,26.4929,19.8455,36.3826,24.1007,0.8443,1.4348,2.6143,1.217,4.1346,1.2519,3.1932,6.8218,5.9487,3.1088,9.2514,4.248,96.8068,93.1782,94.0513,96.8912,90.7486,95.752,11.8213,8.5847,12.5784,15.3892,8.2746,11.8106
West Bengal,age_14_17,19,6.0817,11.077,8.0199,2.1352,11.8253,3.3277,14.261,17.556,26.7788,11.2985,35.1877,13.718,3.688,8.5712,7.5571,2.487,10.9983,4.882,96.312,91.4288,92.4429,97.513,89.0017,95.118,46.4205,41.5951,46.0585,45.0771,41.2224,46.5877
West Bengal,age_18_21,19,7.6427,12.5918,11.3194,3.8418,16.2384,5.0428,35.1597,36.9013,35.882,36.4429,36.173,36.2421,5.5357,13.6595,11.8394,3.8043,16.8474,5.4005,94.4643,86.3405,88.1606,96.1957,83.1526,94.5995,24.8056,27.137,22.8617,10.1695,24.8172,13.7012
West Bengal,age_below10,19,92.1265,94.6519,92.898,93.0968,94.2316,89.4834,1.0064,0.9674,1.1663,1.0571,1.1719,1.1667,67.9839,71.2604,71.3293,69.6007,74.3025,71.556,32.0161,28.7396,28.6707,30.3993,25.6975,28.444,0.0,0.0,0.0,0.0,0.0,0.0
Jharkhand,age_10_13,20,40.5063,45.0437,41.2259,30.4668,46.2203,31.3065,1.7801,0.6777,2.9472,1.3623,2.5675,1.0079,11.9777,10.1492,10.5653,5.3488,12.4185,3.8183,88.0223,89.8508,89.4347,94.6512,87.5815,96.1817,5.6962,6.7149,7.1125,12.5307,6.732,9.397
Jharkhand,age_14_17,20,5.6818,7.3675,6.1705,0.4338,9.8262,2.2202,18.7435,9.4243,29.3409,12.0193,30.9719,11.5158,6.7138,9.7449,13.8311,3.9583,16.1065,2.6126,93.2862,90.2551,86.1689,96.0417,83.8935,97.3874,35.9848,36.4352,38.6983,45.1193,33.1269,41.1193
Jharkhand,age_18_21,20,4.878,5.562,6.3917,1.3636,11.1613,0.9213,35.9686,39.8455,42.1708,40.8921,43.9828,39.7867,10.219,15.2738,25.9053,7.9498,28.6459,3.163,89.781,84.7262,74.0947,92.0502,71.3541,96.837,16.2602,19.8043,18.0363,7.2727,16.5794,10.9715
Jharkhand,age_below10,20,93.2692,94.552,95.6633,93.871,95.4922,95.094,1.9895,1.3396,1.7587,1.0108,1.5719,1.0177,75.2675,76.51,75.2566,69.9321,76.7695,72.1919,24.7325,23.49,24.7434,30.0679,23.2305,27.8081,0.0,0.0,0.0,0.0,0.0,0.0
Odisha,age_10_13,21,19.5029,34.7826,24.8471,20.9302,26.4272,27.8481,1.1918,0.5712,0.9148,0.7339,1.2698,0.5553,8.2456,14.5573,9.2126,3.2154,6.8613,5.8122,91.7544,85.4427,90.7874,96.7846,93.1387,94.1878,13.1931,7.6403,11.853,13.289,12.4057,10.6013
Odisha,age_14_17,21,4.4061,7.2042,5.669,1.0453,5.8811,2.7182,20.2871,12.9438,17.8666,11.5963,18.1924,10.0879,4.918,19.138,12.1588,4.3333,8.8207,2.7816,95.082,80.862,87.8412,95.6667,91.1793,97.2184,44.8276,43.3351,44.771,43.554,44.4543,42.7754
Odisha,age_18_21,21,7.5117,8.0624,7.1375,2.8777,6.7003,1.897,41.3868,45.1616,45.4429,41.9083,44.7641,38.6087,14.8,28.4343,17.9597,4.1379,12.2554,6.3452,85.2,71.5657,82.0403,95.8621,87.7446,93.6548,18.3099,25.0876,26.7764,7.1942,29.5772,14.6341
Odisha,age_below10,21,94.1748,95.1489,95.0177,95.3846,94.2514,94.6565,1.4085,0.7761,0.9295,1.1009,0.913,1.2186,74.7549,75.4733,73.949,71.9828,73.227,72.8028,25.2451,24.5267,26.051,28.0172,26.773,27.1972,0.0,0.0,0.0,0.0,0.0,0.0
Chhattisgarh,age_10_13,22,27.7404,35.8092,41.2901,21.6971,33.3063,28.8191,1.4148,0.7706,3.6584,0.9124,2.1232,0.8336,2.357,3.8592,7.5189,1.4815,4.3624,1.6136,97.643,96.1408,92.4811,98.5185,95.6376,98.3864,8.7851,5.7379,4.1288,10.58,8.6772,8.8566
Chhattisgarh,age_14_17,22,1.49,3.1282,6.3576,0.3173,3.7429,1.9483,14.8907,10.9977,25.7542,9.6012,19.8702,9.8873,2.0434,4.482,10.25,0.6828,4.7219,2.172,97.9566,95.518,89.75,99.3172,95.2781,97.828,48.5739,48.5701,44.8276,42.4643,44.7227,44.0417
Chhattisgarh,age_18_21,22,1.6484,2.8453,6.7654,0.6289,3.5968,1.5018,38.7527,43.3764,42.6641,37.7019,42.4427,39.9778,2.6738,7.5291,15.7031,1.1399,6.9471,1.5652,97.3262,92.4709,84.2969,98.8601,93.0529,98.4348,23.8619,27.5529,30.7073,2.7254,26.8203,10.7774
Chhattisgarh,age_below10,22,97.4409,97.014,97.5861,96.9478,95.7389,96.5339,1.0031,1.3745,1.8225,0.8319,1.0862,0.9203,71.4071,72.3869,74.858,70.5395,73.8603,71.0009,28.5929,27.6131,25.142,29.4605,26.1397,28.9991,0.0,0.0,0.0,0.0,0.0,0.0
Madhya Pradesh,age_10_13,23,27.3788,33.5833,36.9819,19.1652,37.718,30.6285,2.6356,1.3586,4.39,1.372,2.5492,1.0872,3.8556,9.9716,8.7433,2.1519,8.3232,6.0655,96.1444,90.0284,91.2567,97.8481,91.6768,93.9345,8.7009,7.5506,5.8466,13.886,7.1566,10.3099
Madhya Pradesh,age_14_17,23,3.8207,4.4916,7.0739,0.9817,7.9567,4.2136,19.5302,12.8511,28.3104,12.4475,23.2659,11.2706,4.535,11.8519,11.9483,1.2067,10.2973,6.2207,95.465,88.1481,88.0517,98.7933,89.7027,93.7793,47.3383,40.9802,42.1938,40.3059,38.6392,40.1544
Madhya Pradesh,age_18_21,23,3.5686,4.2207,6.3747,0.4401,6.7165,3.1746,42.5644,35.4709,43.6132,38.651,45.8329,43.155,7.0034,15.0059,21.2283,1.0733,15.1355,8.6957,92.9966,84.9941,78.7717,98.9267,84.8645,91.3043,26.3448,15.0069,29.5146,5.9468,27.5178,14.9369
Madhya Pradesh,age_below10,23,94.8586,95.9941,95.6917,95.1205,95.0632,95.2381,1.2824,1.4516,1.9243,1.1431,1.4173,1.1307,71.4036,74.5693,74.0424,71.2316,74.3946,73.5787,28.5964,25.4307,25.9576,28.7684,25.6054,26.4213,0.0,0.0,0.0,0.0,0.0,0.0
Gujarat,age_10_13,24,29.8959,21.4266,25.1159,15.8612,27.086,26.3127,2.5425,0.9131,1.6532,0.5231,1.0949,1.2579,7.6049,4.9662,7.1421,1.692,7.2072,9.4067,92.3951,95.0338,92.8579,98.308,92.7928,90.5933,10.0284,12.7699,10.5102,17.2449,8.8127,11.4454
Gujarat,age_14_17,24,8.0367,4.1073,7.3546,0.6217,7.9551,5.8313,15.8172,7.3843,12.9933,3.8314,11.4497,8.6752,10.483,5.9824,9.2962,1.2028,8.7316,8.6168,89.517,94.0176,90.7038,98.7972,91.2684,91.3832,34.3284,40.083,34.5457,37.3332,31.1902,36.4144
Gujarat,age_18_21,24,7.7869,5.2798,8.1813,0.7506,8.5012,6.0024,44.007,42.3444,51.5042,35.1847,52.0959,42.3658,10.6227,8.5945,13.8523,1.0173,11.8953,13.3195,89.3773,91.4055,86.1477,98.9827,88.1047,86.6805,18.6475,12.2634,15.7424,3.4411,17.1493,11.5246
Gujarat,age_below10,24,93.1343,93.3726,94.0316,94.1087,93.9631,95.0192,3.14,2.2585,2.4273,1.4086,2.1396,1.8776,75.4038,70.7371,73.3154,70.2524,73.72,75.0954,24.5962,29.2629,26.6846,29.7476,26.28,24.9046,0.0,0.0,0.0,0.0,0.0,0.0
Daman & Diu,age_10_13,25,12.5,18.9189,22.1686,0.0,37.8284,25.0,1.7241,0.1105,1.3445,2.2222,0.9903,2.1277,0.0,2.6316,3.5493,0.0,5.6198,0.0,100.0,97.3684,96.4507,100.0,94.3802,100.0,12.5,8.1081,13.612,25.0,6.655,25.0
Daman & Diu,age_14_17,25,0.0,0.0,2.6347,10.0,4.8936,0.0,6.8966,3.0939,14.5818,4.4444,15.485,6.383,16.6667,3.3898,3.7385,0.0,7.1146,25.0,83.3333,96.6102,96.2615,100.0,92.8854,75.0,20.0,43.8596,42.74,30.0,40.0,0.0
Daman & Diu,age_18_21,25,0.0,3.0303,3.8999,0.0,7.1672,0.0,55.1724,23.2044,48.379,36.6667,46.7027,38.2979,0.0,2.9412,7.2634,0.0,6.0897,0.0,100.0,97.0588,92.7366,100.0,93.9103,100.0,0.0,6.0606,15.4046,0.0,20.8191,0.0
Daman & Diu,age_below10,25,100.0,95.5556,94.6349,100.0,95.9427,100.0,6.8966,0.5525,1.3486,0.0,1.1929,2.1277,81.8182,71.519,74.7491,57.1429,74.2471,85.7143,18.1818,28.481,25.2509,42.8571,25.7529,14.2857,0.0,0.0,0.0,0.0,0.0,0.0
Dadra & Nagar Haveli,age_10_13,26,31.25,30.4878,29.2741,14.7059,27.8729,33.3333,0.5917,0.6939,1.1867,0.8523,1.2061,2.1739,0.0,2.7668,6.157,0.0,3.9906,25.0,100.0,97.2332,93.843,100.0,96.0094,75.0,18.75,5.2846,7.727,17.6471,8.313,33.3333
Dadra & Nagar Haveli,age_14_17,26,0.0,7.6233,11.0024,0.0,6.2827,0.0,22.4852,13.6469,17.3261,5.1136,17.5949,4.3478,0.0,8.2305,13.54,9.375,4.5,0.0,100.0,91.7695,86.46,90.625,95.5,100.0,50.0,45.7399,40.9788,31.0345,38.2199,28.5714
Dadra & Nagar Haveli,age_18_21,26,0.0,14.7727,10.9312,0.0,5.8824,33.3333,49.1124,37.0085,49.6292,42.3295,50.5144,41.3043,14.2857,19.2661,22.9028,7.6923,11.3744,0.0,85.7143,80.7339,77.0972,92.3077,88.6256,100.0,33.3333,12.5,20.1923,0.0,17.1123,0.0
Dadra & Nagar Haveli,age_below10,26,100.0,94.7368,94.9478,84.6154,90.9408,100.0,2.3669,1.9275,2.8274,2.2727,2.5186,0.0,77.9221,63.3205,73.1529,69.7674,76.6856,60.0,22.0779,36.6795,26.8471,30.2326,23.3144,40.0,0.0,0.0,0.0,0.0,0.0,0.0
Maharashtra,age_10_13,27,29.6686,22.8216,31.2368,20.9493,30.5525,26.5352,1.9104,0.6404,1.8991,0.8673,1.72,1.0869,3.3758,3.5777,5.079,2.3854,5.2326,5.0023,96.6242,96.4223,94.921,97.6146,94.7674,94.9977,8.3275,11.3422,7.9189,11.3265,9.4891,10.5154
Maharashtra,age_14_17,27,3.1194,1.7628,4.1544,0.6381,4.8811,3.1361,17.2158,5.2143,17.9975,8.0271,18.3763,9.0115,3.3901,3.0551,5.1638,1.6739,5.1871,4.9671,96.6099,96.9449,94.8362,98.3261,94.8129,95.0329,44.7598,41.9394,42.6681,40.7721,39.6819,39.643
Maharashtra,age_18_21,27,3.5339,2.0911,4.5984,0.7035,5.1658,3.0409,42.8505,25.3905,44.3385,37.0462,45.9843,36.7206,4.3805,3.6806,7.2268,1.7471,6.9116,5.7592,95.6195,96.3194,92.7732,98.2529,93.0884,94.2408,17.0997,7.379,14.9927,3.643,18.4763,7.6023
Maharashtra,age_below10,27,95.7103,95.1961,95.7022,96.0931,94.4527,94.563,2.2965,2.0371,2.4997,2.0098,2.1439,1.9571,72.2852,71.4201,73.2157,71.2228,73.8627,73.2391,27.7148,28.5799,26.7843,28.7772,26.1373,26.7609,0.0,0.0,0.0,0.0,0.0,0.0
Andhra Pradesh,age_10_13,28,21.0646,18.9302,19.1773,14.9091,21.4591,20.6751,3.7146,3.11,4.3498,1.048,2.6453,3.1873,8.8072,5.776,6.4346,4.4586,7.2016,14.2547,91.1928,94.224,93.5654,95.5414,92.7984,85.7453,13.2319,17.5936,16.5543,20.1818,15.8634,17.2996
Andhra Pradesh,age_14_17,28,2.0701,2.1672,2.4122,1.0322,2.8955,3.4387,19.5828,20.2793,26.149,9.9901,21.7801,16.2749,10.3498,6.3295,8.1867,3.2315,8.2713,12.3064,89.6502,93.6705,91.8133,96.7685,91.7287,87.6936,30.6529,34.163,34.9021,32.6047,31.4667,32.4349
Andhra Pradesh,age_18_21,28,3.7855,2.6252,3.1575,2.1459,2.8171,3.6332,40.28,32.0413,36.0669,39.6689,39.6859,35.3187,14.0921,10.6486,14.523,4.6059,12.0988,19.3863,85.9079,89.3514,85.477,95.3941,87.9012,80.6137,8.5174,6.5848,7.8129,3.8627,8.1667,7.7855
Andhra Pradesh,age_below10,28,90.0531,90.6056,91.7318,90.6654,89.6528,90.2778,2.5526,2.1854,2.6557,2.0092,2.1466,2.1991,76.0407,72.3283,72.2793,74.0216,73.1926,76.2091,23.9593,27.6717,27.7207,25.9784,26.8074,23.7909,0.0,0.0,0.0,0.0,0.0,0.0
Karnataka,age_10_13,29,27.8786,23.11,26.2915,25.0,26.7344,24.7718,2.3147,0.5659,1.8551,1.5728,1.6029,1.06,8.5514,3.1359,5.5491,2.4439,4.6118,7.2551,91.4486,96.8641,94.4509,97.5561,95.3882,92.7449,11.4096,11.4343,9.6637,8.7017,10.4482,13.2986
Karnataka,age_14_17,29,4.5908,0.9649,2.7699,0.654,2.8978,2.7624,14.8338,5.7873,14.8197,13.6242,16.4861,9.5913,8.1296,2.6833,6.8607,1.7868,5.7164,7.6531,91.8704,97.3167,93.1393,98.2132,94.2836,92.3469,42.648,41.7515,42.5337,43.9934,40.0684,37.9834
Karnataka,age_18_21,29,3.4225,1.1168,3.6422,0.8309,3.8229,2.3866,37.8681,29.7379,42.4831,42.1567,45.6147,37.7522,13.1821,3.4706,11.1123,2.6499,9.0352,7.7093,86.8179,96.5294,88.8877,97.3501,90.9648,92.2907,12.1344,5.3205,11.0794,6.2464,13.143,6.9212
Karnataka,age_below10,29,94.4503,95.3796,95.5277,96.7746,94.7287,93.7276,2.1796,1.7189,2.5605,2.4203,2.6413,1.9668,73.4131,71.6626,73.1426,70.9739,72.8622,74.7626,26.5869,28.3374,26.8574,29.0261,27.1378,25.2374,0.0,0.0,0.0,0.0,0.0,0.0
Goa,age_10_13,30,41.3793,24.8954,28.1509,33.3333,33.5,32.1429,0.9231,0.2317,0.8866,0.5797,1.8498,0.7895,3.3333,2.3929,3.1672,4.5455,4.1394,0.0,96.6667,97.6071,96.8328,95.4545,95.8606,100.0,3.4483,8.9406,7.4373,14.2857,6.8409,14.2857
Goa,age_14_17,30,0.0,1.0047,2.112,3.3333,5.0103,2.2727,6.7692,1.623,5.7135,8.6957,14.3154,6.0526,4.1667,1.8819,2.6798,3.2258,4.2323,2.2222,95.8333,98.1181,97.3202,96.7742,95.7677,97.7778,39.1304,39.6387,40.1696,30.0,38.2066,27.2727
Goa,age_18_21,30,0.0,2.1727,3.2084,0.0,4.4603,0.0,22.7692,15.3719,23.7161,31.0145,37.8982,33.9474,0.0,2.2651,4.0767,0.0,6.1925,10.5263,100.0,97.7349,95.9233,100.0,93.8075,89.4737,16.6667,8.872,15.3292,0.0,16.5031,5.8824
Goa,age_below10,30,95.8333,95.9216,94.9762,100.0,93.1359,100.0,1.2308,1.3831,1.9603,2.8986,2.5836,2.8947,66.6667,70.4245,72.8593,77.9221,74.9367,70.7547,33.3333,29.5755,27.1407,22.0779,25.0633,29.2453,0.0,0.0,0.0,0.0,0.0,0.0
Lakshadweep,age_10_13,31,,0.0,0.0,,25.1605,,,0.0,0.0,0.0,1.3976,0.0,,0.0,0.0,,2.6943,,,100.0,100.0,,97.3057,,,0.0,0.0,,3.5313,
Lakshadweep,age_14_17,31,,0.0,0.0,0.0,1.881,,,0.0,6.2992,0.0,15.0008,0.0,,0.0,0.0,0.0,1.2953,,,100.0,100.0,100.0,98.7047,,,0.0,46.1538,100.0,48.4689,
Lakshadweep,age_18_21,31,,0.0,0.0,,2.2352,,,18.1818,34.6457,0.0,40.2584,0.0,,0.0,0.0,,1.9066,,,100.0,100.0,,98.0934,,,0.0,0.0,,14.6744,
Lakshadweep,age_below10,31,100.0,100.0,100.0,100.0,96.9902,100.0,,0.0,0.7874,0.0,1.1972,0.0,0.0,50.0,58.3333,50.0,73.4889,0.0,100.0,50.0,41.6667,50.0,26.5111,100.0,0.0,0.0,0.0,0.0,0.0,0.0
Kerala,age_10_13,32,30.198,21.9228,20.2505,22.2222,24.5232,20.6897,0.2606,0.0838,0.3021,0.2642,1.4923,0.2092,1.4634,1.0799,1.2308,2.5,1.2536,1.6949,98.5366,98.9201,98.7692,97.5,98.7464,98.3051,8.9109,9.9189,11.7342,9.4017,9.7009,15.5172
Kerala,age_14_17,32,8.0745,6.1521,6.3256,7.0312,5.8372,5.4545,5.2997,3.0661,6.5577,4.8217,24.8928,5.0209,1.227,0.7521,0.8448,0.0,0.757,0.9009,98.773,99.2479,99.1552,100.0,99.243,99.0991,45.9627,43.5066,42.1666,39.0625,44.5214,47.2727
Kerala,age_18_21,32,3.1746,3.5116,3.0429,3.1746,4.8737,5.5556,26.3249,28.2867,33.5244,31.3078,41.413,30.6485,0.0,0.743,1.0103,0.0,0.6855,1.8182,100.0,99.257,98.9897,100.0,99.3145,98.1818,6.3492,2.364,4.4505,6.3492,7.0806,1.8519
Kerala,age_below10,32,99.3377,96.5392,96.0422,91.8605,96.6384,97.1014,0.8688,0.9032,0.9967,0.9908,1.5815,1.2552,73.4622,69.3927,70.5609,69.395,72.7881,76.9231,26.5378,30.6073,29.4391,30.605,27.2119,23.0769,0.0,0.0,0.0,0.0,0.0,0.0
Tamil Nadu,age_10_13,33,10.7735,10.5445,10.5919,10.7892,12.4477,12.6649,0.4407,0.2866,0.9051,0.6051,1.0633,0.6953,1.3624,1.7661,2.3866,1.7235,2.4458,2.3196,98.6376,98.2339,97.6134,98.2765,97.5542,97.6804,20.1657,21.6065,21.3566,21.3496,20.1782,24.2744
Tamil Nadu,age_14_17,33,0.5277,0.5341,0.7697,0.5333,1.0202,0.8451,9.0508,5.8541,14.6792,8.977,16.6088,10.3812,1.5584,1.3062,2.3519,1.7222,2.1695,2.7397,98.4416,98.6938,97.6481,98.2778,97.8305,97.2603,34.8285,37.1138,39.0207,34.5143,39.4902,40.5634
Tamil Nadu,age_18_21,33,0.4673,0.6082,1.1857,0.2956,1.4099,1.7094,35.9322,32.8772,39.8351,40.3489,43.0069,36.6819,5.3097,1.6222,3.9139,1.6,3.1975,4.4898,94.6903,98.3778,96.0861,98.4,96.8025,95.5102,3.7383,7.4407,13.3708,3.1042,16.1578,8.547
Tamil Nadu,age_below10,33,91.7647,91.0087,90.6092,91.0734,91.0098,92.7798,1.0847,1.0746,1.168,1.2066,1.1849,0.935,71.792,71.3121,71.4026,71.2078,72.716,73.2367,28.208,28.6879,28.5974,28.7922,27.284,26.7633,0.0,0.0,0.0,0.0,0.0,0.0
Puducherry,age_10_13,34,10.0,12.5313,12.9215,12.0,16.8054,23.0769,0.8696,0.3101,0.8836,1.3986,1.0399,0.0,0.0,1.9656,2.4386,1.9608,2.2093,0.0,100.0,98.0344,97.5614,98.0392,97.7907,100.0,15.0,16.9173,16.6863,24.0,13.9516,23.0769
Puducherry,age_14_17,34,0.0,0.3778,0.5156,0.0,0.8732,0.0,9.5652,6.3412,11.7831,8.1585,14.6755,12.1622,0.0,1.2438,1.5868,0.0,1.0695,0.0,100.0,98.7562,98.4132,100.0,98.9305,100.0,36.3636,40.2603,41.8485,36.1111,43.9501,58.3333
Puducherry,age_18_21,34,0.0,0.6359,0.7574,0.0,0.5216,0.0,22.6087,26.9232,34.4121,37.5291,41.9025,25.6757,11.1111,1.2559,2.3495,0.0,1.396,16.6667,88.8889,98.7441,97.6505,100.0,98.604,83.3333,12.5,8.1081,10.0808,0.0,10.4322,0.0
Puducherry,age_below10,34,100.0,92.2663,93.2589,96.5517,94.2628,100.0,0.8696,0.8269,0.792,1.1655,0.9311,1.3514,90.3226,72.4477,72.7835,74.5614,73.5869,88.0,9.6774,27.5523,27.2165,25.4386,26.4131,12.0,0.0,0.0,0.0,0.0,0.0,0.0
Andaman & Nicobar Islands,age_10_13,35,21.7391,27.3823,23.5106,33.3333,25.6182,24.3243,3.3898,0.7369,2.8616,11.1111,1.7888,0.8021,4.1667,3.318,1.8589,0.0,2.1297,0.0,95.8333,96.682,98.1411,100.0,97.8703,100.0,8.6957,8.5798,10.5605,0.0,9.4955,8.1081
Andaman & Nicobar Islands,age_14_17,35,0.0,2.5859,1.7608,0.0,1.4271,0.0,5.0847,9.1065,22.1176,0.0,17.7788,9.3583,0.0,2.2038,1.2976,0.0,1.2085,2.5,100.0,97.7962,98.7024,100.0,98.7915,97.5,42.8571,48.0236,47.0008,0.0,45.7696,35.8974
Andaman & Nicobar Islands,age_18_21,35,0.0,1.7228,2.2878,,2.2403,0.0,37.2881,36.4677,37.888,22.2222,36.7537,33.4225,0.0,3.5405,2.3677,,1.8,0.0,100.0,96.4595,97.6323,,98.2,100.0,16.6667,22.8464,22.695,,13.0346,0.0
Andaman & Nicobar Islands,age_below10,35,100.0,95.2352,95.7384,100.0,96.8919,88.0,0.0,0.5283,0.924,0.0,0.6475,0.5348,88.2353,73.304,71.4222,75.0,70.8317,68.3544,11.7647,26.696,28.5778,25.0,29.1683,31.6456,0.0,0.0,0.0,0.0,0.0,0.0
