state_name,age_bracket,state_code,CMPR_agri_labourers_female,CMPR_agri_labourers_male,CMPR_below_primary_female,CMPR_below_primary_male,CMPR_cultivators_female,CMPR_cultivators_male,CMPR_household_industry_female,CMPR_household_industry_male,CMPR_illiterate_female,CMPR_illiterate_male,CMPR_main_workers_female,CMPR_main_workers_male,CMPR_matric_female,CMPR_matric_male,CMPR_middle_female,CMPR_middle_male,CMPR_non_workers_female,CMPR_non_workers_male,CMPR_other_workers_female,CMPR_other_workers_male,CMPR_primary_female,CMPR_primary_male,CMPR_total_female,CMPR_total_male
INDIA,age_10_13,00,3.7586,0.6081,3.5141,0.7068,4.336,0.9013,3.6828,0.6452,4.8694,1.0818,3.5244,0.607,0.8819,0.4389,1.6873,0.676,3.1245,1.1848,2.5728,0.432,2.6949,0.749,6.5671,1.4142
INDIA,age_14_17,00,29.0924,4.5661,29.2268,4.7522,27.7041,5.4545,26.2404,3.8247,30.5792,6.6393,25.1872,3.8427,12.7786,2.7194,21.9889,4.31,23.7051,6.4598,18.6532,2.6061,26.1872,4.7461,49.2396,8.7022
INDIA,age_18_21,00,52.4187,43.4047,49.5815,37.5102,51.9173,43.0124,48.7175,33.9061,49.2264,43.9337,48.7273,34.4553,52.285,28.7955,53.0058,37.2952,48.828,31.2825,42.0462,25.843,51.942,39.1372,98.6262,70.4785
INDIA,age_below10,00,2.7802,1.3453,2.1135,1.3304,2.969,1.3718,2.4063,1.4703,2.697,1.396,2.5722,1.4271,1.6456,1.4449,1.7478,1.2987,2.1559,1.4624,2.0436,1.4903,1.9806,1.3406,4.6227,2.8473
Jammu & Kashmir,age_10_13,01,1.4026,0.3725,1.9546,0.3458,1.7619,0.331,1.4437,0.4309,1.9782,0.4453,1.2271,0.3246,0.5416,0.2826,0.9349,0.3433,0.6196,0.2201,0.9945,0.3148,1.4779,0.369,1.5481,0.3587
Jammu & Kashmir,age_14_17,01,12.9055,2.7905,17.9103,3.2486,17.0554,2.7225,10.9277,2.9043,16.2793,3.2152,10.525,2.0609,5.6141,1.4929,10.9354,2.5848,13.4001,3.0458,7.8267,1.7565,16.7285,2.9816,13.4459,2.3618
Jammu & Kashmir,age_18_21,01,48.6601,28.7247,44.2974,29.5341,50.7109,29.5787,43.0566,25.9971,47.6196,29.5452,37.2333,22.5314,38.1613,19.3827,45.8666,25.1597,44.112,23.4084,30.8405,19.6141,48.7643,28.1792,44.4565,23.8902
Jammu & Kashmir,age_below10,01,1.763,1.3948,1.3339,1.1995,1.3776,1.2114,1.6671,1.4544,1.3446,1.2235,1.5569,1.2921,1.3647,1.3084,1.2432,1.3409,1.3245,1.1395,1.6029,1.3037,1.1387,1.2315,1.3511,1.2849
Himachal Pradesh,age_10_13,02,2.3204,0.2887,3.3689,0.5342,2.2831,0.3115,1.7617,0.2247,5.7679,0.7625,2.0144,0.2397,0.2574,0.1366,0.5753,0.2114,3.0698,0.5819,1.3827,0.1955,1.641,0.3457,2.5582,0.2994
Himachal Pradesh,age_14_17,02,23.2486,3.1781,29.7662,5.1243,21.0389,3.4285,18.1995,2.2568,32.5522,6.4494,18.7196,2.3118,4.5878,0.8655,14.0014,2.1997,19.3388,4.201,12.962,1.6157,23.4297,3.8444,19.4709,2.6076
Himachal Pradesh,age_18_21,02,52.1825,29.5684,51.6791,36.17,55.3079,31.6075,51.5744,21.2049,47.0505,35.5583,51.3404,23.6261,54.7706,16.5187,62.4171,26.5256,47.8688,24.2365,42.2926,18.7227,58.5601,33.4524,51.2549,23.7977
Himachal Pradesh,age_below10,02,1.4632,0.9346,1.3553,0.9368,1.3967,0.8899,1.3178,1.3627,2.1043,0.9071,1.3432,1.0287,0.9135,1.1585,1.0148,1.0264,1.5571,1.0362,1.2091,1.105,1.1421,0.9519,1.4428,1.0524
Punjab,age_10_13,03,0.7604,0.1856,1.0603,0.3454,0.5888,0.1637,0.8221,0.2573,1.1491,0.3031,0.7293,0.1974,0.2945,0.1586,0.5119,0.2133,0.7177,0.3249,0.7323,0.2108,0.6611,0.2437,0.7186,0.2188
Punjab,age_14_17,03,10.4726,1.828,13.7038,3.0506,6.2231,1.4239,7.8291,1.5417,13.4952,2.7862,8.234,1.5737,4.3021,0.9735,9.0775,1.814,9.4774,2.6973,8.126,1.5802,10.9487,2.255,9.3602,1.7528
Punjab,age_18_21,03,56.93,34.6711,53.9229,34.0182,48.8926,30.2879,53.3977,25.4839,57.307,35.5013,45.4807,26.8437,49.0387,21.8958,56.6072,29.7549,53.282,28.6265,42.0118,23.7529,57.7065,33.03,52.4626,27.2696
Punjab,age_below10,03,0.8944,0.8909,0.8846,0.9149,0.9788,0.975,1.1591,1.2287,0.9363,0.8776,1.0865,1.1164,0.9702,1.202,0.9297,1.0829,0.9651,0.9523,1.1293,1.2191,0.8994,0.983,0.978,1.0866
Chandigarh,age_10_13,04,3.1088,1.2685,3.9885,1.161,1.0417,0.1937,2.3018,0.5756,5.9997,1.2868,2.0829,0.5079,0.4293,0.3118,1.4404,0.7102,2.2716,0.5781,2.0797,0.5063,2.498,0.8618,2.2401,0.5189
Chandigarh,age_14_17,04,23.3161,5.1797,31.8888,9.62,11.9792,2.5178,21.3555,4.0292,36.4661,10.1634,15.3762,4.1544,8.8035,2.5933,21.1137,6.0377,18.6469,3.9281,15.2731,4.1621,27.8449,7.2756,18.026,4.1663
Chandigarh,age_18_21,04,31.6062,30.5497,47.1716,45.778,41.1458,29.632,46.9309,28.7414,44.0103,47.5039,29.8655,27.3207,49.9021,23.6796,56.317,39.5866,44.8858,20.7205,29.5712,27.2789,52.7715,43.4869,41.7879,26.7909
Chandigarh,age_below10,04,3.6269,1.1628,1.0738,1.0253,1.0417,1.3557,1.023,1.4198,1.5987,0.937,1.1668,1.1977,0.7252,1.2048,0.6975,1.1108,1.0743,0.8945,1.1606,1.1945,0.7537,1.054,1.1008,1.1653
Uttarakhand,age_10_13,05,3.3073,0.276,3.4994,0.6994,3.9811,0.4334,2.6679,0.3067,6.1944,0.7059,3.338,0.2909,0.6024,0.1888,0.9943,0.2932,3.2531,0.7358,1.8107,0.2257,1.9788,0.4905,3.3587,0.3592
Uttarakhand,age_14_17,05,27.3656,2.9044,33.3819,6.2064,30.9958,4.0682,22.2857,2.488,35.6964,5.9826,27.0705,2.652,9.9363,1.6677,19.4033,2.9285,22.82,5.5543,17.7065,1.9576,28.2674,4.4762,24.9802,3.1568
Uttarakhand,age_18_21,05,53.8149,44.1606,50.228,41.0169,53.3888,39.9996,54.1999,29.5468,46.6052,42.7248,50.9592,31.9002,60.5325,27.0379,62.6346,38.5361,50.3444,30.5861,43.8686,26.375,56.5958,41.3851,50.9027,32.4548
Uttarakhand,age_below10,05,0.8416,0.6512,0.9567,0.6709,1.1552,0.6516,0.9879,0.8721,1.3949,0.709,1.0732,0.7903,0.7086,0.8254,0.7862,0.6798,1.0808,0.7747,0.9331,0.8725,0.8301,0.6618,1.0774,0.774
Haryana,age_10_13,06,3.3706,0.6116,3.8409,1.1361,4.2367,0.9068,3.1542,0.4662,4.6667,1.0793,3.2014,0.6208,1.0478,0.5253,2.0314,0.7799,2.9278,1.1921,2.5463,0.485,2.9488,0.9195,3.1029,0.7284
Haryana,age_14_17,06,29.0666,5.6985,30.1176,8.7549,31.6625,7.3246,26.3158,3.9192,33.9296,8.9558,25.3613,5.2492,15.773,4.6802,24.9316,6.7429,25.3679,9.7892,20.4852,4.1672,28.2802,7.6167,26.0962,6.0914
Haryana,age_18_21,06,52.9564,46.5601,47.9815,46.2855,50.1803,46.7762,48.0915,32.6056,48.1848,46.9325,46.1998,38.9958,56.7999,37.9665,54.9362,44.168,50.3012,39.7951,41.7059,33.7865,52.5841,46.7768,49.6662,39.7574
Haryana,age_below10,06,1.4682,0.8282,1.5496,0.8953,1.7903,0.8984,1.5666,1.0156,1.7854,0.9122,1.5579,0.9643,1.0815,0.9491,1.298,0.9382,1.4652,0.9987,1.4477,1.0235,1.4042,0.9229,1.5136,0.9689
NCT of Delhi,age_10_13,07,4.4727,0.6859,4.6827,1.012,3.0841,0.4476,3.4974,0.3237,6.3779,1.079,2.4821,0.3844,0.8241,0.3085,1.9309,0.5339,2.6957,0.7201,2.4258,0.3842,3.2112,0.6798,2.6813,0.4319
NCT of Delhi,age_14_17,07,31.8103,6.0031,34.3557,8.2662,27.0198,5.3906,24.5342,3.1438,37.6712,9.1093,16.711,3.682,13.0965,3.2183,24.448,5.3764,21.8492,6.171,16.2492,3.676,31.0294,6.6028,21.2117,4.0345
NCT of Delhi,age_18_21,07,39.1749,38.5496,43.2045,41.1116,46.061,37.4838,41.4177,25.1084,41.0655,42.5661,30.1765,27.2215,51.6759,27.8975,51.8583,37.3042,44.4221,28.2539,29.6246,27.1639,47.7051,40.1348,42.4628,27.5952
NCT of Delhi,age_below10,07,1.9857,1.3246,2.1978,1.4227,1.2739,1.338,2.1026,1.5157,2.8585,1.3982,2.0153,1.4027,1.5832,1.3437,1.9076,1.3002,2.1037,1.3539,2.0166,1.3998,2.089,1.3079,2.0949,1.4011
Rajasthan,age_10_13,08,7.8827,2.4205,7.8159,3.4185,9.3795,2.9774,7.9901,1.9516,8.8874,3.3694,8.5549,2.3546,2.3426,1.6304,4.3458,2.5681,6.7843,4.4792,6.723,1.7796,6.2718,3.1676,7.3504,2.6109
Rajasthan,age_14_17,08,32.6,11.5959,33.1885,13.3929,33.9939,13.3337,32.6615,8.9691,34.5517,13.6437,32.5066,10.8147,20.1407,9.2625,29.0662,11.8146,30.1099,14.5355,28.11,8.4139,32.3537,12.666,31.4955,11.2971
Rajasthan,age_18_21,08,47.7575,54.9417,44.2469,51.8552,45.2825,55.5759,44.7258,45.9378,44.7989,51.2503,45.1129,49.508,53.4067,46.9608,50.5277,52.8221,44.658,41.3601,42.7111,43.0896,47.3729,53.3725,45.8996,49.0965
Rajasthan,age_below10,08,4.3416,1.748,4.3895,2.287,4.691,1.8015,3.8144,1.7267,4.2721,1.9608,4.3695,1.7526,1.7926,1.5076,2.3508,1.7282,3.3515,2.8838,3.5192,1.7087,3.1825,2.0104,3.7788,1.8913
Uttar Pradesh,age_10_13,09,4.4416,1.3168,3.3205,1.812,4.7572,1.4561,3.688,1.1108,4.5602,1.8708,3.9562,1.1683,1.9152,0.9702,2.5689,1.2274,3.4914,1.9099,3.0392,0.7939,3.0986,1.4833,3.6887,1.3543
Uttar Pradesh,age_14_17,09,26.772,6.6302,23.5683,8.808,26.4136,7.5868,22.558,5.4832,27.841,8.9444,23.8014,6.0659,16.2205,5.2963,21.5971,6.6482,23.5413,9.3224,19.7977,4.2353,23.617,7.5842,24.1054,6.7937
Uttar Pradesh,age_18_21,09,54.2933,57.447,50.1359,52.69,53.4391,57.511,54.2409,48.1092,52.3676,53.8188,52.4889,51.3879,56.5039,51.3637,56.4196,55.8153,53.0228,45.7524,49.8534,42.122,54.9486,55.3598,52.9621,51.7391
Uttar Pradesh,age_below10,09,3.1774,1.336,2.2672,1.5527,3.1752,1.4142,2.7348,1.3567,3.1105,1.6193,2.8081,1.3324,1.883,1.1918,2.1497,1.272,2.5962,1.6511,2.2564,1.2417,2.2539,1.3665,2.7306,1.4133
Bihar,age_10_13,10,3.0182,0.504,2.1846,0.5404,2.9354,0.4646,3.7363,0.5982,2.8513,0.6497,2.9366,0.4565,1.3201,0.3968,1.7405,0.45,2.2992,0.9773,2.47,0.3589,1.9607,0.4845,2.4421,0.5195
Bihar,age_14_17,10,28.4777,5.2308,26.6296,5.6596,26.5743,5.0481,28.8502,5.5242,29.0049,6.3666,27.0845,4.7957,19.9015,4.5165,24.0703,5.0921,26.1657,8.7021,23.4547,3.7725,25.3176,5.2833,26.6766,5.3112
Bihar,age_18_21,10,56.4663,51.6884,57.1583,50.2898,56.8512,50.4931,54.2293,47.4805,56.692,50.2347,55.9825,48.213,60.7498,48.4251,59.1388,51.3121,57.5129,44.027,54.6542,40.4354,58.8754,51.9209,57.374,48.8706
Bihar,age_below10,10,2.5593,1.1287,2.0087,1.0532,2.575,1.1203,2.6644,1.2052,2.3394,1.148,2.4612,1.1207,1.8225,1.0906,1.9386,1.0347,2.1083,1.2228,2.0574,1.0997,1.9705,1.0444,2.2378,1.129
Sikkim,age_10_13,11,1.5397,0.3868,1.7496,0.5973,1.8858,0.5594,3.4743,0.8521,3.2521,0.6228,1.5053,0.3971,0.3796,0.327,0.6874,0.3076,2.0534,0.9787,1.0232,0.3078,1.2472,0.4221,1.8162,0.4644
Sikkim,age_14_17,11,25.0522,5.4342,28.3179,6.485,22.4826,5.2282,22.8097,4.6865,22.7385,5.4171,19.0592,4.0487,8.5263,1.9082,19.2036,3.7326,20.9853,5.1251,14.2106,3.3598,27.4934,5.5384,20.7112,4.2928
Sikkim,age_18_21,11,39.1701,29.182,39.6825,31.3016,39.8645,29.2028,32.4773,27.2063,36.9337,26.0465,36.9362,25.7681,38.9732,19.6596,43.8321,28.1071,38.7335,22.8614,33.4475,23.8115,41.7226,32.7912,38.1792,25.8422
Sikkim,age_below10,11,1.2526,0.8702,1.709,0.9908,1.721,0.918,2.719,1.0956,1.8989,0.7677,1.4698,0.8461,0.9916,0.762,1.4924,0.7332,1.7313,0.8666,1.1903,0.8037,1.8747,0.9986,1.6765,0.8713
Arunachal Pradesh,age_10_13,12,1.8012,0.5213,1.5968,0.2646,0.9815,0.354,1.9324,0.5669,1.3408,0.376,1.116,0.3733,0.8698,0.4749,1.1504,0.4547,1.441,0.39,1.3236,0.3758,1.5516,0.3409,1.2701,0.3989
Arunachal Pradesh,age_14_17,12,17.8193,3.1063,20.6631,3.5935,13.5949,3.0165,15.2778,2.9655,15.5266,3.1151,14.0943,2.7675,10.8726,2.5438,17.2831,3.5398,16.718,3.4653,14.7235,2.5233,20.1148,3.4424,15.4768,2.9698
Arunachal Pradesh,age_18_21,12,51.5743,32.0517,52.2801,35.1416,57.1276,37.6222,52.3551,31.3999,52.5733,34.4756,54.1438,32.4293,48.8681,29.0461,53.9326,35.7225,48.1558,28.9116,46.4951,27.9686,53.8201,36.674,51.5907,32.5393
Arunachal Pradesh,age_below10,12,1.4162,0.8689,1.3938,0.8944,1.3056,0.8751,1.6908,1.2211,1.2103,0.8126,1.3387,0.934,1.4636,1.1334,1.4504,1.0074,1.2759,0.9826,1.4004,0.9848,1.5045,0.8689,1.3282,0.9677
Nagaland,age_10_13,13,1.0541,0.2845,0.6145,0.1432,0.3391,0.1161,0.7892,0.2351,0.7656,0.1779,0.4377,0.1904,0.3881,0.1976,0.5109,0.193,0.9651,0.1379,0.6583,0.2526,0.615,0.2119,0.5927,0.1844
Nagaland,age_14_17,13,14.4011,2.2369,12.5266,1.7086,8.6642,1.4183,11.9504,2.057,10.4575,1.5742,9.191,1.6448,7.491,1.5225,11.7393,1.8896,12.8283,1.2803,10.0268,1.8153,13.0843,1.8381,10.5089,1.613
Nagaland,age_18_21,13,37.7823,20.2612,39.735,17.3984,39.4844,17.9481,36.274,17.2495,36.4756,17.094,37.6267,17.731,34.5144,16.8421,40.8439,19.0047,36.0095,9.4996,31.3751,17.4274,41.6845,19.1121,37.2119,17.0185
Nagaland,age_below10,13,1.9576,0.7629,1.596,0.6639,1.611,0.7757,1.7193,0.764,1.5904,0.7439,1.5846,0.7597,1.3646,0.7042,1.6003,0.7186,1.6625,0.5977,1.4307,0.7448,1.6732,0.7954,1.6076,0.7445
Manipur,age_10_13,14,0.5815,0.139,0.68,0.1954,0.5641,0.223,0.7195,0.5995,0.7783,0.263,0.5642,0.2103,0.4047,0.2131,0.5072,0.1806,0.6182,0.2031,0.5226,0.186,0.6017,0.2057,0.594,0.216
Manipur,age_14_17,14,12.3687,1.8657,13.7621,2.0843,9.7626,1.8257,10.2549,1.9257,13.1133,2.2222,9.7172,1.6932,7.3265,1.5497,11.9322,2.0134,11.4951,1.8675,8.995,1.5437,13.0544,2.1951,10.7764,1.7275
Manipur,age_18_21,14,40.3748,20.6885,39.8308,21.464,37.0043,20.0166,35.7435,17.2677,39.3472,20.6149,34.9223,17.977,33.1797,16.981,39.877,21.1081,35.7869,15.5692,30.2874,15.8685,39.5594,22.2166,35.9019,17.7725
Manipur,age_below10,14,1.2307,0.9729,1.0242,0.7465,0.937,0.7379,1.2347,1.2444,1.0434,0.7822,1.0244,0.8058,1.0376,0.8621,1.1431,0.7713,1.0458,0.7291,1.0737,0.8364,1.1031,0.739,1.0718,0.8186
Mizoram,age_10_13,15,0.3769,0.1273,0.2549,0.1534,0.4162,0.1935,0.3492,0.4669,0.8626,0.2862,0.3092,0.1394,0.1093,0.1104,0.1341,0.1433,0.1963,0.0384,0.13,0.0824,0.2751,0.1509,0.2855,0.1442
Mizoram,age_14_17,15,10.9162,2.2645,8.9424,1.776,10.1134,2.2194,8.8475,1.0611,16.722,4.1748,7.9962,1.5713,3.0155,0.8553,6.6617,1.3101,8.4127,1.0124,4.1599,0.9018,9.708,1.7437,8.4642,1.545
Mizoram,age_18_21,15,44.7173,27.1644,46.6056,24.8137,48.128,29.4566,44.0047,23.3871,51.633,35.1495,43.0898,24.4927,35.8956,20.625,45.9289,25.0657,45.0985,19.906,34.9736,19.5963,47.7202,27.2054,44.4586,24.0654
Mizoram,age_below10,15,0.6238,0.5729,0.6781,0.4472,0.944,0.669,0.6403,0.5518,1.1549,0.7407,0.7687,0.536,0.5492,0.4898,0.627,0.5034,0.6722,0.346,0.5294,0.4077,0.7428,0.6573,0.7357,0.5393
Tripura,age_10_13,16,1.6433,0.1015,3.8371,0.1335,1.2908,0.1121,3.1902,0.1413,4.0508,0.1996,2.002,0.1045,0.3597,0.0797,1.2843,0.1,2.9806,0.228,2.3636,0.101,2.7881,0.1397,2.6465,0.1228
Tripura,age_14_17,16,19.798,2.2872,31.6016,2.6973,16.2289,1.9794,30.6605,1.9312,27.0989,2.8498,20.0267,1.7923,9.8978,0.739,24.9898,1.6819,27.3425,2.3732,20.8775,1.544,32.88,2.4816,25.6523,1.9327
Tripura,age_18_21,16,55.1573,27.318,45.825,26.4021,55.8563,25.0943,44.6629,21.4508,46.2265,26.7005,45.5331,20.9416,43.5731,12.7242,47.7116,19.7759,43.358,16.8962,37.1158,16.9763,46.5128,25.7961,45.1838,20.9964
Tripura,age_below10,16,0.9764,0.7425,1.2803,0.717,0.9182,0.7342,1.1899,0.9044,1.3898,0.737,1.0478,0.742,1.0034,0.7512,1.1542,0.7873,1.3148,0.7656,1.1214,0.7413,1.2252,0.7735,1.2567,0.7488
Meghalaya,age_10_13,17,0.7884,0.5114,0.9271,0.5286,0.9428,0.6174,1.5711,0.7322,1.2955,0.5474,0.8307,0.5048,0.4407,0.4806,0.7733,0.5109,1.1091,0.4444,0.6326,0.3933,1.0641,0.5347,0.9892,0.5155
Meghalaya,age_14_17,17,12.3133,2.2321,13.4717,1.9272,10.5221,1.8995,11.8684,2.3352,14.2504,2.3381,10.5468,1.9068,5.9685,1.4904,10.9596,1.8889,13.829,1.7455,9.8034,1.8248,13.9608,2.1097,12.1932,1.9328
Meghalaya,age_18_21,17,53.0931,29.2261,52.3413,27.3158,51.5871,27.2687,47.3248,23.9066,48.5533,28.1121,48.4555,25.5916,40.66,21.2169,48.6997,24.5359,45.5604,16.8217,41.6861,23.2017,51.0287,26.1319,47.6467,25.039
Meghalaya,age_below10,17,1.5311,1.1512,1.5807,1.1386,1.8196,1.3832,3.0998,1.7613,1.8241,1.23,1.5567,1.1621,1.2685,1.213,1.5411,1.3,1.6337,1.103,1.0724,0.945,1.7115,1.2996,1.6682,1.2147
Assam,age_10_13,18,1.2223,0.0996,1.6806,0.102,0.9075,0.1062,1.2755,0.131,1.5174,0.1273,1.0188,0.1093,0.4206,0.1095,0.827,0.1075,1.3288,0.1424,1.0008,0.1128,1.5262,0.1241,1.2351,0.1156
Assam,age_14_17,18,18.3403,1.6325,22.3048,1.5635,14.4978,1.2244,15.3954,1.4059,20.9761,1.7653,15.1196,1.246,9.1184,0.727,18.1963,1.2398,19.6541,1.681,14.6703,1.1816,22.6502,1.5752,18.5874,1.3313
Assam,age_18_21,18,51.011,24.9643,50.026,21.1733,48.4235,20.4992,48.628,18.6484,50.8828,24.6726,46.49,18.8106,43.0166,11.6582,49.9011,17.3155,48.3611,14.9643,44.2565,16.1968,50.3304,21.1423,48.3568,18.7014
Assam,age_below10,18,1.9765,1.1235,1.8347,1.0607,1.7947,1.1032,2.1445,1.1638,1.9962,1.0962,1.8294,1.0981,1.4984,1.071,1.7574,1.1085,1.8988,0.9151,1.7794,1.086,1.9007,1.1171,1.9119,1.0949
West Bengal,age_10_13,19,3.967,0.1683,5.0018,0.223,3.5671,0.1392,4.5991,0.2149,6.6053,0.3452,3.7428,0.1679,0.7201,0.1353,1.8856,0.1519,4.4387,0.5344,3.3925,0.175,3.5471,0.1988,4.2355,0.2167
West Bengal,age_14_17,19,37.7337,3.5294,41.3068,3.5994,30.9585,2.2305,41.0803,2.9933,40.1322,4.3887,31.5248,2.4866,16.5651,1.0864,32.5569,2.0606,34.7355,4.3261,25.6844,2.0968,39.8744,3.2055,34.5751,2.8055
West Bengal,age_18_21,19,43.0102,32.2073,40.5368,30.4794,42.1717,24.7885,41.1625,26.5522,38.4928,32.0386,38.781,24.0365,48.5983,13.8725,46.1229,21.9483,40.6671,20.3593,35.603,20.0701,41.9716,28.7492,40.8906,24.3649
West Bengal,age_below10,19,1.447,1.0617,1.4214,1.1051,1.4232,1.0995,1.2795,1.1787,1.7014,0.9818,1.3547,1.1143,1.1146,1.1625,1.2288,1.1614,1.4897,0.9719,1.3257,1.138,1.3153,1.1349,1.4637,1.104
Jharkhand,age_10_13,20,2.4878,0.3703,3.1907,0.4944,2.3541,0.3551,3.2433,0.4506,3.6468,0.5658,2.5637,0.3607,1.3377,0.345,2.1002,0.3728,3.3899,1.0092,2.7226,0.3564,2.6716,0.4279,3.0359,0.4431
Jharkhand,age_14_17,20,28.3864,4.6058,34.2323,5.6052,25.5253,4.0217,31.406,4.3197,33.7108,6.0778,26.8447,3.8341,21.5929,3.5151,28.9277,4.2727,31.2251,8.1895,26.091,3.4833,32.1106,4.94,30.8184,4.6918
Jharkhand,age_18_21,20,52.6888,46.0511,47.6061,45.3154,52.0216,40.4086,51.2144,37.6517,48.2821,43.8279,49.868,36.9272,52.1992,33.7008,50.9245,40.9466,46.7947,34.8866,44.7097,32.3514,49.7099,45.0097,48.5259,39.5016
Jharkhand,age_below10,20,1.9592,1.115,1.7413,1.0256,1.933,1.0859,1.6059,1.1485,1.9991,1.0997,1.8004,1.1176,1.3938,1.129,1.5731,1.0488,1.8277,1.1792,1.5556,1.134,1.6502,1.0237,1.888,1.1207
Odisha,age_10_13,21,0.9408,0.1019,1.6385,0.1648,0.9776,0.115,1.1921,0.1197,1.6595,0.2008,1.0181,0.1051,0.3074,0.0883,0.5168,0.0872,1.4395,0.3387,1.083,0.0966,1.142,0.1265,1.2627,0.1386
Odisha,age_14_17,21,22.5328,1.4146,25.2585,1.8796,21.0496,1.4623,22.4179,1.1551,26.1065,2.7909,20.4279,1.2278,9.4241,0.5672,15.9158,0.9741,21.7678,3.3412,17.8128,0.9406,22.4496,1.5314,21.7039,1.5821
Odisha,age_18_21,21,57.7111,27.9244,54.1488,29.4008,56.2591,27.5429,54.8155,21.2292,54.2088,34.8068,51.7672,22.873,48.507,12.661,54.464,20.2135,50.4897,27.445,43.4029,16.5486,54.8415,26.7087,52.5577,24.3494
Odisha,age_below10,21,1.0804,0.9953,1.0701,0.954,1.0444,0.9488,1.1732,1.0869,1.1448,0.8782,1.0809,1.0071,0.9968,1.0906,0.977,1.032,1.1196,0.9169,1.0849,1.0571,1.0068,1.0003,1.1062,0.9907
Chhattisgarh,age_10_13,22,4.8609,1.2098,4.7832,2.0244,5.1743,1.3285,4.3505,0.8949,6.528,1.9325,4.8067,1.0295,0.7371,0.4668,1.5393,0.6871,4.9975,3.2693,3.9289,0.5812,2.9708,1.1582,4.6491,1.2265
Chhattisgarh,age_14_17,22,34.9263,8.2939,35.1491,11.0744,32.8201,7.9672,32.4976,5.934,36.9046,11.0344,32.7353,6.6429,12.5201,2.9497,24.5775,5.5248,29.7276,14.0768,27.346,4.0834,30.6038,8.0143,31.2258,7.4588
Chhattisgarh,age_18_21,22,50.6689,54.0443,49.1235,52.7827,50.9503,51.3162,49.3588,41.0339,46.11,52.1899,49.1919,44.9678,57.7322,32.5892,58.7012,49.0909,45.8065,38.5934,41.8647,31.9326,54.5161,53.0588,49.1662,45.5325
Chhattisgarh,age_below10,22,2.291,0.9583,2.0704,1.2268,2.638,1.0212,2.3919,1.1581,2.7266,1.18,2.314,1.0142,0.9835,0.9552,1.2962,0.8104,2.2087,1.7632,1.6639,1.0378,1.5876,0.961,2.1977,1.0645
Madhya Pradesh,age_10_13,23,4.8078,1.1827,5.0439,1.5778,5.4353,1.4027,6.8393,1.1342,6.6667,1.8435,5.0637,1.1221,1.5153,0.7306,2.4023,0.9966,4.9084,2.327,4.5779,0.766,3.8444,1.3134,5.0505,1.2806
Madhya Pradesh,age_14_17,23,34.3784,9.4336,34.4878,11.02,34.2983,10.5923,37.2075,7.6736,38.0554,12.5797,33.0475,8.3332,15.9368,5.2487,26.3276,8.1268,30.5759,13.177,27.1723,5.1091,32.1377,9.7123,32.3883,9.0415
Madhya Pradesh,age_18_21,23,52.4575,60.186,49.0406,55.2806,51.8028,60.3532,44.6081,44.0536,46.6234,58.285,49.9759,51.4668,56.086,43.6606,55.6464,54.3774,46.8121,40.6448,42.5489,36.1873,51.6566,55.6407,48.589,51.3517
Madhya Pradesh,age_below10,23,2.1403,0.9755,1.978,1.0618,2.3816,1.0167,2.0112,1.272,2.4075,1.1187,2.1885,1.1133,1.3309,1.1418,1.5642,1.0363,2.0049,1.373,1.9774,1.3028,1.7633,1.0329,2.1223,1.1352
Gujarat,age_10_13,24,1.7928,0.6445,2.4784,0.7539,1.4322,0.6203,2.3212,0.677,2.3549,0.7841,1.7923,0.5699,0.9352,0.5051,1.4853,0.6761,1.924,1.0561,1.9344,0.5193,1.9416,0.7292,1.8748,0.6364
Gujarat,age_14_17,24,16.9109,4.9889,18.9672,4.9907,13.9297,4.6633,14.4087,3.0501,19.7238,5.3798,15.098,3.4325,6.9082,2.5674,12.4375,3.8804,14.7882,5.5923,13.8897,2.3387,15.9071,4.3604,15.1352,3.756
Gujarat,age_18_21,24,63.8772,52.7421,60.3477,49.808,65.4149,52.9477,57.7232,39.7215,61.1767,51.8628,59.1889,41.5699,57.781,34.7292,59.4572,42.4807,57.1158,37.4648,51.7969,32.4385,60.5135,46.6572,58.4071,41.4537
Gujarat,age_below10,24,3.1545,1.3913,2.6862,1.2839,2.8437,1.2897,2.3905,1.4309,3.063,1.3956,2.7564,1.4186,1.7809,1.4505,2.2165,1.39,2.5342,1.5795,2.3424,1.491,2.4343,1.3156,2.6836,1.4572
Daman & Diu,age_10_13,25,1.0204,0.4484,1.8361,0.4025,0.6369,0.3364,5.3333,0.8621,2.9783,0.5912,1.6891,0.3897,0.5654,0.2684,1.2752,0.4482,1.5574,0.3072,1.7099,0.3888,1.426,0.5377,1.5853,0.3921
Daman & Diu,age_14_17,25,22.449,2.2422,22.9615,4.7124,17.5159,3.196,17.3333,3.4483,27.9986,6.6211,18.8187,3.4133,10.0935,2.6331,16.8843,3.621,17.8768,4.6083,18.7976,3.4212,19.5416,4.0931,18.2074,3.5341
Daman & Diu,age_18_21,25,56.6327,43.0493,55.0247,40.3991,65.2866,34.4828,48.0,34.0517,52.1574,46.0457,51.0674,33.1354,59.0532,26.7419,57.9659,38.0471,55.271,29.3834,50.4799,33.0726,57.3888,39.2215,54.4796,33.0069
Daman & Diu,age_below10,25,2.0408,0.8969,1.1056,1.3248,1.9108,1.2616,2.6667,0.8621,1.9742,1.1561,1.7513,1.3108,1.2287,1.3975,1.352,1.125,1.4767,1.163,1.7319,1.3148,1.3732,1.4045,1.5304,1.299
Dadra & Nagar Haveli,age_10_13,26,1.2251,0.1151,2.1189,0.2454,1.6513,0.2215,0.2778,0.0,1.7113,0.3996,1.3885,0.3089,0.614,0.2182,1.294,0.4419,1.4101,0.484,1.3035,0.3439,1.3904,0.364,1.3495,0.3164
Dadra & Nagar Haveli,age_14_17,26,19.6401,4.9099,24.5046,5.7416,20.7695,5.4564,20.0,3.3219,24.8616,6.3364,18.0561,3.5427,10.5207,1.9992,18.8354,3.4248,19.5379,6.3504,15.5943,2.9977,22.7926,5.0279,19.7474,3.8001
Dadra & Nagar Haveli,age_18_21,26,59.5712,59.2252,55.8564,54.5577,60.2315,55.5134,49.1667,41.8099,55.7152,54.1143,54.2204,41.2093,59.0313,32.8917,58.3465,45.8755,53.928,40.0581,48.5958,36.7733,55.0802,50.2455,54.4764,41.7222
Dadra & Nagar Haveli,age_below10,26,3.7136,2.1097,2.4917,1.7298,2.9452,1.4179,1.6667,1.1455,3.4654,1.6082,2.7943,1.5211,2.327,1.4497,2.5593,1.4822,3.0595,1.6457,2.4529,1.528,2.8283,1.4982,3.0842,1.6058
Maharashtra,age_10_13,27,2.4675,0.4046,2.9761,0.5317,2.3289,0.3553,2.8435,0.5313,4.667,0.8712,2.3613,0.3932,0.7364,0.3102,1.2296,0.3767,2.7281,0.8564,2.1877,0.4022,2.1788,0.4843,2.564,0.4613
Maharashtra,age_14_17,27,27.3922,2.5446,27.5165,3.2784,27.5719,2.0869,22.0687,2.2896,34.0277,5.2245,24.306,1.9131,10.5218,1.1542,18.6571,1.8498,21.4461,5.01,15.643,1.5902,24.2142,2.7349,22.6443,2.3535
Maharashtra,age_18_21,27,56.3965,37.2476,53.5764,37.3831,57.0235,34.7171,52.5021,26.1005,47.2967,41.1643,52.2733,27.6239,55.9519,20.5722,56.9645,28.0306,48.3344,26.3645,39.8472,20.8344,55.1611,33.9922,50.3294,27.6308
Maharashtra,age_below10,27,3.3955,1.9708,2.6846,1.8709,3.2333,2.0294,2.7603,2.4316,3.2946,1.9322,3.1253,2.2952,2.1495,2.4696,2.2743,2.1346,2.6281,2.014,2.6141,2.5336,2.4339,1.9989,2.8555,2.2591
Andhra Pradesh,age_10_13,28,6.1564,0.4339,6.1109,0.6141,6.7624,0.6095,6.4688,0.6188,8.3935,0.8884,6.0305,0.4339,1.3036,0.2836,2.783,0.3167,5.7768,1.3777,5.0167,0.3414,4.3358,0.3696,5.8925,0.5514
Andhra Pradesh,age_14_17,28,36.7492,3.9619,37.9733,4.5722,33.8569,4.0573,32.0405,3.1288,36.6991,5.7538,34.0007,3.173,21.079,1.789,31.8932,2.7149,29.8216,6.7908,27.4419,2.2157,34.7786,3.2593,31.9571,3.6357
Andhra Pradesh,age_18_21,28,44.1678,42.2345,42.0997,41.7439,43.9869,38.3547,44.0395,33.2927,39.9315,42.775,43.0455,34.1618,51.4901,26.056,45.7319,33.9607,41.7104,31.9693,39.138,26.6602,45.649,37.9743,42.5189,34.1243
Andhra Pradesh,age_below10,28,3.338,1.8639,2.9302,1.8391,3.8611,2.045,4.2414,2.2534,3.6958,1.9462,3.3822,2.0661,2.2496,2.1814,2.4906,1.9782,3.0825,1.9712,2.9084,2.2055,2.6219,1.8922,3.227,2.059
Karnataka,age_10_13,29,3.0983,0.241,2.723,0.2157,2.6486,0.1723,1.8995,0.2483,4.1009,0.3063,2.5719,0.1739,0.6162,0.1402,1.5009,0.1574,2.5668,0.3436,2.0781,0.1519,2.2731,0.1905,2.5768,0.1992
Karnataka,age_14_17,29,22.3456,1.3183,20.4619,1.1609,21.059,0.8739,15.585,0.9577,24.4899,1.7304,19.1829,0.8301,11.1449,0.5198,19.2773,0.7741,18.4984,1.8981,15.2938,0.655,20.3124,1.0154,18.9278,0.9776
Karnataka,age_18_21,29,57.1682,25.6994,54.3083,22.5953,56.7642,20.8421,48.3961,18.9591,52.9818,27.3382,51.7229,17.9945,51.6409,12.6166,51.6271,17.439,49.3179,19.0433,43.5487,14.0102,53.2991,20.8352,50.8197,18.443
Karnataka,age_below10,29,3.5644,1.6318,3.0789,1.5647,3.2941,1.5211,2.9835,1.7897,3.4677,1.5796,3.1325,1.6322,2.3659,1.6749,2.7842,1.5451,2.9766,1.4592,2.6152,1.691,2.9506,1.5966,3.09,1.6236
Goa,age_10_13,30,1.7128,0.3079,1.3279,0.3169,1.0589,0.284,0.9653,0.4773,3.5619,0.6848,1.1475,0.3351,0.2992,0.2846,0.4804,0.3281,1.2865,0.3324,1.1343,0.3343,1.0744,0.3689,1.284,0.3407
Goa,age_14_17,30,10.2198,0.7504,11.0314,1.2379,9.8732,0.9528,9.2146,0.8591,18.1355,2.8158,6.4351,0.7879,2.1074,0.4327,4.7288,0.7785,8.0965,1.1919,5.8551,0.7793,9.5621,1.2259,7.7827,0.9018
Goa,age_18_21,30,38.8524,11.8722,38.9863,13.8686,34.5265,12.1942,27.6876,8.4473,41.6934,20.6216,22.5385,8.2819,22.5034,5.2392,27.9323,8.2763,30.8242,8.9895,20.5084,8.0185,36.0693,12.7283,29.3252,8.8044
Goa,age_below10,30,2.4265,1.3662,2.1591,1.3534,2.4907,1.5208,2.3695,1.384,2.7813,1.4171,2.102,1.3201,1.8233,1.1979,1.9128,1.319,2.2478,1.0893,2.0428,1.3082,2.2197,1.3908,2.253,1.2902
Lakshadweep,age_10_13,31,,,3.6916,0.0449,,,0.0,0.0,4.7768,0.3822,0.7828,0.0126,0.4346,0.0457,0.502,0.0314,2.4297,0.1226,0.7979,0.0127,2.374,0.0831,2.2019,0.0619
Lakshadweep,age_14_17,31,,,28.2302,1.7969,,,31.0345,0.0,30.8926,3.5669,9.7847,0.4291,6.2093,0.2972,13.3575,0.3768,21.4591,1.7161,9.375,0.4324,26.1936,1.1908,20.0651,0.9036
Lakshadweep,age_18_21,31,,,49.6924,23.7646,,,27.5862,20.0,46.2343,24.4586,34.1161,10.7283,45.5449,7.0645,52.3146,10.8634,49.1539,18.6565,34.242,10.6575,49.0108,16.9759,47.6685,13.3688
Lakshadweep,age_below10,31,,,1.5925,0.9434,,,0.0,1.6667,1.7085,0.8917,1.3046,0.8078,0.7451,0.7545,1.1712,0.7849,1.4881,0.7845,1.3298,0.8012,1.7937,0.72,1.4569,0.7551
Kerala,age_10_13,32,1.0141,0.0293,2.5588,0.0437,0.7835,0.0172,0.6149,0.0313,3.4297,0.0965,0.4807,0.0238,0.1306,0.0217,0.461,0.0263,1.2164,0.0563,0.3637,0.0236,1.7263,0.0322,1.0428,0.0312
Kerala,age_14_17,32,16.9856,0.3226,26.0068,0.631,11.8136,0.2194,11.0068,0.1581,28.5387,1.0681,8.9078,0.1697,7.9098,0.0977,17.1758,0.1856,16.96,0.6849,7.216,0.1478,22.7273,0.365,15.1476,0.279
Kerala,age_18_21,32,48.5895,10.5467,45.6101,13.9528,42.8981,7.3527,43.3557,5.4703,44.2529,15.9986,37.4312,6.2144,45.1852,2.9885,46.8811,6.1582,44.4609,8.5709,34.9018,5.6296,45.9436,10.3125,43.2633,6.8671
Kerala,age_below10,32,1.41,0.7723,1.5443,0.6975,1.2664,0.6611,1.2265,0.7746,1.7357,0.679,1.1844,0.7299,1.2487,0.724,1.4251,0.7543,1.5063,0.6564,1.1378,0.7302,1.4449,0.7407,1.4364,0.725
Tamil Nadu,age_10_13,33,1.6656,0.0712,1.5964,0.0808,1.4707,0.0618,1.1738,0.0696,2.5195,0.1299,1.4212,0.0635,0.2552,0.0568,0.7703,0.0656,1.2906,0.1519,1.1827,0.061,1.2284,0.0691,1.358,0.0776
Tamil Nadu,age_14_17,33,24.2034,1.1849,21.9789,1.1832,22.7913,0.8699,18.3171,0.7614,26.5222,1.9441,20.5669,0.7229,9.9907,0.3413,18.0806,0.6646,17.0955,1.6561,16.1159,0.5325,20.3918,0.8922,18.6569,0.8539
Tamil Nadu,age_18_21,33,53.6887,23.4641,51.7987,22.202,53.4936,18.8563,51.2143,16.4749,50.3542,27.3428,49.2943,15.7466,47.7716,9.5593,51.33,15.7776,46.7789,16.5415,42.4109,12.4112,51.8652,19.6446,48.0836,16.2209
Tamil Nadu,age_below10,33,1.4221,1.1343,1.2878,1.119,1.3865,1.1091,1.4735,1.3005,1.4039,1.033,1.4258,1.3061,1.2649,1.3806,1.3187,1.2996,1.3667,1.0553,1.4377,1.4095,1.2969,1.1989,1.3925,1.2723
Puducherry,age_10_13,34,2.3485,0.1068,2.995,0.1612,1.7791,0.0488,1.7878,0.0655,4.0391,0.2653,1.4125,0.0783,0.2987,0.058,0.7775,0.0913,1.7377,0.2345,1.1224,0.0757,1.7348,0.1182,1.6926,0.1059
Puducherry,age_14_17,34,23.3372,0.8749,26.8942,1.2131,16.4566,0.476,19.5512,0.4912,28.2353,2.0525,15.9774,0.4601,8.4224,0.2826,17.4379,0.5852,17.414,1.6498,13.7249,0.4013,22.6166,0.863,17.2776,0.6616
Puducherry,age_18_21,34,50.601,17.7735,46.7016,19.4395,45.1446,9.6656,46.4055,11.1984,46.6036,23.1825,39.3647,10.2093,44.955,7.4224,47.9038,12.3254,44.1742,14.8937,35.7348,9.1645,47.7379,16.3839,43.359,11.2009
Puducherry,age_below10,34,0.8691,0.9369,1.0633,0.8983,1.0378,1.1716,0.7227,0.9496,1.0443,0.8988,0.9592,0.9908,0.9612,0.9918,0.9933,0.9318,1.0594,0.7961,0.9936,0.9918,0.9162,0.9501,1.0397,0.9646
Andaman & Nicobar Islands,age_10_13,35,4.4068,0.225,6.6027,0.3009,4.7592,0.1562,2.2727,0.1404,7.001,0.3233,2.7124,0.1616,0.4619,0.2052,1.4245,0.167,3.5479,0.4663,2.4712,0.1609,3.8736,0.1719,3.3567,0.2042
Andaman & Nicobar Islands,age_14_17,35,36.2712,2.1372,35.7802,2.1063,28.6124,1.4283,15.9091,1.264,32.2194,2.6848,18.3156,1.2941,9.2899,0.8283,21.9768,1.1827,24.3381,2.3982,16.9347,1.2559,32.6666,1.965,23.1428,1.4632
Andaman & Nicobar Islands,age_18_21,35,42.0339,20.135,40.8213,24.1725,42.4312,22.071,36.9318,16.7135,39.3928,23.032,33.3118,16.4928,44.9169,12.1898,49.1392,16.526,44.178,19.094,32.0947,15.6865,44.5997,22.5928,42.1119,17.1025
Andaman & Nicobar Islands,age_below10,35,1.0169,0.4499,1.0205,0.2898,1.0894,0.3347,0.8523,0.1404,1.7316,0.5412,0.8379,0.5779,0.708,0.6492,0.7788,0.5288,1.1027,0.2665,0.8073,0.6166,0.979,0.4962,1.0573,0.5379
