state_name,age_bracket,state_code,Below_primary_share_buddhist_female,Below_primary_share_christian_female,Below_primary_share_hindu_female,Below_primary_share_jain_female,Below_primary_share_muslim_female,Below_primary_share_sikh_female,CMPR_buddhist_female,CMPR_christian_female,CMPR_hindu_female,CMPR_jain_female,CMPR_muslim_female,CMPR_sikh_female,Illiteracy_rate_buddhist_female,Illiteracy_rate_christian_female,Illiteracy_rate_hindu_female,Illiteracy_rate_jain_female,Illiteracy_rate_muslim_female,Illiteracy_rate_sikh_female,Literacy_rate_buddhist_female,Literacy_rate_christian_female,Literacy_rate_hindu_female,Literacy_rate_jain_female,Literacy_rate_muslim_female,Literacy_rate_sikh_female,Middle_school_share_buddhist_female,Middle_school_share_christian_female,Middle_school_share_hindu_female,Middle_school_share_jain_female,Middle_school_share_muslim_female,Middle_school_share_sikh_female
INDIA,age_10_13,00,31.2187,29.911,31.753,20.1484,38.2017,32.2122,1.8778,0.5756,2.7544,1.0465,2.3186,0.5192,5.002,7.8626,9.1712,2.5401,15.2837,6.3194,94.998,92.1374,90.8288,97.4599,84.7163,93.6806,8.3449,11.0273,10.3152,13.7193,8.6126,8.7927
INDIA,age_14_17,00,4.086,6.399,5.0771,0.8092,8.8292,3.0164,16.9607,7.5265,21.0571,9.4042,22.1106,7.6595,4.9591,6.8928,10.3335,1.7887,17.0667,7.0512,95.0409,93.1072,89.6665,98.2113,82.9333,92.9488,43.9989,40.4396,40.1975,39.9602,36.2662,39.2494
INDIA,age_18_21,00,4.3706,5.3031,4.9239,0.8226,8.4651,1.9323,42.2008,33.3372,43.2743,38.258,45.1655,46.2517,6.7801,9.4682,15.9494,1.9104,22.4018,8.6841,93.2199,90.5318,84.0506,98.0896,77.5982,91.3159,18.4437,15.5997,18.3959,4.6533,19.52,13.3747
INDIA,age_22_25,00,5.6098,5.3036,5.8827,0.7936,9.5289,1.558,11.001,23.4259,9.8359,25.7203,8.6938,22.0038,9.2329,11.8891,22.2855,2.3554,28.0897,12.3092,90.7671,88.1109,77.7145,97.6446,71.9103,87.6908,19.1297,13.943,17.8126,4.7125,18.1573,13.2258
INDIA,age_26_29,00,7.8121,5.7979,7.6112,0.9358,11.2725,1.6552,2.9726,9.1273,2.296,5.3768,1.8292,4.6967,12.9199,14.7494,29.9984,2.8061,35.6464,18.3578,87.0801,85.2506,70.0016,97.1939,64.3536,81.6422,20.0935,15.3241,18.2772,5.6024,18.7676,14.7919
INDIA,age_30_33,00,11.3738,6.1342,9.5557,1.2519,13.2938,2.247,0.9343,2.4793,0.5839,0.9613,0.5943,0.9781,18.3711,16.7169,37.2012,3.2513,42.8001,25.8934,81.6289,83.2831,62.7988,96.7487,57.1999,74.1066,20.1666,15.8342,17.9577,6.973,18.4571,15.9414
INDIA,age_34_plus,00,25.006,12.8243,15.892,7.5147,22.2677,3.7568,0.352,0.9687,0.1992,0.283,0.2322,0.2812,48.003,26.3241,57.0655,10.9433,61.3771,48.799,51.997,73.6759,42.9345,89.0567,38.6229,51.201,14.1108,14.5221,15.2333,10.8451,14.242,16.1597
INDIA,age_below10,00,95.3897,93.8607,94.0664,94.8019,93.6382,95.0401,2.1481,1.2252,2.0751,1.6604,1.8192,0.8973,72.7991,74.2148,74.0119,71.055,76.7978,72.6962,27.2009,25.7852,25.9881,28.945,23.2022,27.3038,0.0,0.0,0.0,0.0,0.0,0.0
Jammu & Kashmir,age_10_13,01,39.442,35.1798,28.3998,20.0,29.3139,24.3016,1.3093,1.0915,1.3979,0.657,1.2589,0.8189,6.8875,11.4458,7.2572,8.5366,17.7206,3.5076,93.1125,88.5542,92.7428,91.4634,82.2794,96.4924,7.5761,8.8435,9.7633,12.0,10.5342,11.4103
Jammu & Kashmir,age_14_17,01,3.8081,4.1958,2.0106,0.0,2.3474,0.7875,6.5215,12.2962,13.4342,2.8909,10.9332,8.4506,5.1657,10.4651,8.5049,6.9444,18.6874,2.4956,94.8343,89.5349,91.4951,93.0556,81.3126,97.5044,44.5891,44.2557,46.3589,29.8507,47.9625,42.9199
Jammu & Kashmir,age_18_21,01,3.6716,3.6247,1.3839,0.0,2.1327,0.5357,30.8211,38.6709,41.1598,40.2102,39.3232,38.3778,8.7483,14.4161,11.5282,4.7619,26.288,1.9895,91.2517,85.5839,88.4718,95.2381,73.712,98.0105,21.2647,25.5864,22.3914,15.0,25.8341,9.7547
Jammu & Kashmir,age_22_25,01,4.3708,2.2979,1.2366,0.0,1.9677,0.6807,23.9158,18.9831,20.0477,31.6689,19.9074,23.6577,14.4199,20.2308,15.5426,3.2967,35.3814,3.5737,85.5801,79.7692,84.4574,96.7033,64.6186,96.4263,15.5828,22.6383,21.2673,5.6818,24.921,10.524
Jammu & Kashmir,age_26_29,01,3.5388,2.7273,1.4099,1.0526,1.7005,0.5104,10.1446,6.3553,5.7545,4.9934,7.6866,8.5446,22.3476,27.6844,21.1485,5.0,48.5082,5.2649,77.6524,72.3156,78.8515,95.0,51.4918,94.7351,19.0766,22.8283,25.7566,4.2105,26.6312,16.5476
Jammu & Kashmir,age_30_33,01,3.6788,3.2532,1.855,1.0101,2.0805,0.605,4.3764,1.9757,1.1367,0.7884,2.8774,2.5131,32.9472,34.4764,27.2403,4.8077,58.6267,6.5048,67.0528,65.5236,72.7597,95.1923,41.3733,93.4952,19.9296,21.9236,27.3126,3.0303,26.9827,22.2082
Jammu & Kashmir,age_34_plus,01,7.7229,4.2553,3.2866,0.6356,2.6843,2.119,2.4752,0.677,0.2795,0.3942,0.9865,0.761,72.1754,55.6504,53.2909,11.2782,80.6703,25.0949,27.8246,44.3496,46.7091,88.7218,19.3297,74.9051,16.8485,21.9858,23.3956,6.5678,26.0346,27.1962
Jammu & Kashmir,age_below10,01,94.6911,96.5167,95.6641,90.4762,93.3409,94.877,1.8402,1.1191,1.0322,0.3942,1.3288,1.0632,75.5017,76.2496,74.1316,73.0769,79.6899,70.87,24.4983,23.7504,25.8684,26.9231,20.3101,29.13,0.0,0.0,0.0,0.0,0.0,0.0
Himachal Pradesh,age_10_13,02,32.4419,26.5033,20.0635,15.7895,32.6678,24.1061,0.4235,1.2999,1.5399,0.3731,1.7111,0.7439,2.3368,4.0598,2.9221,3.3898,15.0196,1.96,97.6632,95.9402,97.0779,96.6102,84.9804,98.04,7.741,11.3586,11.195,10.5263,6.711,11.188
Himachal Pradesh,age_14_17,02,3.1866,2.4194,1.1713,0.0,5.25,0.9947,7.3776,10.8945,14.3507,2.7985,18.3475,8.6375,2.1536,7.4627,2.2372,0.0,16.2888,1.539,97.8464,92.5373,97.7628,100.0,83.7112,98.461,42.7727,46.7742,45.3418,44.4444,36.25,44.405
Himachal Pradesh,age_18_21,02,3.8516,3.2432,1.2684,0.0,4.7535,0.9548,33.3673,40.0805,44.9486,40.4851,50.9532,43.0017,3.3103,9.3137,3.0809,0.0,22.5894,1.5664,96.6897,90.6863,96.9191,100.0,77.4106,98.4336,16.0485,20.0,11.7159,5.5556,17.2095,8.3386
Himachal Pradesh,age_22_25,02,4.7518,2.3941,1.574,2.3529,4.7372,0.8184,21.9031,18.3535,16.3688,31.903,11.0611,24.1696,5.7692,11.8506,4.8808,2.2989,27.533,3.3427,94.2308,88.1494,95.1192,97.7011,72.467,96.6573,11.5443,17.1271,10.4417,2.3529,18.4503,9.8469
Himachal Pradesh,age_26_29,02,4.9919,3.8298,2.4343,0.0,5.3979,1.648,9.5867,8.0161,3.367,6.7164,2.107,5.2984,10.1042,15.7706,8.3767,4.8193,35.4596,4.598,89.8958,84.2294,91.6233,95.1807,64.5404,95.402,10.5636,13.617,13.1201,1.2658,17.1566,12.4689
Himachal Pradesh,age_30_33,02,7.2194,3.5,3.6468,0.0,6.3028,1.5272,3.7398,2.0118,0.5882,1.8657,0.5993,0.8607,15.5958,19.1919,12.6889,3.4483,44.1714,6.2267,84.4042,80.8081,87.3111,96.5517,55.8286,93.7733,13.045,13.5,15.574,3.5714,18.6268,15.7371
Himachal Pradesh,age_34_plus,02,20.928,6.2225,8.8729,0.9494,10.9745,5.1259,1.8469,0.8047,0.2064,0.3731,0.2305,0.3201,53.5319,33.3659,45.1982,7.3314,71.5918,34.2932,46.4681,66.6341,54.8018,92.6686,28.4082,65.7068,12.9163,11.7862,16.9484,5.0633,15.5575,16.8451
Himachal Pradesh,age_below10,02,96.3998,96.2329,94.9265,95.2381,96.0959,95.9602,0.6582,0.9285,1.0929,1.4925,1.2447,0.8694,68.6515,70.8292,71.2643,69.7842,76.9744,70.2972,31.3485,29.1708,28.7357,30.2158,23.0256,29.7028,0.0,0.0,0.0,0.0,0.0,0.0
Punjab,age_10_13,03,26.4545,38.6505,31.7643,22.3284,40.0747,32.4661,0.7246,0.4645,0.8689,0.233,1.3412,0.4031,4.6794,10.904,8.6771,2.6227,18.2663,6.4289,95.3206,89.096,91.3229,97.3773,81.7337,93.5711,9.5455,6.9544,9.4377,10.3388,6.312,8.2768
Punjab,age_14_17,03,1.1997,4.9704,3.0224,0.7955,5.7394,2.8617,7.6965,7.1892,9.2111,3.326,13.6202,6.8654,3.8715,14.6869,8.3081,2.179,19.8071,7.2863,96.1285,85.3131,91.6919,97.821,80.1929,92.7137,44.7301,35.92,39.8106,40.0955,36.4355,39.2202
Punjab,age_18_21,03,1.5748,3.3395,1.7414,0.2899,3.6917,1.7143,43.4892,49.2434,43.6706,39.5523,49.1167,46.9337,5.0822,18.7252,10.0705,2.5424,23.5216,8.7743,94.9178,81.2748,89.9295,97.4576,76.4784,91.2257,18.2677,19.0926,13.9884,2.029,20.4914,13.2763
Punjab,age_22_25,03,1.308,2.68,1.4271,0.3571,3.4,1.3293,22.332,19.7617,22.8138,34.3973,16.1999,22.3979,6.5974,25.8504,12.7802,2.439,29.0699,12.5851,93.4026,74.1496,87.2198,97.561,70.9301,87.4149,16.5468,17.2073,12.9597,2.0238,19.1568,13.1811
Punjab,age_26_29,03,2.0437,2.8014,1.4607,0.2186,3.9474,1.3446,5.4567,4.6782,4.8974,5.3739,3.0361,4.649,9.2131,34.7284,17.272,3.277,38.6529,19.048,90.7869,65.2716,82.728,96.723,61.3471,80.952,18.8865,16.7151,13.3082,1.9126,18.608,14.9253
Punjab,age_30_33,03,2.2439,3.4929,1.8084,0.2281,4.7346,1.8662,1.1748,1.1064,0.831,0.7062,0.7579,0.9644,16.3948,46.3348,22.5988,3.7322,49.7379,27.2607,83.6052,53.6652,77.4012,96.2678,50.2621,72.7393,17.3659,15.7105,13.3269,2.8506,17.6139,16.0859
Punjab,age_34_plus,03,5.5275,4.5354,3.024,1.0943,6.302,3.3837,0.1757,0.2971,0.2039,0.1836,0.2546,0.2728,50.4012,65.7908,40.5268,7.7461,72.9894,51.7912,49.5988,34.2092,59.4732,92.2539,27.0106,48.2088,16.1105,15.3999,15.539,7.5515,15.4054,16.5991
Punjab,age_below10,03,95.1429,94.2536,94.8025,96.0648,94.4077,95.0337,1.3395,0.8492,0.9728,0.8686,0.9513,0.8156,73.0146,74.0861,74.1535,69.5882,77.5615,72.6888,26.9854,25.9139,25.8465,30.4118,22.4385,27.3112,0.0,0.0,0.0,0.0,0.0,0.0
Chandigarh,age_10_13,04,26.6667,36.4017,38.8174,21.5686,44.1146,26.023,0.9009,0.84,2.2061,0.0,2.9123,0.4577,0.0,3.629,6.8579,0.0,6.4176,2.3416,100.0,96.371,93.1421,100.0,93.5824,97.6584,0.0,4.1841,6.4079,3.9216,5.2712,7.8645
Chandigarh,age_14_17,04,0.0,3.9216,4.3674,0.0,6.175,0.8952,7.2072,9.2818,17.0973,4.0584,24.1956,6.314,2.5641,3.0418,6.7432,0.0,8.3814,1.171,97.4359,96.9582,93.2568,100.0,91.6186,98.829,28.9474,39.6078,40.5093,46.2963,38.422,41.6798
Chandigarh,age_18_21,04,0.0,4.2683,2.1359,0.0,3.3333,0.396,36.036,29.0634,38.5151,29.7078,47.675,31.7493,2.381,6.2857,7.8052,0.0,12.9534,1.4057,97.619,93.7143,92.1948,100.0,87.0466,98.5943,2.439,17.6829,12.0942,0.0,22.5,5.8218
Chandigarh,age_22_25,04,1.1765,2.2026,1.7386,0.0,3.8125,0.2767,19.8198,24.9475,21.2353,39.2857,11.4485,30.7442,3.4091,9.9206,11.721,1.1364,20.3202,1.472,96.5909,90.0794,88.279,98.8636,79.6798,98.528,2.9412,9.6916,11.7778,1.1494,21.2262,3.9563
Chandigarh,age_26_29,04,1.9231,3.0233,2.0128,1.0638,5.6136,0.2863,13.0631,14.8677,6.49,10.0649,2.2534,10.9339,8.7719,9.4737,17.8302,0.0,32.954,2.2233,91.2281,90.5263,82.1698,100.0,67.046,97.7767,3.8462,8.8372,12.5154,1.0638,20.3655,5.6594
Chandigarh,age_30_33,04,0.0,1.9737,2.4068,0.0,6.4677,0.5021,6.3063,3.9479,1.0195,0.974,0.4965,2.0244,6.6667,11.6279,23.5813,1.3514,42.7677,3.6012,93.3333,88.3721,76.4187,98.6486,57.2323,96.3988,7.1429,8.8816,12.2781,0.0,18.7065,7.2103
Chandigarh,age_34_plus,04,3.2787,2.407,2.7704,1.5837,9.8219,1.4208,0.0,1.428,0.3057,0.487,0.1337,0.6017,22.293,17.0599,31.7047,3.2823,62.0131,12.9384,77.707,82.9401,68.2953,96.7177,37.9869,87.0616,13.9344,10.7221,12.1178,5.2036,15.6503,9.4483
Chandigarh,age_below10,04,100.0,98.0892,97.0886,96.0,96.4952,97.8807,1.3514,0.672,1.0287,0.8117,0.7639,0.9155,76.0,73.6134,73.1649,75.4902,74.3888,70.9396,24.0,26.3866,26.8351,24.5098,25.6112,29.0604,0.0,0.0,0.0,0.0,0.0,0.0
Uttarakhand,age_10_13,05,27.9302,30.2362,30.1006,28.0851,48.2827,33.8341,0.5571,0.9865,2.133,0.316,1.4458,0.9313,4.2959,5.5762,4.1559,4.0816,14.899,6.4012,95.7041,94.4238,95.8441,95.9184,85.101,93.5988,13.7157,8.9764,10.612,10.6383,6.1908,10.2404
Uttarakhand,age_14_17,05,5.3375,2.3923,2.2165,0.4167,10.6613,3.7655,8.1128,9.9969,19.3265,5.0211,18.9564,10.2922,2.8963,4.2539,3.5033,4.7619,18.4167,5.5867,97.1037,95.7461,96.4967,95.2381,81.5833,94.4133,41.2873,40.7382,44.3967,37.5,31.1421,40.3228
Uttarakhand,age_18_21,05,3.2738,1.5175,1.3721,0.6452,7.4639,2.1763,30.2228,34.2215,44.5035,34.5506,52.7872,49.5905,1.4663,6.6572,5.3793,1.8987,25.1788,9.4366,98.5337,93.3428,94.6207,98.1013,74.8212,90.5634,9.8214,13.3536,21.7917,1.9355,22.2294,19.279
Uttarakhand,age_22_25,05,3.4901,1.0759,1.5659,0.489,7.5805,2.8316,17.7577,20.2583,11.8414,34.8315,10.1496,18.1722,3.655,8.5648,9.1707,2.619,36.014,13.745,96.345,91.4352,90.8293,97.381,63.986,86.255,12.4431,11.519,21.798,0.978,20.3828,17.562
Uttarakhand,age_26_29,05,4.3396,2.2161,2.3013,0.0,9.0869,3.4684,10.4805,9.2546,2.41,7.1278,1.7738,3.2881,9.0909,9.8064,16.2291,2.7473,50.5912,21.4427,90.9091,90.1936,83.7709,97.2527,49.4088,78.5573,15.4717,11.3573,21.9766,2.8249,18.6107,17.8206
Uttarakhand,age_30_33,05,3.6866,2.4151,3.5383,0.3049,11.5718,4.0612,4.422,2.8069,0.4755,1.1938,0.487,0.7327,12.1457,12.8863,24.4351,1.5015,62.2859,29.2544,87.8543,87.1137,75.5649,98.4985,37.7141,70.7456,21.8894,10.9434,20.775,1.5244,15.9997,19.5495
Uttarakhand,age_34_plus,05,8.1104,3.2293,7.2025,0.9901,13.5594,5.6317,1.9847,1.2611,0.1502,0.6671,0.1776,0.2494,45.2786,21.6328,53.2709,5.5192,79.4051,46.6583,54.7214,78.3672,46.7291,94.4808,20.5949,53.3417,23.2959,12.3883,17.9084,6.0396,14.8688,17.8629
Uttarakhand,age_below10,05,95.9276,95.3046,95.0347,98.7179,94.5951,95.5097,0.6616,0.7627,0.8293,0.7374,0.6937,0.5726,68.917,72.6863,71.7699,70.3422,76.3819,72.1321,31.083,27.3137,28.2301,29.6578,23.6181,27.8679,0.0,0.0,0.0,0.0,0.0,0.0
Haryana,age_10_13,06,32.3944,33.1561,33.7527,21.3687,60.8903,34.0985,2.0224,1.0724,2.7667,0.3931,2.6711,0.6489,3.4014,8.2317,5.521,2.2526,32.3583,5.0153,96.5986,91.7683,94.479,97.7474,67.6417,94.9847,8.0986,9.8339,9.4488,15.433,3.2014,9.0985
Haryana,age_14_17,06,5.53,4.43,3.3075,0.5772,20.8555,4.0045,13.4646,11.2678,22.3298,6.1295,31.3632,9.5685,8.0508,9.1716,5.8746,1.2821,43.5227,6.1129,91.9492,90.8284,94.1254,98.7179,56.4773,93.8871,37.3272,39.0879,39.478,38.6724,21.6949,38.6483
Haryana,age_18_21,06,0.9709,4.2998,2.3671,0.0,13.1369,2.8748,41.6711,34.8685,44.2452,38.1096,46.4675,46.8124,8.8496,12.848,8.8293,1.9391,55.4566,8.4047,91.1504,87.152,91.1707,98.0609,44.5434,91.5953,9.7087,12.285,13.8493,3.3898,15.1927,12.5181
Haryana,age_22_25,06,3.413,2.459,2.2362,0.3263,10.8909,2.137,18.0947,22.6899,11.9316,32.8584,5.7128,21.0521,12.012,14.2117,13.3265,2.0548,64.0176,11.4787,87.988,85.7883,86.6735,97.9452,35.9824,88.5213,14.3345,9.4047,15.8352,2.1445,15.9281,14.0068
Haryana,age_26_29,06,3.2028,2.0173,2.8632,0.0418,10.7246,2.4573,6.4928,9.953,2.1821,6.4611,0.9371,4.3037,19.943,14.6721,19.776,2.7225,70.8717,17.6797,80.057,85.3279,80.224,97.2775,29.1283,82.3203,15.6584,10.4227,17.2099,2.005,16.122,16.9046
Haryana,age_30_33,06,1.6878,2.9104,3.737,0.4076,12.4862,3.548,1.0644,2.5342,0.3511,0.7247,0.2533,0.8896,20.7358,18.5396,28.5591,2.0843,77.8266,24.7464,79.2642,81.4604,71.4409,97.9157,22.1734,75.2536,11.3924,9.6042,18.7747,3.2609,14.9615,19.0653
Haryana,age_34_plus,06,4.142,2.2215,5.2961,1.9172,12.7675,5.4475,0.479,0.7713,0.1043,0.1658,0.1156,0.2573,49.3,30.3974,59.814,9.0169,89.7314,50.7039,50.7,69.6026,40.186,90.9831,10.2686,49.2961,13.215,10.2353,16.2267,10.2645,11.5105,18.0356
Haryana,age_below10,06,95.288,95.6522,96.1761,95.0051,95.6868,96.3154,1.8095,1.1606,1.3448,1.0687,1.6348,0.8604,75.7306,73.5632,73.125,72.4206,82.2334,72.835,24.2694,26.4368,26.875,27.5794,17.7666,27.165,0.0,0.0,0.0,0.0,0.0,0.0
NCT of Delhi,age_10_13,07,28.7796,29.9076,31.9423,22.9425,38.8036,27.6108,2.2268,0.6245,2.3096,0.2958,2.4686,0.5637,3.1746,3.3754,4.3891,1.5679,8.2853,2.9239,96.8254,96.6246,95.6109,98.4321,91.7147,97.0761,9.2896,7.9108,9.2743,9.3363,8.0138,9.471
NCT of Delhi,age_14_17,07,2.7687,1.7754,2.5099,0.3992,5.3937,1.6517,14.4017,6.3411,17.8388,5.6247,23.5624,7.1562,4.6584,3.2424,4.0349,0.6678,9.5242,2.5975,95.3416,96.7576,95.9651,99.3322,90.4758,97.4025,40.8795,44.2299,43.674,43.2563,40.5198,42.2204
NCT of Delhi,age_18_21,07,2.9326,2.5456,1.6692,0.3503,3.7364,1.1766,33.7149,21.9545,37.979,35.1251,41.8937,33.5177,2.849,5.2556,5.7459,0.8873,13.744,3.3249,97.151,94.7444,94.2541,99.1127,86.256,96.6751,9.3842,9.6125,13.3449,2.0241,20.6238,7.3538
NCT of Delhi,age_22_25,07,1.1364,1.7429,1.5233,0.2668,3.8253,0.9925,19.563,27.1422,19.4602,35.4577,12.7922,29.2828,5.561,5.2804,8.9432,0.9834,19.7917,3.6615,94.439,94.7196,91.0568,99.0166,80.2083,96.3385,8.2645,6.7855,12.9792,1.7492,19.0826,5.927
NCT of Delhi,age_26_29,07,1.2645,1.532,1.775,0.1321,4.7265,0.8124,8.9074,18.827,5.1616,7.1406,2.9882,7.965,6.5025,5.6491,13.1394,0.5909,28.0566,4.2658,93.4975,94.3509,86.8606,99.4091,71.9434,95.7342,9.0622,7.8566,13.7574,1.8756,18.7327,6.4184
NCT of Delhi,age_30_33,07,1.0989,1.4455,2.1312,0.0987,5.8525,0.9977,3.0593,4.958,0.8905,0.8604,0.8801,1.3928,11.6505,6.2086,18.1237,0.7555,36.2267,5.1746,88.3495,93.7914,81.8763,99.2445,63.7733,94.8254,11.1264,7.408,14.111,2.5796,17.5064,6.5671
NCT of Delhi,age_34_plus,07,3.4605,1.7299,3.1513,1.6304,8.0497,1.9535,0.8533,1.5649,0.2166,0.2185,0.2852,0.3977,28.125,8.9199,31.4976,5.242,57.4843,12.0535,71.875,91.0801,68.5024,94.758,42.5157,87.9465,11.9343,7.6258,13.0437,8.0349,15.9269,9.9962
NCT of Delhi,age_below10,07,92.562,96.5763,95.9319,97.0845,95.6309,96.6089,1.769,1.5051,1.9095,1.2916,1.8025,1.3698,71.4847,70.4438,72.7199,70.5546,74.2283,71.7514,28.5153,29.5562,27.2801,29.4454,25.7717,28.2486,0.0,0.0,0.0,0.0,0.0,0.0
Rajasthan,age_10_13,08,32.4701,31.115,36.9882,18.3044,48.6779,34.462,5.7327,2.1076,6.6498,1.694,5.546,1.1379,5.9925,11.114,13.8847,2.4564,21.9322,7.2118,94.0075,88.886,86.1153,97.5436,78.0678,92.7882,9.9602,10.9479,9.3057,17.7193,5.889,10.6865
Rajasthan,age_14_17,08,5.6645,4.774,7.8646,0.8001,14.8714,5.3412,27.6651,13.5903,27.7156,14.413,29.5409,16.1814,10.1761,12.6494,16.6741,1.6383,26.7035,9.0701,89.8239,87.3506,83.3259,98.3617,73.2965,90.9299,39.4336,40.5474,35.5621,38.341,27.0131,36.456
Rajasthan,age_18_21,08,4.1667,4.0241,6.9565,1.3594,12.1733,4.593,39.4203,36.1697,41.0545,40.6373,41.9205,50.4016,15.493,17.806,25.8495,1.4983,36.4324,13.1366,84.507,82.194,74.1505,98.5017,63.5676,86.8634,22.9167,13.8162,21.0629,5.8656,21.2087,20.0811
Rajasthan,age_22_25,08,3.9474,3.4908,7.509,0.8451,12.543,4.2719,9.4042,17.3254,5.3006,21.3014,5.4136,13.2456,27.4809,22.1689,36.4175,1.6763,44.8711,20.0282,72.5191,77.8311,63.5825,98.3237,55.1289,79.9718,19.7368,12.3497,20.5782,6.1171,20.4141,20.8665
Rajasthan,age_26_29,08,5.9937,4.4519,9.3726,0.7233,14.385,5.8614,1.6103,8.0065,0.8142,3.6468,0.8319,2.1795,37.721,27.443,48.7879,2.0269,53.5876,30.8137,62.279,72.557,51.2121,97.9731,46.4124,69.1863,18.9274,11.7097,19.9239,7.6803,19.0753,21.1946
Rajasthan,age_30_33,08,6.9106,4.2997,11.3081,0.926,16.9422,7.7394,0.4509,2.0626,0.1608,0.4867,0.2412,0.4374,43.9636,30.3794,58.524,2.1788,61.4556,40.8113,56.0364,69.6206,41.476,97.8212,38.5444,59.1887,17.0732,10.0043,19.1756,10.4901,17.5686,22.0696
Rajasthan,age_34_plus,08,9.0764,4.1232,13.7648,6.4911,20.6634,9.6829,0.0644,0.8213,0.0585,0.1354,0.1046,0.1373,62.3952,32.3172,76.6069,13.018,77.8225,64.5513,37.6048,67.6828,23.3931,86.982,22.1775,35.4487,15.2866,9.1489,16.8638,17.5016,14.674,17.5092
Rajasthan,age_below10,08,91.9786,93.4563,93.8221,92.6471,94.0938,94.1707,2.2544,1.71,3.4958,1.5465,2.8809,1.2027,71.4504,73.9384,76.0433,70.4657,79.1286,73.0785,28.5496,26.0616,23.9567,29.5343,20.8714,26.9215,0.0,0.0,0.0,0.0,0.0,0.0
Uttar Pradesh,age_10_13,09,37.8927,35.5016,36.8964,22.3209,46.1055,31.863,4.9788,2.2601,3.441,1.0259,2.3206,1.2905,10.7869,17.7995,11.2006,5.1133,24.0146,9.1406,89.2131,82.2005,88.7994,94.8867,75.9854,90.8594,9.1223,11.2938,9.7361,17.82,7.8405,12.69
Uttar Pradesh,age_14_17,09,4.3555,5.4877,4.2253,1.6122,10.1363,3.2821,24.4005,13.0658,22.0929,7.5878,17.8347,8.3906,10.425,17.8385,12.2885,4.6687,26.7932,8.4385,89.575,82.1615,87.7115,95.3313,73.2068,91.5615,40.0024,34.9315,39.067,36.1369,30.106,38.6589
Uttar Pradesh,age_18_21,09,2.4935,3.8645,2.3635,0.4838,6.4241,2.1048,44.5546,39.2845,47.765,40.4598,49.993,48.6643,16.7913,21.2495,18.9831,4.433,32.8624,10.3718,83.2087,78.7505,81.0169,95.567,67.1376,89.6282,24.1229,16.0027,21.3997,4.9801,20.5111,16.8559
Uttar Pradesh,age_22_25,09,2.7903,3.4781,2.4401,0.5799,6.4323,1.6853,4.7002,13.6562,6.3809,25.334,8.1792,17.9264,29.6875,24.8405,29.3643,4.7819,42.2935,13.7847,70.3125,75.1595,70.6357,95.2181,57.7065,86.2153,22.2222,12.1734,20.5573,3.8506,18.3441,16.7537
Uttar Pradesh,age_26_29,09,3.002,2.7813,2.6966,0.3769,6.952,2.1102,0.995,4.9662,1.1047,5.2903,1.4792,3.4346,45.497,30.9065,42.3786,4.9902,53.8423,19.428,54.503,69.0935,57.6214,95.0098,46.1577,80.572,24.2432,12.8883,23.138,4.7295,17.5719,17.8311
Uttar Pradesh,age_30_33,09,3.6694,2.9893,3.2612,0.4601,8.3158,2.6678,0.2348,1.5453,0.251,0.7418,0.4549,0.7823,55.6232,36.0804,51.4498,5.2211,62.0254,26.0875,44.3768,63.9196,48.5502,94.7789,37.9746,73.9125,24.5199,12.6332,24.0793,5.9433,16.8494,18.3233
Uttar Pradesh,age_34_plus,09,4.8411,2.8324,4.4352,1.9564,9.803,3.8012,0.0736,0.5496,0.0923,0.2216,0.1638,0.2385,75.7839,43.9953,68.6279,10.1993,76.0515,41.9176,24.2161,56.0047,31.3721,89.8007,23.9485,58.0824,22.4397,11.1948,21.7079,11.6408,15.0734,15.5931
Uttar Pradesh,age_below10,09,93.1498,90.8922,93.1612,91.6446,92.4143,93.2728,3.5182,1.8944,2.5544,1.3246,2.0465,1.5076,75.0255,76.1623,74.2946,72.0129,78.653,73.1835,24.9745,23.8377,25.7054,27.9871,21.347,26.8165,0.0,0.0,0.0,0.0,0.0,0.0
Bihar,age_10_13,10,34.5059,44.5018,45.8377,36.6959,52.6723,38.3897,2.5028,1.7365,2.324,1.5628,1.2937,1.6899,10.962,19.5722,18.0125,13.8539,24.0728,14.8957,89.038,80.4278,81.9875,86.1461,75.9272,85.1043,10.9715,8.5153,7.3833,10.5263,5.7972,10.5018
Bihar,age_14_17,10,4.3321,9.7305,8.3215,5.5846,14.8564,4.6053,27.6742,17.5209,25.0806,14.0848,18.8163,13.6744,10.6452,18.7348,20.8895,11.0248,27.8615,11.1111,89.3548,81.2652,79.1105,88.9752,72.1385,88.8889,44.8857,33.483,36.3415,31.7627,28.0157,39.7368
Bihar,age_18_21,10,2.1978,5.7831,7.1608,1.1278,13.1259,2.0772,49.6094,46.3961,52.3051,45.7121,56.0894,47.814,15.1515,28.6942,33.6951,15.016,39.4436,14.899,84.8485,71.3058,66.3049,84.984,60.5564,85.101,19.2308,13.9157,18.1563,8.6466,16.6419,11.8694
Bihar,age_22_25,10,3.281,7.1731,9.1384,2.8708,15.6664,3.0026,3.7143,9.5243,4.7803,17.015,6.5491,13.6744,23.4716,34.0841,44.4501,16.8435,49.6658,21.5164,76.5284,65.9159,55.5499,83.1565,50.3342,78.4836,17.4037,10.5337,16.0712,6.3796,13.476,9.2689
Bihar,age_26_29,10,3.0664,7.9538,10.5241,2.0797,17.8404,3.7534,0.6695,2.943,0.7136,3.1647,0.9836,2.5271,31.9815,41.254,51.5133,17.2166,57.3229,22.2917,68.0185,58.746,48.4867,82.7834,42.6771,77.7083,22.3169,11.4888,16.9491,5.3726,12.9496,11.7962
Bihar,age_30_33,10,7.1006,8.2704,11.1821,2.3423,19.3873,3.3333,0.1116,1.1473,0.1835,0.4884,0.3346,0.6202,38.5455,44.6766,55.6647,16.0363,62.2664,25.5319,61.4545,55.3234,44.3353,83.9637,37.7336,74.4681,17.1598,10.0199,16.6415,8.4685,12.7452,12.6984
Bihar,age_34_plus,10,10.073,7.9651,11.9908,4.528,20.4579,5.2427,0.0478,0.424,0.0757,0.0977,0.1255,0.1395,61.3213,54.0508,70.9241,20.8865,76.3532,34.3447,38.6787,45.9492,29.0759,79.1135,23.6468,65.6553,17.8832,10.8374,17.0165,13.6992,12.7449,15.5728
Bihar,age_below10,10,92.2554,91.9195,94.0655,91.8103,92.6796,92.9825,3.268,2.1013,2.1091,1.2112,1.9046,1.8295,76.0339,77.2889,77.3145,76.3747,80.1316,74.9781,23.9661,22.7111,22.6855,23.6253,19.8684,25.0219,0.0,0.0,0.0,0.0,0.0,0.0
Sikkim,age_10_13,11,39.1934,41.2261,41.6965,14.2857,51.2545,11.1111,0.7865,1.1973,1.7045,1.2987,4.3098,0.5525,4.1487,4.6218,5.5533,12.5,14.1538,10.0,95.8513,95.3782,94.4467,87.5,85.8462,90.0,7.5604,6.2775,6.6399,28.5714,3.5842,0.0
Sikkim,age_14_17,11,10.2698,14.4511,12.1055,0.0,11.0345,11.7647,14.2905,20.6407,19.9337,11.6883,29.4191,8.8398,3.5271,3.9799,5.4628,0.0,11.0429,5.5556,96.4729,96.0201,94.5372,100.0,88.9571,94.4444,36.3549,32.711,34.2501,33.3333,31.7241,41.1765
Sikkim,age_18_21,11,10.8942,13.065,10.9256,25.0,14.4828,0.0,33.126,32.5309,34.5705,37.6623,37.664,17.1271,4.1757,4.5822,6.5384,20.0,14.2012,0.0,95.8243,95.4178,93.4616,80.0,85.7988,100.0,25.7216,25.1412,25.6226,0.0,17.931,0.0
Sikkim,age_22_25,11,12.8095,15.4956,12.9491,8.3333,13.3721,2.439,18.6711,14.7943,16.1183,27.2727,10.0562,37.0166,8.1873,7.6745,7.7547,7.6923,19.6262,10.8696,91.8127,92.3255,92.2453,92.3077,80.3738,89.1304,16.4922,16.9385,17.409,0.0,16.5698,2.439
Sikkim,age_26_29,11,14.7118,16.7032,13.2992,0.0,13.7097,2.5641,7.6076,6.4641,6.3348,2.5974,3.8726,14.9171,11.8013,13.1704,12.755,0.0,27.0588,18.75,88.1987,86.8296,87.245,100.0,72.9412,81.25,16.0964,17.4342,16.2433,5.8824,15.7258,7.6923
Sikkim,age_30_33,11,16.5606,21.7936,16.2157,0.0,22.6027,0.0,3.4272,3.0697,2.3618,2.5974,1.1868,0.5525,17.3279,18.3143,18.9231,25.0,42.0635,8.3333,82.6721,81.6857,81.0769,75.0,57.9365,91.6667,16.3061,16.1524,16.5164,0.0,11.6438,3.0303
Sikkim,age_34_plus,11,23.6886,26.1905,23.6099,7.1429,21.5385,1.4493,1.8328,1.7068,1.2866,0.0,0.3748,1.105,53.704,49.5728,52.3711,19.2308,51.7804,11.5385,46.296,50.4272,47.6289,80.7692,48.2196,88.4615,14.195,15.0412,14.6699,14.2857,15.3846,14.4928
Sikkim,age_below10,11,93.6811,94.2875,94.488,100.0,95.1691,90.0,1.4014,1.3374,1.5504,0.0,1.9988,0.5525,68.3292,69.576,69.5648,75.0,74.5387,72.973,31.6708,30.424,30.4352,25.0,25.4613,27.027,0.0,0.0,0.0,0.0,0.0,0.0
Arunachal Pradesh,age_10_13,12,47.8366,45.1729,44.2196,39.3939,41.5385,33.3333,0.7976,1.2143,1.4687,0.9852,2.5513,0.3876,21.0949,21.6966,19.5769,31.25,23.2516,21.0526,78.9051,78.3034,80.4231,68.75,76.7484,78.9474,5.2831,7.2844,7.1444,12.1212,6.6272,10.0
Arunachal Pradesh,age_14_17,12,10.652,10.7551,10.0166,6.6667,9.5775,9.375,14.1362,13.959,15.9143,17.2414,18.4759,11.2403,21.6547,16.1417,18.1161,16.6667,22.4891,15.7895,78.3453,83.8583,81.8839,83.3333,77.5109,84.2105,35.978,34.3721,35.2204,36.6667,32.6761,40.625
Arunachal Pradesh,age_18_21,12,8.8602,6.5135,8.4792,6.6667,8.1006,6.25,44.1156,45.9971,45.7974,45.3202,41.2206,34.8837,34.6143,21.2074,26.0318,25.0,28.2565,15.7895,65.3857,78.7926,73.9682,75.0,71.7435,84.2105,28.228,25.7016,23.213,13.3333,17.8771,18.75
Arunachal Pradesh,age_22_25,12,10.8734,6.686,8.6929,10.5263,9.058,5.8824,15.8788,12.8535,14.4614,11.33,13.5735,25.5814,43.3462,27.6941,31.0544,50.0,34.6488,17.7419,56.6538,72.3059,68.9456,50.0,65.3512,82.2581,21.7468,22.466,21.3216,31.5789,20.0483,11.7647
Arunachal Pradesh,age_26_29,12,13.612,7.8713,9.4316,0.0,10.2069,0.0,4.6409,3.5964,4.4218,2.9557,4.5189,8.9147,50.4974,41.0936,38.0978,37.5,41.7203,11.3208,49.5026,58.9064,61.9022,62.5,58.2797,88.6792,23.0439,22.3312,22.1029,25.0,21.3793,19.1489
Arunachal Pradesh,age_30_33,12,13.9029,9.9262,10.593,15.3846,13.3333,0.0,1.4784,1.2101,1.5273,1.9704,1.6508,1.938,57.78,51.5867,42.6313,51.8519,44.0895,2.381,42.22,48.4133,57.3687,48.1481,55.9105,97.619,24.7379,22.2254,20.2387,23.0769,24.0,12.1951
Arunachal Pradesh,age_34_plus,12,20.6753,14.8384,12.4066,3.5714,12.0976,9.2105,0.8408,0.6388,0.6323,0.4926,0.8004,1.1628,78.2807,78.7869,57.981,76.2712,59.9609,41.5385,21.7193,21.2131,42.019,23.7288,40.0391,58.4615,18.8412,20.0455,18.06,17.8571,23.2195,17.1053
Arunachal Pradesh,age_below10,12,95.5304,93.4207,94.8022,100.0,92.2813,86.3636,0.8891,1.2343,1.2692,0.0,1.4674,0.7752,79.852,80.4337,78.4189,81.4815,80.264,79.0476,20.148,19.5663,21.5811,18.5185,19.736,20.9524,0.0,0.0,0.0,0.0,0.0,0.0
Nagaland,age_10_13,13,42.1053,36.7568,39.5864,18.6813,50.2949,25.0,0.8738,0.3491,1.7652,1.6438,2.9727,1.4493,17.5799,13.0837,12.5448,6.1856,42.2103,4.0,82.4201,86.9163,87.4552,93.8144,57.7897,96.0,3.6011,8.131,8.6624,14.2857,5.7287,8.3333
Nagaland,age_14_17,13,7.5949,7.7311,10.3198,4.6512,15.8784,0.0,10.1942,8.2402,18.2793,11.5068,26.2236,6.7633,12.7072,9.8864,11.991,7.5269,37.7715,14.2857,87.2928,90.1136,88.009,92.4731,62.2285,85.7143,40.8228,43.6075,43.2623,43.0233,36.8243,44.4444
Nagaland,age_18_21,13,4.0,6.6098,8.166,0.0,16.0677,0.0,28.6408,32.6361,38.0986,35.6164,37.4031,31.8841,17.2185,11.3616,14.9848,5.4054,43.3533,20.0,82.7815,88.6384,85.0152,94.5946,56.6467,80.0,21.6,27.3836,24.4087,11.4286,22.1987,25.0
Nagaland,age_22_25,13,6.6406,6.8203,8.7434,2.0,11.685,3.0303,20.8738,21.4339,16.9984,30.411,12.135,36.2319,15.5116,13.1492,19.6385,6.5421,45.4251,10.8108,84.4884,86.8508,80.3615,93.4579,54.5749,89.1892,21.875,23.1271,21.7994,11.0,23.2007,18.1818
Nagaland,age_26_29,13,8.8889,7.1551,8.4083,0.9259,11.7978,0.0,8.6408,9.8164,6.1766,6.3014,4.1087,8.2126,16.9742,15.7139,23.5247,5.2632,48.105,9.6154,83.0258,84.2861,76.4753,94.7368,51.895,90.3846,24.0,24.2746,22.0934,8.3333,25.4682,12.766
Nagaland,age_30_33,13,10.3896,7.8576,9.922,1.0101,15.5425,0.0,3.7864,3.9851,2.0945,0.9589,1.6775,2.8986,18.5185,18.5617,28.263,9.1743,56.0567,9.7561,81.4815,81.4383,71.737,90.8257,43.9433,90.2439,28.5714,24.9623,22.3857,8.0808,22.434,10.8108
Nagaland,age_34_plus,13,16.1383,15.4638,14.2159,9.1928,16.5985,2.3529,2.6214,1.931,0.9234,0.5479,0.8812,1.4493,46.118,40.0976,41.8798,12.2047,66.9549,15.0,53.882,59.9024,58.1202,87.7953,33.0451,85.0,19.3084,23.9801,21.4916,13.2287,20.0327,11.7647
Nagaland,age_below10,13,91.7949,93.7859,93.7649,84.8485,89.4796,93.75,1.7476,1.3847,2.0664,1.5068,2.548,0.4831,77.9661,76.4806,77.5906,69.3023,86.6767,79.4872,22.0339,23.5194,22.4094,30.6977,13.3233,20.5128,0.0,0.0,0.0,0.0,0.0,0.0
Manipur,age_10_13,14,30.2083,29.045,30.5162,17.4603,41.9365,15.7895,0.3934,0.5136,0.4397,1.2526,0.9724,0.9677,15.0442,18.4248,8.3417,5.9701,21.4778,5.0,84.9558,81.5752,91.6583,94.0299,78.5222,95.0,10.7639,13.6514,13.6155,20.6349,10.4892,13.1579
Manipur,age_14_17,14,6.8,4.6037,2.8188,0.0,7.9777,4.1667,10.0328,8.5018,8.7122,8.977,16.5271,4.8387,10.7143,13.2518,5.5273,9.8361,21.4598,7.6923,89.2857,86.7482,94.4727,90.1639,78.5402,92.3077,40.4,42.4989,49.3726,49.0909,43.2551,45.8333
Manipur,age_18_21,14,3.9474,3.2464,2.3853,0.0,5.3278,0.0,30.0328,31.3233,29.6312,38.4134,41.6993,36.4516,13.6364,16.7212,7.6252,12.9032,28.1278,15.7895,86.3636,83.2788,92.3748,87.0968,71.8722,84.2105,28.9474,24.8791,29.7775,22.2222,39.5532,25.0
Manipur,age_22_25,14,5.6667,3.821,1.9439,0.0,4.7178,0.0,17.6393,21.1621,21.4526,27.1399,13.7222,24.8387,17.5824,20.7198,9.5312,9.2308,32.927,3.8462,82.4176,79.2802,90.4688,90.7692,67.073,96.1538,23.0,19.5579,28.3561,10.1695,38.3079,16.0
Manipur,age_26_29,14,5.1724,4.8972,1.7865,1.5385,4.2215,5.8824,11.4098,10.1318,11.4332,5.2192,3.8611,9.3548,25.8786,26.1283,12.2623,5.7971,41.0991,7.2727,74.1214,73.8717,87.7377,94.2029,58.9009,92.7273,20.6897,19.8691,25.3692,7.6923,36.2649,7.8431
Manipur,age_30_33,14,3.3333,5.7836,2.201,0.0,5.3416,2.0,5.7705,4.626,5.5547,1.8789,1.4139,2.9032,32.3308,30.6119,15.3718,6.25,48.4041,15.2542,67.6692,69.3881,84.6282,93.75,51.5959,84.7458,15.0,21.7285,22.5755,8.3333,34.1118,16.0
Manipur,age_34_plus,14,4.0892,11.12,4.7563,3.3784,8.4576,1.3986,2.9508,2.6773,2.5589,0.8351,0.7536,0.9677,44.4215,51.285,44.45,11.3772,75.2252,25.1309,55.5785,48.715,55.55,88.6228,24.7748,74.8691,17.4721,23.1452,22.3101,15.8784,31.4198,13.986
Manipur,age_below10,14,91.6129,88.566,91.8875,93.3333,92.6187,84.6154,1.377,0.7934,1.0433,0.8351,1.1646,1.9355,77.8887,78.3512,76.2456,78.1022,79.1516,77.3913,22.1113,21.6488,23.7544,21.8978,20.8484,22.6087,0.0,0.0,0.0,0.0,0.0,0.0
Mizoram,age_10_13,15,69.1848,28.2445,33.3333,46.6667,51.2748,20.0,1.166,0.1626,0.618,3.3333,1.6956,0.0,40.8685,2.5474,6.7052,25.0,23.9224,0.0,59.1315,97.4526,93.2948,75.0,76.0776,100.0,2.7407,11.8948,11.6481,6.6667,8.7819,0.0
Mizoram,age_14_17,15,36.8891,5.2504,10.5556,6.25,23.8434,,18.7315,6.152,11.9817,6.6667,22.0024,6.25,48.3862,1.5133,7.3359,11.1111,25.0667,100.0,51.6138,98.4867,92.6641,88.8889,74.9333,0.0,22.6484,51.1649,44.3056,43.75,36.6548,
Mizoram,age_18_21,15,34.214,6.3822,8.2011,28.5714,20.0,0.0,51.4552,34.5195,38.9753,45.0,38.9584,46.875,63.2881,2.2904,9.7852,30.0,32.7731,25.0,36.7119,97.7096,90.2148,70.0,67.2269,75.0,21.7966,26.1467,17.4603,28.5714,23.75,0.0
Mizoram,age_22_25,15,38.5289,7.8819,8.4623,22.2222,19.6382,0.0,11.3593,20.2726,20.933,15.0,13.7667,18.75,68.0172,2.9706,11.2637,52.6316,32.4607,0.0,31.9828,97.0294,88.7363,47.3684,67.5393,100.0,17.2796,28.2791,19.6078,11.1111,23.7726,10.0
Mizoram,age_26_29,15,41.6593,10.0048,7.8206,16.6667,18.4211,33.3333,2.6564,8.7261,7.6356,6.6667,4.9657,12.5,71.604,3.6734,12.0183,20.0,33.463,25.0,28.396,96.3266,87.9817,80.0,66.537,75.0,15.3575,28.4207,22.0021,16.6667,23.0994,0.0
Mizoram,age_30_33,15,44.6381,11.8072,10.0998,25.0,21.147,0.0,1.0062,3.8006,2.8509,1.6667,2.3819,3.125,74.2136,3.589,11.9649,60.0,32.9327,25.0,25.7864,96.411,88.0351,40.0,67.0673,75.0,15.6836,30.4148,22.4439,75.0,26.5233,16.6667
Mizoram,age_34_plus,15,52.5097,36.2676,18.3723,44.4444,38.331,11.1111,0.7664,2.4029,1.236,0.0,1.2515,0.0,86.5496,9.0591,21.4094,65.3846,33.8015,25.0,13.4504,90.9409,78.5906,34.6154,66.1985,75.0,13.7452,19.6724,18.616,0.0,16.4074,11.1111
Mizoram,age_below10,15,97.663,94.4168,92.9795,100.0,95.4819,100.0,1.3165,0.5689,0.7974,6.6667,0.8882,0.0,85.8451,73.1779,75.1489,76.0,79.6319,72.0,14.1549,26.8221,24.8511,24.0,20.3681,28.0,0.0,0.0,0.0,0.0,0.0,0.0
Tripura,age_10_13,16,48.8145,35.9663,33.8519,34.4828,39.0103,31.25,0.9345,0.9315,1.6448,2.0661,3.6832,0.5952,7.9627,5.2126,4.1315,3.3333,2.5101,11.1111,92.0373,94.7874,95.8685,96.6667,97.4899,88.8889,3.0588,6.8133,5.6291,10.3448,3.5001,12.5
Tripura,age_14_17,16,17.239,7.6082,7.1787,6.6667,8.6348,25.0,19.655,14.0189,19.8294,15.7025,30.6921,11.9048,12.0242,5.5479,4.8161,11.7647,3.2817,4.7619,87.9758,94.4521,95.1839,88.2353,96.7183,95.2381,36.1035,46.8299,48.7501,46.6667,42.2968,45.0
Tripura,age_18_21,16,22.518,10.365,10.5152,5.5556,15.1308,0.0,45.5392,47.919,37.9601,41.7355,34.9792,46.4286,18.1818,8.103,7.3628,14.2857,5.9255,0.0,81.8182,91.897,92.6372,85.7143,94.0745,100.0,29.6578,30.5109,30.5198,27.7778,30.4669,20.0
Tripura,age_22_25,16,25.8914,12.7809,13.1683,8.3333,21.8661,25.0,12.1368,14.9011,12.9444,16.9421,7.12,17.8571,23.5962,10.7363,7.972,14.2857,8.3466,6.6667,76.4038,89.2637,92.028,85.7143,91.6534,93.3333,18.7797,25.9076,25.5371,13.8889,22.978,25.0
Tripura,age_26_29,16,30.214,15.9893,16.4948,15.1515,28.7732,21.875,3.3174,4.0117,4.4847,4.5455,1.6263,7.1429,32.0308,13.2955,9.7403,10.8108,14.4915,8.5714,67.9692,86.7045,90.2597,89.1892,85.5085,91.4286,16.9374,26.0384,24.6546,18.1818,19.6699,9.375
Tripura,age_30_33,16,28.8407,17.8285,18.4336,20.8333,34.0312,5.8824,0.9195,1.2272,1.6173,0.4132,0.5943,0.5952,35.6963,16.5357,10.9241,17.2414,21.0953,15.0,64.3037,83.4643,89.0759,82.7586,78.9047,85.0,18.1366,26.3021,24.6388,12.5,17.0917,23.5294
Tripura,age_34_plus,16,36.8749,29.5508,29.8292,20.0,47.7797,29.8507,0.3185,0.5594,0.5898,0.4132,0.293,0.5952,60.6872,39.0701,27.8168,21.0526,47.6201,30.2083,39.3128,60.9299,72.1832,78.9474,52.3799,69.7917,11.0996,16.9223,17.5197,16.6667,8.8445,13.4328
Tripura,age_below10,16,97.3145,94.5338,96.9313,100.0,97.1808,89.4737,1.0487,0.9635,0.9967,1.6529,1.1468,0.5952,74.4428,72.4262,72.3135,69.3548,72.0308,69.3548,25.5572,27.5738,27.6865,30.6452,27.9692,30.6452,0.0,0.0,0.0,0.0,0.0,0.0
Meghalaya,age_10_13,17,52.5667,52.5913,43.0557,53.3333,56.8029,38.7931,1.1508,0.7313,1.2196,1.3605,2.9941,0.534,17.7365,12.024,11.9904,6.25,26.7962,7.2,82.2635,87.976,88.0096,93.75,73.2038,92.8,5.5441,5.9603,8.1479,13.3333,4.6757,9.4828
Meghalaya,age_14_17,17,14.1711,17.8907,11.9443,10.5263,16.1449,12.3967,8.9643,8.9507,12.2857,10.8844,28.1012,9.8798,12.0,8.0378,11.5754,5.0,27.5195,6.2016,88.0,91.9622,88.4246,95.0,72.4805,93.7984,39.0374,33.0858,41.0483,36.8421,34.4997,40.4959
Meghalaya,age_18_21,17,7.7465,16.3942,10.3879,11.1111,13.8129,7.6923,35.4936,40.2015,37.2375,39.4558,37.6591,42.8571,13.4146,11.3138,16.22,18.1818,37.5844,8.4507,86.5854,88.6862,83.78,81.8182,62.4156,91.5493,30.9859,26.1857,25.4459,11.1111,26.098,40.0
Meghalaya,age_22_25,17,9.0411,20.0632,10.2903,12.5,13.9906,7.4627,15.324,15.2127,15.6656,21.7687,6.5063,16.4219,11.1922,15.2324,19.1689,7.6923,44.5771,11.8421,88.8078,84.7676,80.8311,92.3077,55.4229,88.1579,16.7123,19.758,19.384,4.1667,20.3955,27.6119
Meghalaya,age_26_29,17,14.0152,23.8388,11.59,13.6364,14.879,3.937,6.4204,5.0526,5.8803,4.7619,1.6826,4.9399,19.2661,20.3478,24.6912,18.5185,52.4063,19.1083,80.7339,79.6522,75.3088,81.4815,47.5937,80.8917,21.5909,18.2845,20.2594,0.0,20.585,25.1969
Meghalaya,age_30_33,17,12.2449,26.108,12.5043,12.5,17.0848,6.9767,2.4228,2.0159,2.1238,1.3605,0.6302,0.9346,22.8346,24.1277,29.2962,15.7895,55.7026,25.2174,77.1654,75.8723,70.7038,84.2105,44.2974,74.7826,18.3673,18.1419,21.086,0.0,21.7443,19.7674
Meghalaya,age_34_plus,17,19.3443,34.0286,18.0361,5.0,25.7165,16.8724,1.5748,1.1843,0.9371,0.0,0.3487,0.1335,40.3131,41.9797,45.4501,13.9785,73.0761,43.75,59.6869,58.0203,54.5499,86.0215,26.9239,56.25,17.7049,14.5902,18.526,13.75,17.4994,13.1687
Meghalaya,age_below10,17,89.2989,93.021,92.8322,100.0,92.9475,94.2308,1.1508,1.4716,1.4986,1.3605,2.9397,0.534,82.1004,80.4722,76.0199,77.193,83.0347,76.7857,17.8996,19.5278,23.9801,22.807,16.9653,23.2143,0.0,0.0,0.0,0.0,0.0,0.0
Assam,age_10_13,18,30.1217,39.6564,27.0171,17.6796,37.4201,23.3696,0.7147,0.6765,0.7817,1.2132,1.4558,0.6468,10.445,15.337,9.7155,4.4855,15.4971,5.641,89.555,84.663,90.2845,95.5145,84.5029,94.359,11.359,7.703,12.9192,14.5028,7.6996,15.2174
Assam,age_14_17,18,5.2499,10.8237,6.441,1.2802,10.1532,3.3929,11.6685,11.7735,12.6929,11.2094,22.5957,8.224,10.7256,16.7498,10.8439,2.0891,16.0109,3.4483,89.2744,83.2502,89.1561,97.9109,83.9891,96.5517,54.0636,43.2926,51.6987,49.2176,45.9117,48.0357
Assam,age_18_21,18,7.0466,11.0923,7.3173,2.122,14.0549,3.5714,39.1905,41.5818,39.0552,39.6942,46.4052,36.1116,12.3524,23.6143,15.3828,4.0712,26.7039,4.9608,87.6476,76.3857,84.6172,95.9288,73.2961,95.0392,32.3316,32.8763,28.1441,4.5093,27.3545,17.3077
Assam,age_22_25,18,7.6329,13.3008,8.0619,1.9005,17.0696,4.6512,17.276,16.3406,16.7507,24.7441,7.0584,22.8054,16.744,31.0369,19.0074,3.913,34.9652,7.6836,83.256,68.9631,80.9926,96.087,65.0348,92.3164,28.0017,26.4715,26.7807,6.6063,24.2498,15.0551
Assam,age_26_29,18,10.1266,15.6659,9.0973,0.755,19.484,4.2341,5.8824,5.2383,5.9881,5.1182,1.7009,7.2815,23.2436,39.2674,23.6042,2.6939,44.2171,8.3333,76.7564,60.7326,76.3958,97.3061,55.7829,91.6667,30.0389,26.0068,28.5807,6.0403,25.3542,20.2989
Assam,age_30_33,18,10.2767,17.2517,10.2475,0.4617,20.2324,3.3873,2.3227,2.1424,2.2959,1.0615,0.6724,2.3101,27.4032,45.6445,27.5485,2.6954,50.4189,8.9812,72.5968,54.3555,72.4515,97.3046,49.5811,91.0188,26.8775,25.0231,27.7929,8.4026,24.7195,18.9985
Assam,age_34_plus,18,18.7659,25.4451,19.8023,7.1869,31.3738,8.53,1.0995,0.9545,0.8185,0.417,0.2948,0.5175,49.4804,62.0531,45.4837,7.5199,70.8106,17.1045,50.5196,37.9469,54.5163,92.4801,29.1894,82.8955,22.4979,19.5662,23.0329,17.7413,18.9675,20.7687
Assam,age_below10,18,92.9114,93.6518,92.7689,89.7959,94.411,93.8838,1.45,1.6456,1.5181,1.289,1.957,1.1273,73.4899,76.4869,73.3085,72.2065,78.2753,73.1747,26.5101,23.5131,26.6915,27.7935,21.7247,26.8253,0.0,0.0,0.0,0.0,0.0,0.0
West Bengal,age_10_13,19,27.8119,38.3637,26.4929,19.8455,36.3826,24.1007,0.8443,1.4348,2.6143,1.217,4.1346,1.2519,3.1932,6.8218,5.9487,3.1088,9.2514,4.248,96.8068,93.1782,94.0513,96.8912,90.7486,95.752,11.8213,8.5847,12.5784,15.3892,8.2746,11.8106
West Bengal,age_14_17,19,6.0817,11.077,8.0199,2.1352,11.8253,3.3277,14.261,17.556,26.7788,11.2985,35.1877,13.718,3.688,8.5712,7.5571,2.487,10.9983,4.882,96.312,91.4288,92.4429,97.513,89.0017,95.118,46.4205,41.5951,46.0585,45.0771,41.2224,46.5877
West Bengal,age_18_21,19,7.6427,12.5918,11.3194,3.8418,16.2384,5.0428,35.1597,36.9013,35.882,36.4429,36.173,36.2421,5.5357,13.6595,11.8394,3.8043,16.8474,5.4005,94.4643,86.3405,88.1606,96.1957,83.1526,94.5995,24.8056,27.137,22.8617,10.1695,24.8172,13.7012
West Bengal,age_22_25,19,10.3215,14.9812,14.0549,3.7372,20.8257,4.4163,16.8683,13.4484,10.0692,24.67,5.6672,18.8642,7.9368,20.1509,16.1604,4.2846,23.1836,7.594,92.0632,79.8491,83.8396,95.7154,76.8164,92.406,23.5167,21.587,22.018,7.5154,21.8329,12.8264
West Bengal,age_26_29,19,12.645,17.0311,16.9552,2.8861,26.0224,4.7337,6.7144,4.9881,3.1427,5.8581,1.2051,5.8814,12.5052,27.0434,20.8276,5.1073,31.5683,7.9646,87.4948,72.9566,79.1724,94.8927,68.4317,92.0354,24.4421,21.6273,22.3921,7.8393,20.1212,14.645
West Bengal,age_30_33,19,14.6136,17.0537,18.6616,4.0409,30.4919,6.4374,2.8753,1.9123,1.0906,1.5212,0.4364,1.6248,16.6182,31.5726,24.6028,6.0884,39.7519,9.5694,83.3818,68.4274,75.3972,93.9116,60.2481,90.4306,25.2566,21.7436,22.3957,8.4369,18.7519,14.1093
West Bengal,age_34_plus,19,23.0267,20.8658,25.5058,8.1063,40.2145,9.8699,1.5132,0.911,0.4002,0.5466,0.2013,0.5967,44.3761,46.5406,42.3665,13.294,64.1986,20.559,55.6239,53.4594,57.6335,86.706,35.8014,79.441,20.4473,20.1592,20.5258,12.9485,15.9869,17.5522
West Bengal,age_below10,19,92.1265,94.6519,92.898,93.0968,94.2316,89.4834,1.0064,0.9674,1.1663,1.0571,1.1719,1.1667,67.9839,71.2604,71.3293,69.6007,74.3025,71.556,32.0161,28.7396,28.6707,30.3993,25.6975,28.444,0.0,0.0,0.0,0.0,0.0,0.0
Jharkhand,age_10_13,20,40.5063,45.0437,41.2259,30.4668,46.2203,31.3065,1.7801,0.6777,2.9472,1.3623,2.5675,1.0079,11.9777,10.1492,10.5653,5.3488,12.4185,3.8183,88.0223,89.8508,89.4347,94.6512,87.5815,96.1817,5.6962,6.7149,7.1125,12.5307,6.732,9.397
Jharkhand,age_14_17,20,5.6818,7.3675,6.1705,0.4338,9.8262,2.2202,18.7435,9.4243,29.3409,12.0193,30.9719,11.5158,6.7138,9.7449,13.8311,3.9583,16.1065,2.6126,93.2862,90.2551,86.1689,96.0417,83.8935,97.3874,35.9848,36.4352,38.6983,45.1193,33.1269,41.1193
Jharkhand,age_18_21,20,4.878,5.562,6.3917,1.3636,11.1613,0.9213,35.9686,39.8455,42.1708,40.8921,43.9828,39.7867,10.219,15.2738,25.9053,7.9498,28.6459,3.163,89.781,84.7262,74.0947,92.0502,71.3541,96.837,16.2602,19.8043,18.0363,7.2727,16.5794,10.9715
Jharkhand,age_22_25,20,7.4349,6.1797,8.0382,2.3173,14.115,1.8118,12.5131,17.2755,6.8878,23.5333,6.031,21.2787,20.8824,20.6617,35.4538,7.1192,38.7398,4.7244,79.1176,79.3383,64.5462,92.8808,61.2602,95.2756,13.7546,15.2095,16.7578,4.2781,14.5995,8.8684
Jharkhand,age_26_29,20,6.0606,6.6247,9.4709,1.9332,16.694,1.8009,4.8691,6.1951,1.45,4.7462,1.1442,5.3172,27.5862,26.5915,44.0047,7.9288,47.7473,5.9444,72.4138,73.4085,55.9953,92.0712,52.2527,94.0556,16.4502,18.3096,18.6335,8.7873,15.371,11.213
Jharkhand,age_30_33,20,10.3659,7.1759,10.3438,1.1696,18.5406,2.2337,1.8325,2.7882,0.4315,0.7251,0.3913,1.3585,29.0043,31.3578,51.3114,8.3929,55.6762,5.3248,70.9957,68.6422,48.6886,91.6071,44.3238,94.6752,16.4634,19.4761,17.9757,5.2632,14.9918,10.7698
Jharkhand,age_34_plus,20,8.402,9.6139,12.1545,5.1736,20.6052,4.555,1.466,1.0369,0.1338,0.1978,0.1465,0.3895,49.3745,49.6167,69.162,11.7849,73.1748,15.5323,50.6255,50.3833,30.838,88.2151,26.8252,84.4677,14.9918,16.2391,16.7911,11.0914,14.6696,15.2816
Jharkhand,age_below10,20,93.2692,94.552,95.6633,93.871,95.4922,95.094,1.9895,1.3396,1.7587,1.0108,1.5719,1.0177,75.2675,76.51,75.2566,69.9321,76.7695,72.1919,24.7325,23.49,24.7434,30.0679,23.2305,27.8081,0.0,0.0,0.0,0.0,0.0,0.0
Odisha,age_10_13,21,19.5029,34.7826,24.8471,20.9302,26.4272,27.8481,1.1918,0.5712,0.9148,0.7339,1.2698,0.5553,8.2456,14.5573,9.2126,3.2154,6.8613,5.8122,91.7544,85.4427,90.7874,96.7846,93.1387,94.1878,13.1931,7.6403,11.853,13.289,12.4057,10.6013
Odisha,age_14_17,21,4.4061,7.2042,5.669,1.0453,5.8811,2.7182,20.2871,12.9438,17.8666,11.5963,18.1924,10.0879,4.918,19.138,12.1588,4.3333,8.8207,2.7816,95.082,80.862,87.8412,95.6667,91.1793,97.2184,44.8276,43.3351,44.771,43.554,44.4543,42.7754
Odisha,age_18_21,21,7.5117,8.0624,7.1375,2.8777,6.7003,1.897,41.3868,45.1616,45.4429,41.9083,44.7641,38.6087,14.8,28.4343,17.9597,4.1379,12.2554,6.3452,85.2,71.5657,82.0403,95.8621,87.7446,93.6548,18.3099,25.0876,26.7764,7.1942,29.5772,14.6341
Odisha,age_22_25,21,9.1727,8.7254,8.5245,1.2136,8.5653,3.2874,10.5092,14.7939,12.9977,23.5596,12.9124,22.6284,12.4409,34.7404,21.8586,4.4084,14.9785,7.2763,87.5591,65.2596,78.1414,95.5916,85.0215,92.7237,19.6043,24.8372,27.4203,7.0388,26.9832,11.1347
Odisha,age_26_29,21,11.8712,10.2034,11.7396,2.0619,12.1918,3.7756,3.0336,3.8566,2.8498,4.2569,2.6086,5.5221,16.6107,41.8931,27.1713,3.7221,19.8824,10.0873,83.3893,58.1069,72.8287,96.2779,80.1176,89.9127,19.3159,24.7383,23.3007,8.5052,21.3779,14.2395
Odisha,age_30_33,21,14.2857,11.7824,15.6085,1.0724,16.7754,3.8557,0.8938,1.3991,0.6859,0.844,0.8007,1.3111,24.1667,48.8096,33.7044,7.2139,26.2338,10.5673,75.8333,51.1904,66.2956,92.7861,73.7662,89.4327,14.8352,21.6995,18.4198,10.1877,17.1316,14.1791
Odisha,age_34_plus,21,32.2827,15.7255,26.9874,8.5714,26.7285,6.9611,0.2979,0.4804,0.1856,0.1101,0.2441,0.401,54.2994,67.0395,56.8492,16.1677,47.5652,21.9483,45.7006,32.9605,43.1508,83.8323,52.4348,78.0517,10.2197,16.6048,11.2908,14.5455,11.1883,13.3701
Odisha,age_below10,21,94.1748,95.1489,95.0177,95.3846,94.2514,94.6565,1.4085,0.7761,0.9295,1.1009,0.913,1.2186,74.7549,75.4733,73.949,71.9828,73.227,72.8028,25.2451,24.5267,26.051,28.0172,26.773,27.1972,0.0,0.0,0.0,0.0,0.0,0.0
Chhattisgarh,age_10_13,22,27.7404,35.8092,41.2901,21.6971,33.3063,28.8191,1.4148,0.7706,3.6584,0.9124,2.1232,0.8336,2.357,3.8592,7.5189,1.4815,4.3624,1.6136,97.643,96.1408,92.4811,98.5185,95.6376,98.3864,8.7851,5.7379,4.1288,10.58,8.6772,8.8566
Chhattisgarh,age_14_17,22,1.49,3.1282,6.3576,0.3173,3.7429,1.9483,14.8907,10.9977,25.7542,9.6012,19.8702,9.8873,2.0434,4.482,10.25,0.6828,4.7219,2.172,97.9566,95.518,89.75,99.3172,95.2781,97.828,48.5739,48.5701,44.8276,42.4643,44.7227,44.0417
Chhattisgarh,age_18_21,22,1.6484,2.8453,6.7654,0.6289,3.5968,1.5018,38.7527,43.3764,42.6641,37.7019,42.4427,39.9778,2.6738,7.5291,15.7031,1.1399,6.9471,1.5652,97.3262,92.4709,84.2969,98.8601,93.0529,98.4348,23.8619,27.5529,30.7073,2.7254,26.8203,10.7774
Chhattisgarh,age_22_25,22,1.976,3.5388,7.7495,0.4255,3.9164,1.3984,14.6068,15.9376,6.623,30.5265,12.4048,24.6651,3.5915,11.1664,22.5301,1.1094,9.5101,3.0886,96.4085,88.8336,77.4699,98.8906,90.4899,96.9114,24.8137,23.9333,27.7086,3.2495,24.3801,9.4959
Chhattisgarh,age_26_29,22,2.8025,4.3359,10.1718,0.4747,5.6294,1.7272,4.9304,6.4964,1.3017,6.0806,2.9669,5.4062,4.862,17.6224,32.0584,1.4809,13.95,4.5103,95.138,82.3776,67.9416,98.5191,86.05,95.4897,24.4642,23.7665,26.4313,4.7073,23.1746,11.2795
Chhattisgarh,age_30_33,22,5.2015,5.5278,14.2359,0.6813,7.8379,2.3693,1.5,2.2251,0.325,0.9929,0.9319,1.0263,8.7567,24.3902,43.2448,1.5648,19.8257,5.0018,91.2433,75.6098,56.7552,98.4352,80.1743,94.9982,21.9048,22.2454,23.9041,5.9046,20.5856,11.5457
Chhattisgarh,age_34_plus,22,17.2203,8.9662,23.6445,7.1085,16.9754,5.2265,0.4968,0.7927,0.1128,0.1825,0.3087,0.2939,35.7483,49.5775,70.3357,5.7121,40.8604,15.1601,64.2517,50.4225,29.6643,94.2879,59.1396,84.8399,17.5427,17.576,16.3545,13.3702,16.7117,13.9849
Chhattisgarh,age_below10,22,97.4409,97.014,97.5861,96.9478,95.7389,96.5339,1.0031,1.3745,1.8225,0.8319,1.0862,0.9203,71.4071,72.3869,74.858,70.5395,73.8603,71.0009,28.5929,27.6131,25.142,29.4605,26.1397,28.9991,0.0,0.0,0.0,0.0,0.0,0.0
Madhya Pradesh,age_10_13,23,27.3788,33.5833,36.9819,19.1652,37.718,30.6285,2.6356,1.3586,4.39,1.372,2.5492,1.0872,3.8556,9.9716,8.7433,2.1519,8.3232,6.0655,96.1444,90.0284,91.2567,97.8481,91.6768,93.9345,8.7009,7.5506,5.8466,13.886,7.1566,10.3099
Madhya Pradesh,age_14_17,23,3.8207,4.4916,7.0739,0.9817,7.9567,4.2136,19.5302,12.8511,28.3104,12.4475,23.2659,11.2706,4.535,11.8519,11.9483,1.2067,10.2973,6.2207,95.465,88.1481,88.0517,98.7933,89.7027,93.7793,47.3383,40.9802,42.1938,40.3059,38.6392,40.1544
Madhya Pradesh,age_18_21,23,3.5686,4.2207,6.3747,0.4401,6.7165,3.1746,42.5644,35.4709,43.6132,38.651,45.8329,43.155,7.0034,15.0059,21.2283,1.0733,15.1355,8.6957,92.9966,84.9941,78.7717,98.9267,84.8645,91.3043,26.3448,15.0069,29.5146,5.9468,27.5178,14.9369
Madhya Pradesh,age_22_25,23,4.5059,3.4345,7.364,0.348,7.145,3.0142,9.6532,17.7363,5.664,24.3619,8.5014,21.2616,11.2187,17.6721,30.6835,1.6606,20.9472,10.9177,88.7813,82.3279,69.3165,98.3394,79.0528,89.0823,22.5405,12.1383,24.7802,5.3624,24.206,12.4876
Madhya Pradesh,age_26_29,23,6.7546,3.3537,9.5343,0.4511,8.5284,3.0634,2.3553,8.8217,1.1578,5.7754,1.7351,4.4931,15.7752,20.8436,40.6788,1.8757,27.7015,14.8378,84.2248,79.1564,59.3212,98.1243,72.2985,85.1622,21.9591,11.5959,22.1382,6.686,21.9935,11.5834
Madhya Pradesh,age_30_33,23,9.7751,3.4347,11.8994,0.579,10.6624,4.1164,0.6686,2.5864,0.2612,0.8192,0.518,0.9957,21.0163,23.1133,48.8252,2.216,35.7716,17.5258,78.9837,76.8867,51.1748,97.784,64.2284,82.4742,22.2517,10.6349,20.29,9.0288,20.4624,11.1422
Madhya Pradesh,age_34_plus,23,23.9732,4.368,16.627,5.75,16.5529,5.1539,0.1724,0.935,0.0899,0.1719,0.193,0.3136,53.8502,28.7389,68.4227,8.0078,57.636,26.7676,46.1498,71.2611,31.5773,91.9922,42.364,73.2324,15.4748,9.4356,15.8422,14.7091,16.2108,12.3373
Madhya Pradesh,age_below10,23,94.8586,95.9941,95.6917,95.1205,95.0632,95.2381,1.2824,1.4516,1.9243,1.1431,1.4173,1.1307,71.4036,74.5693,74.0424,71.2316,74.3946,73.5787,28.5964,25.4307,25.9576,28.7684,25.6054,26.4213,0.0,0.0,0.0,0.0,0.0,0.0
Gujarat,age_10_13,24,29.8959,21.4266,25.1159,15.8612,27.086,26.3127,2.5425,0.9131,1.6532,0.5231,1.0949,1.2579,7.6049,4.9662,7.1421,1.692,7.2072,9.4067,92.3951,95.0338,92.8579,98.308,92.7928,90.5933,10.0284,12.7699,10.5102,17.2449,8.8127,11.4454
Gujarat,age_14_17,24,8.0367,4.1073,7.3546,0.6217,7.9551,5.8313,15.8172,7.3843,12.9933,3.8314,11.4497,8.6752,10.483,5.9824,9.2962,1.2028,8.7316,8.6168,89.517,94.0176,90.7038,98.7972,91.2684,91.3832,34.3284,40.083,34.5457,37.3332,31.1902,36.4144
Gujarat,age_18_21,24,7.7869,5.2798,8.1813,0.7506,8.5012,6.0024,44.007,42.3444,51.5042,35.1847,52.0959,42.3658,10.6227,8.5945,13.8523,1.0173,11.8953,13.3195,89.3773,91.4055,86.1477,98.9827,88.1047,86.6805,18.6475,12.2634,15.7424,3.4411,17.1493,11.5246
Gujarat,age_22_25,24,7.6744,6.2804,9.6607,0.6652,10.4433,5.3612,12.3726,19.0443,11.8391,31.8223,11.9778,21.3347,14.7389,11.2953,19.1819,1.4423,16.5241,13.4827,85.2611,88.7047,80.8181,98.5577,83.4759,86.5173,16.3566,12.9393,15.3975,3.6541,16.7313,10.2226
Gujarat,age_26_29,24,9.9907,8.2703,11.7627,0.8512,13.0151,5.8442,1.9215,6.2131,1.8112,6.6789,1.8754,5.3228,19.6283,14.2761,24.4411,1.5372,20.8629,13.6218,80.3717,85.7239,75.5589,98.4628,79.1371,86.3782,16.0037,11.4097,14.1239,3.9993,15.5503,8.3952
Gujarat,age_30_33,24,11.8391,9.6536,14.3402,0.9362,16.3763,6.5837,0.4804,1.6026,0.4004,1.4302,0.5621,0.8551,25.1935,18.3991,30.749,1.7438,25.6878,13.459,74.8065,81.6009,69.251,98.2562,74.3122,86.541,14.1379,10.3153,13.5473,4.9295,13.7301,10.057
Gujarat,age_34_plus,24,21.266,11.6344,22.6468,7.4185,27.5065,8.2828,0.1992,0.4555,0.1269,0.4119,0.1904,0.2479,49.0944,30.8705,50.3654,5.7065,43.5845,22.0613,50.9056,69.1295,49.6346,94.2935,56.4155,77.9387,10.2193,9.2786,10.3165,7.3941,9.3353,10.4116
Gujarat,age_below10,24,93.1343,93.3726,94.0316,94.1087,93.9631,95.0192,3.14,2.2585,2.4273,1.4086,2.1396,1.8776,75.4038,70.7371,73.3154,70.2524,73.72,75.0954,24.5962,29.2629,26.6846,29.7476,26.28,24.9046,0.0,0.0,0.0,0.0,0.0,0.0
Daman & Diu,age_10_13,25,12.5,18.9189,22.1686,0.0,37.8284,25.0,1.7241,0.1105,1.3445,2.2222,0.9903,2.1277,0.0,2.6316,3.5493,0.0,5.6198,0.0,100.0,97.3684,96.4507,100.0,94.3802,100.0,12.5,8.1081,13.612,25.0,6.655,25.0
Daman & Diu,age_14_17,25,0.0,0.0,2.6347,10.0,4.8936,0.0,6.8966,3.0939,14.5818,4.4444,15.485,6.383,16.6667,3.3898,3.7385,0.0,7.1146,25.0,83.3333,96.6102,96.2615,100.0,92.8854,75.0,20.0,43.8596,42.74,30.0,40.0,0.0
Daman & Diu,age_18_21,25,0.0,3.0303,3.8999,0.0,7.1672,0.0,55.1724,23.2044,48.379,36.6667,46.7027,38.2979,0.0,2.9412,7.2634,0.0,6.0897,0.0,100.0,97.0588,92.7366,100.0,93.9103,100.0,0.0,6.0606,15.4046,0.0,20.8191,0.0
Daman & Diu,age_22_25,25,0.0,4.8544,5.149,0.0,8.2245,0.0,18.9655,28.5083,13.7617,33.3333,14.4497,29.7872,10.0,2.8302,11.6202,7.1429,11.8527,0.0,90.0,97.1698,88.3798,92.8571,88.1473,100.0,11.1111,3.8835,18.1562,23.0769,16.9713,0.0
Daman & Diu,age_26_29,25,5.8824,1.7699,6.5501,0.0,9.6685,0.0,6.8966,14.6961,2.9523,6.6667,3.151,8.5106,5.5556,3.4188,15.0411,0.0,16.9725,0.0,94.4444,96.5812,84.9589,100.0,83.0275,100.0,29.4118,5.3097,17.3776,7.6923,17.2652,0.0
Daman & Diu,age_30_33,25,0.0,5.0847,7.7982,0.0,8.9127,0.0,0.0,4.8619,0.7529,0.0,1.1254,2.1277,0.0,4.065,17.7212,7.1429,19.6275,0.0,100.0,95.935,82.2788,92.8571,80.3725,100.0,28.5714,13.5593,17.9483,0.0,18.8948,0.0
Daman & Diu,age_34_plus,25,18.1818,16.1787,20.034,3.7736,21.3007,0.0,0.0,1.2155,0.2673,0.0,0.2926,0.0,26.6667,10.1108,39.1003,10.1695,31.2269,6.0606,73.3333,89.8892,60.8997,89.8305,68.7731,93.9394,0.0,13.4052,14.3745,9.434,10.5012,6.4516
Daman & Diu,age_below10,25,100.0,95.5556,94.6349,100.0,95.9427,100.0,6.8966,0.5525,1.3486,0.0,1.1929,2.1277,81.8182,71.519,74.7491,57.1429,74.2471,85.7143,18.1818,28.481,25.2509,42.8571,25.7529,14.2857,0.0,0.0,0.0,0.0,0.0,0.0
Dadra & Nagar Haveli,age_10_13,26,31.25,30.4878,29.2741,14.7059,27.8729,33.3333,0.5917,0.6939,1.1867,0.8523,1.2061,2.1739,0.0,2.7668,6.157,0.0,3.9906,25.0,100.0,97.2332,93.843,100.0,96.0094,75.0,18.75,5.2846,7.727,17.6471,8.313,33.3333
Dadra & Nagar Haveli,age_14_17,26,0.0,7.6233,11.0024,0.0,6.2827,0.0,22.4852,13.6469,17.3261,5.1136,17.5949,4.3478,0.0,8.2305,13.54,9.375,4.5,0.0,100.0,91.7695,86.46,90.625,95.5,100.0,50.0,45.7399,40.9788,31.0345,38.2199,28.5714
Dadra & Nagar Haveli,age_18_21,26,0.0,14.7727,10.9312,0.0,5.8824,33.3333,49.1124,37.0085,49.6292,42.3295,50.5144,41.3043,14.2857,19.2661,22.9028,7.6923,11.3744,0.0,85.7143,80.7339,77.0972,92.3077,88.6256,100.0,33.3333,12.5,20.1923,0.0,17.1123,0.0
Dadra & Nagar Haveli,age_22_25,26,5.0,9.0909,10.0953,1.9231,6.0659,0.0,11.8343,20.7402,12.1829,31.8182,11.7772,39.1304,16.6667,22.807,29.038,0.0,12.1766,25.0,83.3333,77.193,70.962,100.0,87.8234,75.0,22.5,10.7955,17.7095,5.7692,16.6378,0.0
Dadra & Nagar Haveli,age_26_29,26,10.5263,8.589,8.8582,0.0,12.1901,9.0909,2.9586,6.9391,2.2609,6.5341,2.9443,2.1739,9.5238,27.5556,33.5167,0.0,15.3846,0.0,90.4762,72.4444,66.4833,100.0,84.6154,100.0,31.5789,7.9755,17.1907,0.0,14.6694,0.0
Dadra & Nagar Haveli,age_30_33,26,9.5238,7.5758,9.6832,1.9608,12.1884,0.0,0.0,1.1565,0.4399,0.8523,0.2838,2.1739,25.0,25.4237,39.4252,0.0,19.5991,0.0,75.0,74.5763,60.5748,100.0,80.4009,100.0,4.7619,7.5758,15.4517,1.9608,17.1745,0.0
Dadra & Nagar Haveli,age_34_plus,26,22.5806,10.4034,15.6564,5.3097,21.9902,0.0,0.5917,0.3855,0.124,0.0,0.2128,0.0,38.0,41.2718,66.2914,4.6414,35.3968,3.8462,62.0,58.7282,33.7086,95.3586,64.6032,96.1538,6.4516,9.1295,12.3324,7.9646,8.8452,16.0
Dadra & Nagar Haveli,age_below10,26,100.0,94.7368,94.9478,84.6154,90.9408,100.0,2.3669,1.9275,2.8274,2.2727,2.5186,0.0,77.9221,63.3205,73.1529,69.7674,76.6856,60.0,22.0779,36.6795,26.8471,30.2326,23.3144,40.0,0.0,0.0,0.0,0.0,0.0,0.0
Maharashtra,age_10_13,27,29.6686,22.8216,31.2368,20.9493,30.5525,26.5352,1.9104,0.6404,1.8991,0.8673,1.72,1.0869,3.3758,3.5777,5.079,2.3854,5.2326,5.0023,96.6242,96.4223,94.921,97.6146,94.7674,94.9977,8.3275,11.3422,7.9189,11.3265,9.4891,10.5154
Maharashtra,age_14_17,27,3.1194,1.7628,4.1544,0.6381,4.8811,3.1361,17.2158,5.2143,17.9975,8.0271,18.3763,9.0115,3.3901,3.0551,5.1638,1.6739,5.1871,4.9671,96.6099,96.9449,94.8362,98.3261,94.8129,95.0329,44.7598,41.9394,42.6681,40.7721,39.6819,39.643
Maharashtra,age_18_21,27,3.5339,2.0911,4.5984,0.7035,5.1658,3.0409,42.8505,25.3905,44.3385,37.0462,45.9843,36.7206,4.3805,3.6806,7.2268,1.7471,6.9116,5.7592,95.6195,96.3194,92.7732,98.2529,93.0884,94.2408,17.0997,7.379,14.9927,3.643,18.4763,7.6023
Maharashtra,age_22_25,27,4.8064,2.1442,5.6789,0.7213,6.3855,2.9415,10.1939,24.4365,10.7296,26.8484,10.0322,22.6583,6.2836,4.5734,10.0628,2.0631,9.8444,6.8271,93.7164,95.4266,89.9372,97.9369,90.1556,93.1729,19.1199,7.5251,16.5582,4.039,17.6952,8.0021
Maharashtra,age_26_29,27,7.1979,2.5836,7.5729,0.8374,8.9493,3.2482,2.4787,12.9657,2.5253,5.8118,2.054,6.517,9.4551,5.6146,14.0608,2.2403,14.4553,7.578,90.5449,94.3854,85.9392,97.7597,85.5447,92.422,20.1521,7.9461,16.6024,4.9418,16.3626,7.4635
Maharashtra,age_30_33,27,11.3365,3.6347,11.0368,1.2562,12.4244,3.9642,0.6976,4.0095,0.5994,1.1151,0.6006,1.4949,14.9802,6.9062,19.773,2.4277,19.7856,8.6856,85.0198,93.0938,80.227,97.5723,80.2144,91.3144,20.1392,8.1352,15.6786,6.1439,14.9979,7.9768
Maharashtra,age_34_plus,27,26.0583,7.5452,21.444,9.6284,23.4214,6.3962,0.2064,1.3797,0.1847,0.3641,0.2222,0.4607,45.5649,13.615,43.2354,9.0304,39.1844,16.7877,54.4351,86.385,56.7646,90.9696,60.8156,83.2123,13.5886,8.7572,10.537,8.4809,10.5385,9.9368
Maharashtra,age_below10,27,95.7103,95.1961,95.7022,96.0931,94.4527,94.563,2.2965,2.0371,2.4997,2.0098,2.1439,1.9571,72.2852,71.4201,73.2157,71.2228,73.8627,73.2391,27.7148,28.5799,26.7843,28.7772,26.1373,26.7609,0.0,0.0,0.0,0.0,0.0,0.0
Andhra Pradesh,age_10_13,28,21.0646,18.9302,19.1773,14.9091,21.4591,20.6751,3.7146,3.11,4.3498,1.048,2.6453,3.1873,8.8072,5.776,6.4346,4.4586,7.2016,14.2547,91.1928,94.224,93.5654,95.5414,92.7984,85.7453,13.2319,17.5936,16.5543,20.1818,15.8634,17.2996
Andhra Pradesh,age_14_17,28,2.0701,2.1672,2.4122,1.0322,2.8955,3.4387,19.5828,20.2793,26.149,9.9901,21.7801,16.2749,10.3498,6.3295,8.1867,3.2315,8.2713,12.3064,89.6502,93.6705,91.8133,96.7685,91.7287,87.6936,30.6529,34.163,34.9021,32.6047,31.4667,32.4349
Andhra Pradesh,age_18_21,28,3.7855,2.6252,3.1575,2.1459,2.8171,3.6332,40.28,32.0413,36.0669,39.6689,39.6859,35.3187,14.0921,10.6486,14.523,4.6059,12.0988,19.3863,85.9079,89.3514,85.477,95.3941,87.9012,80.6137,8.5174,6.5848,7.8129,3.8627,8.1667,7.7855
Andhra Pradesh,age_22_25,28,4.8551,3.4,4.4043,0.9294,3.5534,2.8105,7.2388,11.597,6.7782,22.6963,8.225,13.9512,23.6701,15.7157,23.1219,7.1401,17.6431,23.5382,76.3299,84.2843,76.8781,92.8599,82.3569,76.4618,7.1261,5.8006,7.6821,3.1263,6.9443,6.6667
Andhra Pradesh,age_26_29,28,4.8828,4.8052,6.919,1.434,4.9192,2.822,1.6764,4.2506,1.2772,3.8633,1.5526,3.9619,35.3535,22.2456,35.1398,7.2741,26.1732,25.8186,64.6465,77.7544,64.8602,92.7259,73.8268,74.1814,8.5938,5.7827,8.0081,4.2176,6.7448,5.4993
Andhra Pradesh,age_30_33,28,8.1879,5.6997,8.8445,1.2906,6.2663,3.1332,0.4667,1.127,0.3261,0.6945,0.48,0.8725,42.7803,26.4062,44.0186,8.5664,34.9334,25.1953,57.2197,73.5938,55.9814,91.4336,65.0666,74.8047,9.5302,5.6303,8.1154,5.7839,6.6977,6.7885
Andhra Pradesh,age_34_plus,28,9.6104,7.6069,13.3964,5.3509,10.0409,4.4114,0.2857,0.4144,0.1524,0.2667,0.2065,0.4897,73.361,41.0208,67.1942,17.1769,59.7163,36.4367,26.639,58.9792,32.8058,82.8231,40.2837,63.5633,7.1429,6.3088,7.5038,9.6147,6.1761,6.4684
Andhra Pradesh,age_below10,28,90.0531,90.6056,91.7318,90.6654,89.6528,90.2778,2.5526,2.1854,2.6557,2.0092,2.1466,2.1991,76.0407,72.3283,72.2793,74.0216,73.1926,76.2091,23.9593,27.6717,27.7207,25.9784,26.8074,23.7909,0.0,0.0,0.0,0.0,0.0,0.0
Karnataka,age_10_13,29,27.8786,23.11,26.2915,25.0,26.7344,24.7718,2.3147,0.5659,1.8551,1.5728,1.6029,1.06,8.5514,3.1359,5.5491,2.4439,4.6118,7.2551,91.4486,96.8641,94.4509,97.5561,95.3882,92.7449,11.4096,11.4343,9.6637,8.7017,10.4482,13.2986
Karnataka,age_14_17,29,4.5908,0.9649,2.7699,0.654,2.8978,2.7624,14.8338,5.7873,14.8197,13.6242,16.4861,9.5913,8.1296,2.6833,6.8607,1.7868,5.7164,7.6531,91.8704,97.3167,93.1393,98.2132,94.2836,92.3469,42.648,41.7515,42.5337,43.9934,40.0684,37.9834
Karnataka,age_18_21,29,3.4225,1.1168,3.6422,0.8309,3.8229,2.3866,37.8681,29.7379,42.4831,42.1567,45.6147,37.7522,13.1821,3.4706,11.1123,2.6499,9.0352,7.7093,86.8179,96.5294,88.8877,97.3501,90.9648,92.2907,12.1344,5.3205,11.0794,6.2464,13.143,6.9212
Karnataka,age_22_25,29,3.9109,1.6257,4.7525,1.4958,5.0034,3.2446,11.6725,24.3664,12.1058,16.4641,10.5688,20.6386,16.9512,4.6536,15.4282,3.5492,12.7181,11.4875,83.0488,95.3464,84.5718,96.4508,87.2819,88.5125,8.7068,5.3102,10.8221,7.0453,11.5811,5.6572
Karnataka,age_26_29,29,5.3775,2.1055,7.1966,2.669,7.9952,3.3386,4.152,10.8213,3.2554,3.5021,2.1998,8.0587,23.9437,6.7587,23.1552,6.1875,19.6424,16.1892,76.0563,93.2413,76.8448,93.8125,80.3576,83.8108,10.7906,6.8512,11.3624,8.0235,11.0597,7.7107
Karnataka,age_30_33,29,5.0805,2.8474,9.6644,4.0075,11.1711,3.1762,1.7338,2.6757,0.8259,0.7804,0.6226,1.6347,30.2701,8.094,30.7126,8.8072,26.4382,17.1477,69.7299,91.906,69.2874,91.1928,73.5618,82.8523,12.7767,7.5714,10.6949,8.2265,10.2435,6.7623
Karnataka,age_34_plus,29,11.5759,8.3224,17.3076,12.4493,19.9292,6.1109,0.8376,0.8717,0.2407,0.2321,0.2036,0.4981,63.8167,18.1058,55.8903,28.8218,49.9327,28.565,36.1833,81.8942,44.1097,71.1782,50.0673,71.435,11.3467,8.5867,8.3584,8.7854,8.0189,6.769
Karnataka,age_below10,29,94.4503,95.3796,95.5277,96.7746,94.7287,93.7276,2.1796,1.7189,2.5605,2.4203,2.6413,1.9668,73.4131,71.6626,73.1426,70.9739,72.8622,74.7626,26.5869,28.3374,26.8574,29.0261,27.1378,25.2374,0.0,0.0,0.0,0.0,0.0,0.0
Goa,age_10_13,30,41.3793,24.8954,28.1509,33.3333,33.5,32.1429,0.9231,0.2317,0.8866,0.5797,1.8498,0.7895,3.3333,2.3929,3.1672,4.5455,4.1394,0.0,96.6667,97.6071,96.8328,95.4545,95.8606,100.0,3.4483,8.9406,7.4373,14.2857,6.8409,14.2857
Goa,age_14_17,30,0.0,1.0047,2.112,3.3333,5.0103,2.2727,6.7692,1.623,5.7135,8.6957,14.3154,6.0526,4.1667,1.8819,2.6798,3.2258,4.2323,2.2222,95.8333,98.1181,97.3202,96.7742,95.7677,97.7778,39.1304,39.6387,40.1696,30.0,38.2066,27.2727
Goa,age_18_21,30,0.0,2.1727,3.2084,0.0,4.4603,0.0,22.7692,15.3719,23.7161,31.0145,37.8982,33.9474,0.0,2.2651,4.0767,0.0,6.1925,10.5263,100.0,97.7349,95.9233,100.0,93.8075,89.4737,16.6667,8.872,15.3292,0.0,16.5031,5.8824
Goa,age_22_25,30,4.0816,1.3629,3.4286,0.0,6.2987,0.0,24.0,26.9788,23.9042,26.6667,16.4007,28.9474,2.0,2.4292,5.8657,4.7619,9.5559,2.2222,98.0,97.5708,94.1343,95.2381,90.4441,97.7778,14.2857,8.5808,15.2863,0.0,13.8503,4.5455
Goa,age_26_29,30,5.2632,1.1103,4.303,0.0,8.4836,3.7037,12.3077,17.8159,13.7207,11.0145,5.1306,11.0526,1.7241,2.8711,7.7654,4.878,15.3166,6.8966,98.2759,97.1289,92.2346,95.122,84.6834,93.1034,3.5088,9.6972,15.2795,5.1282,12.4881,3.7037
Goa,age_30_33,30,6.383,1.9841,5.5575,0.0,10.1807,2.0,5.5385,6.107,5.181,2.029,1.7397,2.1053,6.0,3.9235,8.4894,2.5,18.973,3.8462,94.0,96.0765,91.5106,97.5,81.027,96.1538,14.8936,9.7691,14.962,5.1282,10.9443,0.0
Goa,age_34_plus,30,13.587,9.0497,16.6347,4.2553,16.5344,3.4632,2.1538,2.2179,1.5092,1.4493,0.6604,0.7895,17.8571,20.4633,26.2919,8.5603,32.7009,9.4118,82.1429,79.5367,73.7081,91.4397,67.2991,90.5882,8.6957,12.244,11.7537,8.0851,11.1158,9.0909
Goa,age_below10,30,95.8333,95.9216,94.9762,100.0,93.1359,100.0,1.2308,1.3831,1.9603,2.8986,2.5836,2.8947,66.6667,70.4245,72.8593,77.9221,74.9367,70.7547,33.3333,29.5755,27.1407,22.0779,25.0633,29.2453,0.0,0.0,0.0,0.0,0.0,0.0
Lakshadweep,age_10_13,31,,0.0,0.0,,25.1605,,,0.0,0.0,0.0,1.3976,0.0,,0.0,0.0,,2.6943,,,100.0,100.0,,97.3057,,,0.0,0.0,,3.5313,
Lakshadweep,age_14_17,31,,0.0,0.0,0.0,1.881,,,0.0,6.2992,0.0,15.0008,0.0,,0.0,0.0,0.0,1.2953,,,100.0,100.0,100.0,98.7047,,,0.0,46.1538,100.0,48.4689,
Lakshadweep,age_18_21,31,,0.0,0.0,,2.2352,,,18.1818,34.6457,0.0,40.2584,0.0,,0.0,0.0,,1.9066,,,100.0,100.0,,98.0934,,,0.0,0.0,,14.6744,
Lakshadweep,age_22_25,31,,0.0,0.0,,2.566,,,31.8182,32.2835,100.0,15.9697,100.0,,0.0,7.1429,100.0,1.8613,,,100.0,92.8571,0.0,98.1387,,,0.0,7.6923,,21.9784,
Lakshadweep,age_26_29,31,,0.0,0.0,0.0,4.1727,,,36.3636,14.9606,0.0,4.6328,0.0,,0.0,6.6667,0.0,1.8868,,,100.0,93.3333,100.0,98.1132,,,0.0,14.2857,100.0,32.91,
Lakshadweep,age_30_33,31,,0.0,0.0,,8.9488,,,0.0,4.7244,0.0,1.0914,0.0,,0.0,0.0,,2.9211,,,100.0,100.0,,97.0789,,,0.0,15.0,,32.9816,
Lakshadweep,age_34_plus,31,,6.6667,4.7059,,26.9555,0.0,,4.5455,0.0,0.0,0.3564,0.0,,0.0,2.2989,,23.423,0.0,,100.0,97.7011,,76.577,100.0,,13.3333,10.5882,,17.6895,0.0
Lakshadweep,age_below10,31,100.0,100.0,100.0,100.0,96.9902,100.0,,0.0,0.7874,0.0,1.1972,0.0,0.0,50.0,58.3333,50.0,73.4889,0.0,100.0,50.0,41.6667,50.0,26.5111,100.0,0.0,0.0,0.0,0.0,0.0,0.0
Kerala,age_10_13,32,30.198,21.9228,20.2505,22.2222,24.5232,20.6897,0.2606,0.0838,0.3021,0.2642,1.4923,0.2092,1.4634,1.0799,1.2308,2.5,1.2536,1.6949,98.5366,98.9201,98.7692,97.5,98.7464,98.3051,8.9109,9.9189,11.7342,9.4017,9.7009,15.5172
Kerala,age_14_17,32,8.0745,6.1521,6.3256,7.0312,5.8372,5.4545,5.2997,3.0661,6.5577,4.8217,24.8928,5.0209,1.227,0.7521,0.8448,0.0,0.757,0.9009,98.773,99.2479,99.1552,100.0,99.243,99.0991,45.9627,43.5066,42.1666,39.0625,44.5214,47.2727
Kerala,age_18_21,32,3.1746,3.5116,3.0429,3.1746,4.8737,5.5556,26.3249,28.2867,33.5244,31.3078,41.413,30.6485,0.0,0.743,1.0103,0.0,0.6855,1.8182,100.0,99.257,98.9897,100.0,99.3145,98.1818,6.3492,2.364,4.4505,6.3492,7.0806,1.8519
Kerala,age_22_25,32,2.2857,0.6294,1.2718,0.6135,2.0816,3.125,26.8462,32.5926,23.9594,27.7411,8.9271,26.2552,0.5682,0.9133,1.3175,1.2121,0.8511,2.2901,99.4318,99.0867,98.6825,98.7879,99.1489,97.7099,6.2857,4.7386,9.034,7.362,15.6655,6.25
Kerala,age_26_29,32,1.6393,0.6763,1.5143,0.0,1.7188,0.6849,9.6438,12.0845,7.7243,8.8507,1.544,8.7866,1.0811,1.1297,1.8614,2.3529,1.0897,2.6667,98.9189,98.8703,98.1386,97.6471,98.9103,97.3333,16.3934,10.1285,16.4421,13.8554,28.8566,11.6438
Kerala,age_30_33,32,0.0,1.0867,2.1941,0.0,3.066,0.7752,2.5195,2.3786,2.0026,1.7834,0.4566,2.3013,2.6144,1.4662,2.445,1.8293,1.5896,3.7313,97.3856,98.5338,97.555,98.1707,98.4104,96.2687,10.0671,12.3471,18.7946,11.8012,31.6913,16.2791
Kerala,age_34_plus,32,20.1429,13.1798,16.2003,8.5766,27.7379,13.5889,0.8688,0.8069,0.8668,0.5945,0.2871,0.6276,11.2801,6.229,14.0954,6.2447,19.2902,9.8901,88.7199,93.771,85.9046,93.7553,80.7098,90.1099,12.4286,14.3918,17.6161,13.4124,17.3883,13.0662
Kerala,age_below10,32,99.3377,96.5392,96.0422,91.8605,96.6384,97.1014,0.8688,0.9032,0.9967,0.9908,1.5815,1.2552,73.4622,69.3927,70.5609,69.395,72.7881,76.9231,26.5378,30.6073,29.4391,30.605,27.2119,23.0769,0.0,0.0,0.0,0.0,0.0,0.0
Tamil Nadu,age_10_13,33,10.7735,10.5445,10.5919,10.7892,12.4477,12.6649,0.4407,0.2866,0.9051,0.6051,1.0633,0.6953,1.3624,1.7661,2.3866,1.7235,2.4458,2.3196,98.6376,98.2339,97.6134,98.2765,97.5542,97.6804,20.1657,21.6065,21.3566,21.3496,20.1782,24.2744
Tamil Nadu,age_14_17,33,0.5277,0.5341,0.7697,0.5333,1.0202,0.8451,9.0508,5.8541,14.6792,8.977,16.6088,10.3812,1.5584,1.3062,2.3519,1.7222,2.1695,2.7397,98.4416,98.6938,97.6481,98.2778,97.8305,97.2603,34.8285,37.1138,39.0207,34.5143,39.4902,40.5634
Tamil Nadu,age_18_21,33,0.4673,0.6082,1.1857,0.2956,1.4099,1.7094,35.9322,32.8772,39.8351,40.3489,43.0069,36.6819,5.3097,1.6222,3.9139,1.6,3.1975,4.4898,94.6903,98.3778,96.0861,98.4,96.8025,95.5102,3.7383,7.4407,13.3708,3.1042,16.1578,8.547
Tamil Nadu,age_22_25,33,1.4028,0.9329,1.8157,0.5309,1.778,1.8613,21.1864,26.1551,15.7613,25.1831,13.8864,20.3069,6.729,2.711,7.3532,3.218,4.7887,8.3721,93.271,97.289,92.6468,96.782,95.2113,91.6279,8.4168,10.2895,16.6592,4.3588,19.9981,12.5212
Tamil Nadu,age_26_29,33,1.9737,1.7968,3.5282,0.9737,3.0773,1.4184,7.4237,9.5976,4.1158,4.8158,2.7308,5.1546,8.6172,4.6046,13.9789,4.9762,7.4987,12.0125,91.3828,95.3954,86.0211,95.0238,92.5013,87.9875,11.1842,13.9496,19.9595,6.2895,23.8477,13.4752
Tamil Nadu,age_30_33,33,1.2438,2.8353,5.3374,0.9186,4.8734,3.252,1.6271,1.9786,0.9483,0.9589,0.6915,1.4385,9.2551,6.885,21.2871,5.4016,10.9737,13.0742,90.7449,93.115,78.7129,94.5984,89.0263,86.9258,12.9353,15.432,19.8674,7.001,23.7754,9.5528
Tamil Nadu,age_34_plus,33,6.0073,7.8411,10.7702,5.2609,11.7706,5.7372,0.4407,0.5391,0.2737,0.2194,0.2358,0.4555,25.8958,22.4079,49.3186,13.5987,31.0209,32.8582,74.1042,77.5921,50.6814,86.4013,68.9791,67.1418,16.044,15.4158,17.7058,16.4052,18.8146,13.4825
Tamil Nadu,age_below10,33,91.7647,91.0087,90.6092,91.0734,91.0098,92.7798,1.0847,1.0746,1.168,1.2066,1.1849,0.935,71.792,71.3121,71.4026,71.2078,72.716,73.2367,28.208,28.6879,28.5974,28.7922,27.284,26.7633,0.0,0.0,0.0,0.0,0.0,0.0
Puducherry,age_10_13,34,10.0,12.5313,12.9215,12.0,16.8054,23.0769,0.8696,0.3101,0.8836,1.3986,1.0399,0.0,0.0,1.9656,2.4386,1.9608,2.2093,0.0,100.0,98.0344,97.5614,98.0392,97.7907,100.0,15.0,16.9173,16.6863,24.0,13.9516,23.0769
Puducherry,age_14_17,34,0.0,0.3778,0.5156,0.0,0.8732,0.0,9.5652,6.3412,11.7831,8.1585,14.6755,12.1622,0.0,1.2438,1.5868,0.0,1.0695,0.0,100.0,98.7562,98.4132,100.0,98.9305,100.0,36.3636,40.2603,41.8485,36.1111,43.9501,58.3333
Puducherry,age_18_21,34,0.0,0.6359,0.7574,0.0,0.5216,0.0,22.6087,26.9232,34.4121,37.5291,41.9025,25.6757,11.1111,1.2559,2.3495,0.0,1.396,16.6667,88.8889,98.7441,97.6505,100.0,98.604,83.3333,12.5,8.1081,10.0808,0.0,10.4322,0.0
Puducherry,age_22_25,34,0.0,0.8318,1.0656,0.0,0.669,0.0,26.087,23.2895,19.5049,27.5058,15.8202,29.7297,0.0,2.4913,4.0748,1.7857,1.9675,0.0,100.0,97.5087,95.9252,98.2143,98.0325,100.0,0.0,10.2496,12.5585,5.4545,16.5908,0.0
Puducherry,age_26_29,34,0.0,1.4528,2.1123,0.0,1.9597,0.0,8.6957,11.9429,7.0952,5.8275,3.3374,5.4054,4.5455,3.8292,7.2509,0.0,2.9326,14.2857,95.4545,96.1708,92.7491,100.0,97.0674,85.7143,0.0,14.6355,18.1843,3.0303,23.5166,0.0
Puducherry,age_30_33,34,0.0,2.6167,3.2124,1.3333,3.3294,0.0,3.4783,3.3475,1.6897,0.9324,0.9311,0.0,11.1111,7.0481,11.6136,0.0,4.9566,0.0,88.8889,92.9519,88.3864,100.0,95.0434,100.0,31.25,16.7113,19.0202,4.0,26.0754,30.0
Puducherry,age_34_plus,34,5.7692,5.8855,8.6928,5.6,14.6115,7.8947,0.8696,1.0655,0.4958,0.2331,0.3829,0.0,26.7606,20.6526,37.256,9.7473,22.7388,29.6296,73.2394,79.3474,62.744,90.2527,77.2612,70.3704,25.0,18.7696,19.9289,11.6,20.4475,18.4211
Puducherry,age_below10,34,100.0,92.2663,93.2589,96.5517,94.2628,100.0,0.8696,0.8269,0.792,1.1655,0.9311,1.3514,90.3226,72.4477,72.7835,74.5614,73.5869,88.0,9.6774,27.5523,27.2165,25.4386,26.4131,12.0,0.0,0.0,0.0,0.0,0.0,0.0
Andaman & Nicobar Islands,age_10_13,35,21.7391,27.3823,23.5106,33.3333,25.6182,24.3243,3.3898,0.7369,2.8616,11.1111,1.7888,0.8021,4.1667,3.318,1.8589,0.0,2.1297,0.0,95.8333,96.682,98.1411,100.0,97.8703,100.0,8.6957,8.5798,10.5605,0.0,9.4955,8.1081
Andaman & Nicobar Islands,age_14_17,35,0.0,2.5859,1.7608,0.0,1.4271,0.0,5.0847,9.1065,22.1176,0.0,17.7788,9.3583,0.0,2.2038,1.2976,0.0,1.2085,2.5,100.0,97.7962,98.7024,100.0,98.7915,97.5,42.8571,48.0236,47.0008,0.0,45.7696,35.8974
Andaman & Nicobar Islands,age_18_21,35,0.0,1.7228,2.2878,,2.2403,0.0,37.2881,36.4677,37.888,22.2222,36.7537,33.4225,0.0,3.5405,2.3677,,1.8,0.0,100.0,96.4595,97.6323,,98.2,100.0,16.6667,22.8464,22.695,,13.0346,0.0
Andaman & Nicobar Islands,age_22_25,35,0.0,3.5613,3.9862,,2.1247,2.381,18.6441,21.1234,14.4554,33.3333,18.086,27.0053,0.0,5.7288,5.0234,,3.5053,2.3256,100.0,94.2712,94.9766,,96.4947,97.6744,26.6667,24.2793,23.667,,17.135,9.5238
Andaman & Nicobar Islands,age_26_29,35,9.0909,3.9658,5.4106,0.0,3.1385,1.7241,11.8644,9.2177,4.972,33.3333,6.486,9.893,0.0,7.5611,8.5365,0.0,4.3555,0.0,100.0,92.4389,91.4635,100.0,95.6445,100.0,9.0909,30.9832,26.0901,100.0,22.8308,13.7931
Andaman & Nicobar Islands,age_30_33,35,6.25,4.4933,7.6814,33.3333,3.2798,2.0408,0.0,3.536,1.2052,0.0,1.7669,2.139,0.0,10.7577,10.8602,0.0,5.4125,5.7692,100.0,89.2423,89.1398,100.0,94.5875,94.2308,25.0,32.8169,26.0826,0.0,26.8667,18.3673
Andaman & Nicobar Islands,age_34_plus,35,0.0,11.4551,15.5311,0.0,11.7606,5.5794,1.6949,1.4135,0.4098,0.0,0.7463,0.5348,32.4324,38.1889,35.7755,20.0,19.4235,10.3846,67.5676,61.8111,64.2245,80.0,80.5765,89.6154,28.0,24.1357,18.6843,50.0,17.8864,20.1717
Andaman & Nicobar Islands,age_below10,35,100.0,95.2352,95.7384,100.0,96.8919,88.0,0.0,0.5283,0.924,0.0,0.6475,0.5348,88.2353,73.304,71.4222,75.0,70.8317,68.3544,11.7647,26.696,28.5778,25.0,29.1683,31.6456,0.0,0.0,0.0,0.0,0.0,0.0
