state_name,age_bracket,state_code,Below_primary_share_ST_female,CMPR_ST_female,CMPR_ST_persons,Child_labour_attending_ST_female,Child_labour_dropout_ST_female,Dropout_rate_ST_female,Graduate_share_ST_female,Illiteracy_rate_ST_female,Literacy_rate_ST_female,Non_worker_dropout_ST_female,School_attendance_rate_ST_female
INDIA,age_10_13,00,39.3357,2.4394,1.9096,3.8501,5.4804,19.1223,0.0,15.4595,84.5405,13.6418,80.8777
INDIA,age_14_17,00,10.4409,11.112,7.2543,5.4367,24.141,40.6905,0.0,19.9234,80.0766,16.5495,59.3095
INDIA,age_18_21,00,11.3108,51.7381,36.0166,4.7608,47.8351,69.8913,0.0,31.5719,68.4281,22.0561,30.1087
INDIA,age_22_25,00,13.2978,80.165,69.0173,,,,5.6764,40.9877,59.0123,,
INDIA,age_26_29,00,16.1119,88.0596,82.9923,,,,8.034,51.1679,48.8321,,
INDIA,age_30_33,00,19.186,90.5749,89.8755,,,,6.7548,59.5202,40.4798,,
INDIA,age_34_plus,00,27.0091,75.1751,82.6645,,,,4.3983,78.9324,21.0676,,
INDIA,age_below10,00,94.8465,0.0,0.0,1.45,1.2071,38.3846,0.0,76.7478,23.2522,37.1775,61.6154
Jammu & Kashmir,age_10_13,01,37.1828,2.0794,1.6517,4.4146,4.9622,28.2146,0.0,28.3754,71.6246,23.2525,71.7854
Jammu & Kashmir,age_14_17,01,5.5212,7.5923,5.3201,5.2153,14.7695,41.8506,0.0,32.9324,67.0676,27.0811,58.1494
Jammu & Kashmir,age_18_21,01,4.3125,41.3883,28.3206,3.9155,26.354,64.0236,0.0,45.1378,54.8622,37.6696,35.9764
Jammu & Kashmir,age_22_25,01,4.4247,74.6843,61.786,,,,6.0115,54.7713,45.2287,,
Jammu & Kashmir,age_26_29,01,4.0663,86.1705,79.1792,,,,9.442,65.0175,34.9825,,
Jammu & Kashmir,age_30_33,01,4.8383,92.3586,89.3695,,,,8.5939,72.3356,27.6644,,
Jammu & Kashmir,age_34_plus,01,6.9706,83.6668,86.0461,,,,5.7041,88.5211,11.4789,,
Jammu & Kashmir,age_below10,01,94.8675,0.0,0.0,1.6277,1.5436,49.6241,0.0,82.4936,17.5064,48.0806,50.3759
Himachal Pradesh,age_10_13,02,22.7939,1.7924,1.5057,15.2138,3.11,8.0451,0.0,5.6203,94.3797,4.9351,91.9549
Himachal Pradesh,age_14_17,02,1.7379,4.7399,3.3499,18.1717,11.7094,18.4396,0.0,5.2535,94.7465,6.7303,81.5604
Himachal Pradesh,age_18_21,02,1.968,25.8636,16.9227,14.1471,30.3396,44.5654,0.0,6.7261,93.2739,14.2258,55.4346
Himachal Pradesh,age_22_25,02,2.0823,65.9398,49.2448,,,,9.9741,9.3871,90.6129,,
Himachal Pradesh,age_26_29,02,3.5556,85.0777,74.7577,,,,15.3273,15.7466,84.2534,,
Himachal Pradesh,age_30_33,02,6.0416,90.335,87.9861,,,,11.413,25.4713,74.5287,,
Himachal Pradesh,age_34_plus,02,16.6711,74.5917,81.7869,,,,5.5349,68.8242,31.1758,,
Himachal Pradesh,age_below10,02,95.4471,0.0,0.0,6.2835,1.3547,27.0364,0.0,72.685,27.315,25.6817,72.9636
Uttarakhand,age_10_13,05,29.0793,1.5403,1.1186,7.039,1.1078,5.8105,0.0,4.3937,95.6063,4.7027,94.1895
Uttarakhand,age_14_17,05,2.7837,4.5654,3.1233,10.8045,7.4524,17.5723,0.0,4.1708,95.8292,10.12,82.4277
Uttarakhand,age_18_21,05,2.5343,27.403,18.3201,10.378,19.9038,40.9485,0.0,8.8797,91.1203,21.0447,59.0515
Uttarakhand,age_22_25,05,2.9554,65.4919,52.9618,,,,21.4308,15.6722,84.3278,,
Uttarakhand,age_26_29,05,5.4067,85.1467,75.8377,,,,25.521,29.5672,70.4328,,
Uttarakhand,age_30_33,05,8.2824,93.1972,89.2573,,,,19.0809,42.998,57.002,,
Uttarakhand,age_34_plus,05,14.5647,78.5263,83.0278,,,,10.5407,70.7267,29.2733,,
Uttarakhand,age_below10,05,94.3564,0.0,0.0,2.9581,0.5916,25.4693,0.0,70.2594,29.7406,24.8777,74.5307
Rajasthan,age_10_13,08,42.3216,3.3774,2.4648,4.0632,8.6394,30.0168,0.0,24.9884,75.0116,21.3774,69.9832
Rajasthan,age_14_17,08,11.4961,15.1875,10.2619,5.9153,31.2672,50.2608,0.0,29.4588,70.5412,18.9937,49.7392
Rajasthan,age_18_21,08,10.9519,63.7041,47.78,4.4461,57.3409,75.177,0.0,44.7365,55.2635,17.8361,24.823
Rajasthan,age_22_25,08,11.9619,92.4005,83.157,,,,8.9577,58.9556,41.0444,,
Rajasthan,age_26_29,08,15.2332,96.7882,92.9308,,,,11.997,72.7081,27.2919,,
Rajasthan,age_30_33,08,18.9026,96.4746,95.224,,,,7.7934,80.5295,19.4705,,
Rajasthan,age_34_plus,08,22.5958,81.5419,86.2864,,,,3.6287,91.9696,8.0304,,
Rajasthan,age_below10,08,94.1605,0.0,0.0,1.0762,1.4333,49.4928,0.0,80.4102,19.5898,48.0595,50.5072
Uttar Pradesh,age_10_13,09,44.4547,2.8012,2.0998,3.0629,3.3216,24.5046,0.0,20.8132,79.1868,21.183,75.4954
Uttar Pradesh,age_14_17,09,7.425,11.5814,7.381,4.1941,11.8736,38.0977,0.0,23.511,76.489,26.2241,61.9023
Uttar Pradesh,age_18_21,09,4.0465,57.0666,39.5274,3.4951,26.4816,64.0084,0.0,36.5749,63.4251,37.5268,35.9916
Uttar Pradesh,age_22_25,09,4.7997,90.7252,80.3662,,,,9.2803,51.7994,48.2006,,
Uttar Pradesh,age_26_29,09,5.5244,96.1688,92.4388,,,,10.8729,64.7923,35.2077,,
Uttar Pradesh,age_30_33,09,6.2556,96.6388,95.4045,,,,8.0914,73.1984,26.8016,,
Uttar Pradesh,age_34_plus,09,8.2617,83.9145,87.2814,,,,4.7851,86.2576,13.7424,,
Uttar Pradesh,age_below10,09,93.6951,0.0,0.0,1.4695,1.5072,48.1932,0.0,78.1071,21.8929,46.686,51.8068
Bihar,age_10_13,10,53.514,2.5858,2.0024,3.7756,3.9487,24.5437,0.0,22.8268,77.1732,20.595,75.4563
Bihar,age_14_17,10,13.9385,10.7815,6.7912,5.0006,14.8644,41.9586,0.0,30.3245,69.6755,27.0942,58.0414
Bihar,age_18_21,10,12.422,63.2358,39.7064,4.4905,34.8667,72.819,0.0,48.1333,51.8667,37.9524,27.181
Bihar,age_22_25,10,15.434,91.3837,78.6201,,,,4.5309,60.7152,39.2848,,
Bihar,age_26_29,10,18.4642,95.2731,90.8317,,,,4.3141,68.2304,31.7696,,
Bihar,age_30_33,10,19.8154,95.2823,94.3631,,,,3.755,72.5881,27.4119,,
Bihar,age_34_plus,10,20.0735,80.9387,86.4163,,,,3.3864,85.3607,14.6393,,
Bihar,age_below10,10,94.2457,0.0,0.0,1.7075,1.8288,49.2553,0.0,78.8559,21.1441,47.4265,50.7447
Sikkim,age_10_13,11,41.5436,1.4842,1.1421,9.1682,1.5404,5.1949,0.0,4.3344,95.6656,3.6545,94.8051
Sikkim,age_14_17,11,11.4803,9.1777,5.7388,13.3693,9.5857,15.8,0.0,3.6145,96.3855,6.2143,84.2
Sikkim,age_18_21,11,11.9053,32.9769,23.0038,11.8615,24.2641,38.1385,0.0,4.9134,95.0866,13.8745,61.8615
Sikkim,age_22_25,11,14.1933,58.889,48.1548,,,,9.9731,8.2382,91.7618,,
Sikkim,age_26_29,11,16.2759,72.5431,65.2034,,,,16.6573,13.5306,86.4694,,
Sikkim,age_30_33,11,18.5035,81.751,77.986,,,,11.6758,19.6518,80.3482,,
Sikkim,age_34_plus,11,25.3023,75.5675,78.9311,,,,7.826,55.9014,44.0986,,
Sikkim,age_below10,11,93.617,0.0,0.0,2.7928,0.53,17.4906,0.0,68.7596,31.2404,16.9606,82.5094
Arunachal Pradesh,age_10_13,12,41.7211,2.35,1.7214,4.0506,2.1232,14.6815,0.0,19.3796,80.6204,12.5583,85.3185
Arunachal Pradesh,age_14_17,12,8.6721,7.7569,5.2013,6.067,6.5996,15.1562,0.0,13.8971,86.1029,8.5566,84.8438
Arunachal Pradesh,age_18_21,12,5.2228,31.8,22.1569,8.163,19.0879,31.3437,0.0,18.3292,81.6708,12.2558,68.6563
Arunachal Pradesh,age_22_25,12,5.4296,63.631,53.1866,,,,9.8337,25.0404,74.9596,,
Arunachal Pradesh,age_26_29,12,6.5811,80.0999,74.2717,,,,14.8177,35.7564,64.2436,,
Arunachal Pradesh,age_30_33,12,8.3684,87.3908,85.4708,,,,9.8333,45.2704,54.7296,,
Arunachal Pradesh,age_34_plus,12,13.3053,76.6706,82.8904,,,,5.5629,75.8693,24.1307,,
Arunachal Pradesh,age_below10,12,93.076,0.0,0.0,1.9279,1.244,39.2572,0.0,79.1642,20.8358,38.0131,60.7428
Nagaland,age_10_13,13,36.8178,1.4069,1.007,14.9318,4.6092,13.4077,0.0,13.0874,86.9126,8.7986,86.5923
Nagaland,age_14_17,13,7.643,6.129,3.7967,17.4982,14.3592,22.9679,0.0,9.8309,90.1691,8.6087,77.0321
Nagaland,age_18_21,13,6.5057,18.5914,12.6079,12.9719,29.0008,41.5879,0.0,11.2574,88.7426,12.5871,58.4121
Nagaland,age_22_25,13,6.7764,41.0468,31.9801,,,,10.076,13.0264,86.9736,,
Nagaland,age_26_29,13,7.1725,59.9326,52.6083,,,,15.8454,15.568,84.432,,
Nagaland,age_30_33,13,7.9229,74.2533,71.3459,,,,12.4009,18.4768,81.5232,,
Nagaland,age_34_plus,13,15.5797,76.9439,82.6069,,,,5.5551,40.3398,59.6602,,
Nagaland,age_below10,13,93.7772,0.0,0.0,5.0377,1.514,28.4689,0.0,76.4938,23.5062,26.9549,71.5311
Manipur,age_10_13,14,29.0071,1.8844,1.3224,7.063,3.8702,13.1345,0.0,18.4421,81.5579,9.2643,86.8655
Manipur,age_14_17,14,4.5846,5.6253,3.6989,9.9286,11.4062,19.5803,0.0,13.1236,86.8764,8.1741,80.4197
Manipur,age_18_21,14,3.2513,17.8031,12.1394,10.9548,24.1368,35.8147,0.0,16.5986,83.4014,11.6779,64.1853
Manipur,age_22_25,14,3.8288,39.2585,31.1344,,,,10.1857,20.5736,79.4264,,
Manipur,age_26_29,14,4.9147,57.5067,50.9466,,,,14.8802,26.0462,73.9538,,
Manipur,age_30_33,14,5.7697,71.2587,68.4951,,,,13.9387,30.558,69.442,,
Manipur,age_34_plus,14,11.1683,78.6161,83.9986,,,,7.6856,51.2763,48.7237,,
Manipur,age_below10,14,88.5609,0.0,0.0,3.9301,2.1435,26.5163,0.0,78.434,21.566,24.3728,73.4837
Mizoram,age_10_13,15,31.0047,1.3051,0.953,2.8881,1.5813,7.8051,0.0,6.6895,93.3105,6.2239,92.1949
Mizoram,age_14_17,15,6.7419,6.0305,3.7164,5.0989,11.706,21.1508,0.0,5.6755,94.3245,9.4448,78.8492
Mizoram,age_18_21,15,7.4454,28.8704,20.7421,5.3557,27.7812,47.3792,0.0,8.3448,91.6552,19.598,52.6208
Mizoram,age_22_25,15,8.8959,53.5395,46.0259,,,,6.6868,9.4726,90.5274,,
Mizoram,age_26_29,15,10.7128,66.5581,62.8969,,,,11.1244,9.2311,90.7689,,
Mizoram,age_30_33,15,12.2955,74.8444,73.3942,,,,11.1105,8.3789,91.6211,,
Mizoram,age_34_plus,15,36.4764,71.0473,76.856,,,,4.7565,13.8628,86.1372,,
Mizoram,age_below10,15,94.6311,0.0,0.0,0.9663,0.2733,26.2179,0.0,74.6131,25.3869,25.9446,73.7821
Tripura,age_10_13,16,39.9275,1.835,1.369,1.6125,1.7047,9.8891,0.0,6.9717,93.0283,8.1844,90.1109
Tripura,age_14_17,16,11.3193,10.8914,6.8189,3.4528,11.4982,27.521,0.0,9.2369,90.7631,16.0228,72.479
Tripura,age_18_21,16,15.6753,53.5816,38.7352,4.6887,30.609,62.589,0.0,14.3009,85.6991,31.98,37.411
Tripura,age_22_25,16,18.388,77.0108,68.2161,,,,2.4098,17.122,82.878,,
Tripura,age_26_29,16,22.5676,86.5388,82.9147,,,,3.2107,22.826,77.174,,
Tripura,age_30_33,16,24.5216,90.0948,90.099,,,,2.2144,26.4277,73.5723,,
Tripura,age_34_plus,16,36.0417,77.4259,84.7721,,,,1.009,52.3715,47.6285,,
Tripura,age_below10,16,96.0824,0.0,0.0,0.5365,0.3832,32.0693,0.0,74.0656,25.9344,31.6861,67.9307
Meghalaya,age_10_13,17,52.9482,1.987,1.3834,4.5656,2.4455,12.9481,0.0,12.5661,87.4339,10.5026,87.0519
Meghalaya,age_14_17,17,18.1317,9.3737,5.7673,7.0796,11.5354,21.1956,0.0,9.0119,90.9881,9.6602,78.8044
Meghalaya,age_18_21,17,17.1021,37.0317,25.2285,7.5401,27.2662,43.554,0.0,12.9325,87.0675,16.2878,56.446
Meghalaya,age_22_25,17,20.648,63.8399,54.3007,,,,6.4628,16.9171,83.0829,,
Meghalaya,age_26_29,17,24.5186,75.804,71.6211,,,,10.6264,22.3982,77.6018,,
Meghalaya,age_30_33,17,26.7418,81.6849,81.0889,,,,10.4006,26.5405,73.4595,,
Meghalaya,age_34_plus,17,34.9029,69.2821,77.9178,,,,6.9204,45.3259,54.6741,,
Meghalaya,age_below10,17,93.2037,0.0,0.0,1.9345,1.2347,36.2712,0.0,80.5824,19.4176,35.0365,63.7288
Assam,age_10_13,18,29.0552,1.9997,1.435,4.8469,2.5839,12.4637,0.0,9.9016,90.0984,9.8798,87.5363
Assam,age_14_17,18,5.3725,8.7724,5.5675,7.7953,10.0993,23.6702,0.0,10.2763,89.7237,13.5709,76.3298
Assam,age_18_21,18,6.1189,41.4045,27.2573,7.205,25.6017,52.0684,0.0,15.4352,84.5648,26.4668,47.9316
Assam,age_22_25,18,7.4667,69.8185,55.9963,,,,4.1396,21.305,78.695,,
Assam,age_26_29,18,9.2737,81.5465,73.2272,,,,5.6818,29.2583,70.7417,,
Assam,age_30_33,18,11.3862,87.1529,84.2945,,,,4.6903,36.946,63.054,,
Assam,age_34_plus,18,21.6377,76.1258,83.8772,,,,2.9371,61.3428,38.6572,,
Assam,age_below10,18,92.6863,0.0,0.0,2.0818,1.0103,34.051,0.0,74.3308,25.6692,33.0407,65.949
West Bengal,age_10_13,19,42.715,2.1598,1.7066,1.8605,3.2354,18.4608,0.0,13.211,86.789,15.2254,81.5392
West Bengal,age_14_17,19,17.5953,12.9601,7.7105,3.3162,17.7037,41.052,0.0,18.77,81.23,23.3483,58.948
West Bengal,age_18_21,19,23.5698,57.5139,37.4738,3.4044,37.9846,72.861,0.0,30.3753,69.6247,34.8764,27.139
West Bengal,age_22_25,19,27.8609,78.5366,64.5937,,,,3.2581,40.7997,59.2003,,
West Bengal,age_26_29,19,31.3957,85.1905,79.1055,,,,5.2508,51.6267,48.3733,,
West Bengal,age_30_33,19,33.834,87.243,86.5227,,,,4.3754,59.9437,40.0563,,
West Bengal,age_34_plus,19,37.7302,67.8722,78.4008,,,,3.4281,80.6668,19.3332,,
West Bengal,age_below10,19,95.1717,0.0,0.0,0.7033,0.6629,39.5674,0.0,74.8954,25.1046,38.9045,60.4326
Jharkhand,age_10_13,20,46.7437,2.0852,1.6464,5.9893,4.6941,17.9631,0.0,16.027,83.973,13.269,82.0369
Jharkhand,age_14_17,20,10.2559,9.586,6.1587,7.8116,20.4291,36.1855,0.0,21.5879,78.4121,15.7564,63.8145
Jharkhand,age_18_21,20,9.8146,50.564,34.6776,5.878,44.587,67.3018,0.0,37.429,62.571,22.7148,32.6982
Jharkhand,age_22_25,20,11.1021,76.9528,66.3069,,,,6.2394,48.7494,51.2506,,
Jharkhand,age_26_29,20,12.3797,85.0744,79.8173,,,,10.0341,58.0936,41.9064,,
Jharkhand,age_30_33,20,12.9128,88.3324,87.0152,,,,9.3071,65.0058,34.9942,,
Jharkhand,age_34_plus,20,13.8062,71.2231,79.3241,,,,8.31,80.8167,19.1833,,
Jharkhand,age_below10,20,95.652,0.0,0.0,1.8565,1.378,43.9468,0.0,78.05,21.95,42.5688,56.0532
Odisha,age_10_13,21,36.3995,1.7861,1.3717,2.2996,7.0933,25.8581,0.0,19.7825,80.2175,18.7649,74.1419
Odisha,age_14_17,21,11.8823,8.2556,5.4,2.6424,34.9597,58.6077,0.0,28.9541,71.0459,23.6481,41.3923
Odisha,age_18_21,21,14.8322,48.1607,32.7825,1.7649,59.7523,86.9784,0.0,43.0424,56.9576,27.2261,13.0216
Odisha,age_22_25,21,16.729,77.6831,64.4462,,,,2.5926,50.7276,49.2724,,
Odisha,age_26_29,21,21.3823,85.755,79.6101,,,,3.7293,59.9892,40.0108,,
Odisha,age_30_33,21,26.9328,88.5479,87.735,,,,3.5484,68.1098,31.8902,,
Odisha,age_34_plus,21,35.1387,71.3067,80.1478,,,,2.1076,85.7161,14.2839,,
Odisha,age_below10,21,95.7246,0.0,0.0,1.0459,1.1597,38.3207,0.0,76.8274,23.1726,37.161,61.6793
Chhattisgarh,age_10_13,22,44.6221,1.4925,1.2293,5.3096,4.7009,14.7331,0.0,12.4184,87.5816,10.0322,85.2669
Chhattisgarh,age_14_17,22,7.6582,5.4374,3.7268,7.2012,25.0014,36.9788,0.0,16.9365,83.0635,11.9774,63.0212
Chhattisgarh,age_18_21,22,8.1242,43.3019,29.4797,4.712,55.6495,72.1961,0.0,25.9628,74.0372,16.5466,27.8039
Chhattisgarh,age_22_25,22,9.461,79.6908,69.1392,,,,3.1235,35.2145,64.7855,,
Chhattisgarh,age_26_29,22,12.0672,89.0305,85.1702,,,,6.3214,47.7245,52.2755,,
Chhattisgarh,age_30_33,22,17.0986,91.2871,91.2982,,,,5.7918,59.0488,40.9512,,
Chhattisgarh,age_34_plus,22,27.6397,73.4368,81.1852,,,,4.2015,82.8354,17.1646,,
Chhattisgarh,age_below10,22,97.519,0.0,0.0,1.435,0.7897,34.7318,0.0,76.5921,23.4079,33.9421,65.2682
Madhya Pradesh,age_10_13,23,44.7446,2.549,2.1395,3.9265,6.0012,18.6606,0.0,16.6826,83.3174,12.6594,81.3394
Madhya Pradesh,age_14_17,23,12.7754,10.5103,7.3435,5.0159,30.5281,46.3177,0.0,25.6115,74.3885,15.7896,53.6823
Madhya Pradesh,age_18_21,23,12.5767,59.6918,44.6482,3.7702,60.2478,78.2306,0.0,43.2532,56.7468,17.9828,21.7694
Madhya Pradesh,age_22_25,23,14.4608,89.1387,81.3538,,,,3.3527,56.5154,43.4846,,
Madhya Pradesh,age_26_29,23,18.0069,94.7155,91.7455,,,,6.0612,68.5082,31.4918,,
Madhya Pradesh,age_30_33,23,21.3305,95.1372,94.658,,,,5.5766,75.6317,24.3683,,
Madhya Pradesh,age_34_plus,23,26.9904,79.3714,85.0183,,,,4.1403,89.6784,10.3216,,
Madhya Pradesh,age_below10,23,95.9703,0.0,0.0,1.3864,1.1485,39.2346,0.0,77.1592,22.8408,38.0862,60.7654
Gujarat,age_10_13,24,27.541,3.0974,2.467,2.5148,5.7694,19.8488,0.0,12.1247,87.8753,14.0793,80.1512
Gujarat,age_14_17,24,9.7564,11.8965,8.2067,3.9263,25.9613,46.1371,0.0,16.8139,83.1861,20.1758,53.8629
Gujarat,age_18_21,24,11.6035,54.2675,40.4143,4.5098,48.2021,72.9421,0.0,27.0884,72.9116,24.74,27.0579
Gujarat,age_22_25,24,15.088,83.8177,74.25,,,,4.9552,35.926,64.074,,
Gujarat,age_26_29,24,18.4106,91.7173,87.6089,,,,7.0477,43.2701,56.7299,,
Gujarat,age_30_33,24,21.7114,93.2286,92.2747,,,,5.8482,50.8265,49.1735,,
Gujarat,age_34_plus,24,31.0589,78.7691,84.3993,,,,4.4789,74.7836,25.2164,,
Gujarat,age_below10,24,93.4668,0.0,0.0,1.0906,1.1359,35.8688,0.0,75.4618,24.5382,34.7329,64.1312
Daman & Diu,age_10_13,25,25.4296,1.6216,0.9973,1.0101,1.3468,5.8923,0.0,2.0202,97.9798,4.5455,94.1077
Daman & Diu,age_14_17,25,3.8062,5.6893,3.2096,1.8242,14.9254,29.6849,0.0,4.1459,95.8541,14.7595,70.3151
Daman & Diu,age_18_21,25,8.4459,40.0862,24.3553,5.2308,30.4615,68.6154,0.0,8.9231,91.0769,38.1538,31.3846
Daman & Diu,age_22_25,25,9.0339,71.5774,54.0264,,,,2.6349,8.9143,91.0857,,
Daman & Diu,age_26_29,25,12.596,85.4671,72.8363,,,,2.765,12.7346,87.2654,,
Daman & Diu,age_30_33,25,18.6538,88.0989,85.7036,,,,2.6923,19.6291,80.3709,,
Daman & Diu,age_34_plus,25,36.4097,67.9432,79.5441,,,,1.5213,61.0738,38.9262,,
Daman & Diu,age_below10,25,94.8454,0.0,0.0,0.7553,0.6042,25.6798,0.0,69.2795,30.7205,25.0755,74.3202
Dadra & Nagar Haveli,age_10_13,26,30.4049,1.849,1.254,1.6584,3.4638,11.966,0.0,6.9277,93.0723,8.5022,88.034
Dadra & Nagar Haveli,age_14_17,26,14.2834,11.4822,6.9795,4.083,23.7881,41.8681,0.0,17.0149,82.9851,18.08,58.1319
Dadra & Nagar Haveli,age_18_21,26,15.9728,52.3619,37.8674,4.0435,41.2716,71.3051,0.0,30.3402,69.6598,30.0335,28.6949
Dadra & Nagar Haveli,age_22_25,26,16.9786,81.1171,73.5041,,,,4.45,42.7196,57.2804,,
Dadra & Nagar Haveli,age_26_29,26,18.846,88.9556,88.5094,,,,6.7846,54.7553,45.2447,,
Dadra & Nagar Haveli,age_30_33,26,21.1132,91.0806,93.4509,,,,6.5777,64.0245,35.9755,,
Dadra & Nagar Haveli,age_34_plus,26,29.5715,76.6913,85.1208,,,,5.8247,86.0273,13.9727,,
Dadra & Nagar Haveli,age_below10,26,95.1592,0.0,0.0,0.3402,0.3969,25.9189,0.0,70.7258,29.2742,25.5221,74.0811
Maharashtra,age_10_13,27,43.7705,3.3305,2.7326,2.7741,4.9686,15.9928,0.0,11.1216,88.8784,11.0242,84.0072
Maharashtra,age_14_17,27,12.8752,11.4652,7.4518,4.6196,24.0726,38.12,0.0,13.8106,86.1894,14.0474,61.88
Maharashtra,age_18_21,27,14.7494,54.8211,36.5769,5.7346,48.9487,67.7986,0.0,21.7503,78.2497,18.8499,32.2014
Maharashtra,age_22_25,27,16.8034,84.1141,70.7633,,,,4.8623,29.2662,70.7338,,
Maharashtra,age_26_29,27,19.3922,90.8052,85.4662,,,,6.3216,38.5144,61.4856,,
Maharashtra,age_30_33,27,24.2874,91.9464,92.3801,,,,5.2747,48.4828,51.5172,,
Maharashtra,age_34_plus,27,31.994,75.43,83.8261,,,,3.2085,71.3449,28.6551,,
Maharashtra,age_below10,27,95.1354,0.0,0.0,1.5105,1.3615,34.2462,0.0,74.7113,25.2887,32.8847,65.7538
Andhra Pradesh,age_10_13,28,23.9864,2.3009,1.7208,2.3162,8.7777,19.599,0.0,14.4873,85.5127,10.8213,80.401
Andhra Pradesh,age_14_17,28,5.5156,12.0151,7.0694,3.6206,29.1955,39.9558,0.0,20.4999,79.5001,10.7603,60.0442
Andhra Pradesh,age_18_21,28,6.8231,59.4418,39.4562,4.2309,53.9577,69.3612,0.0,35.4315,64.5685,15.4035,30.6388
Andhra Pradesh,age_22_25,28,9.2882,85.7942,74.5397,,,,12.1954,51.1908,48.8092,,
Andhra Pradesh,age_26_29,28,13.7207,91.1999,88.2383,,,,12.9715,67.5077,32.4923,,
Andhra Pradesh,age_30_33,28,16.6107,90.5783,92.2769,,,,9.64,76.2471,23.7529,,
Andhra Pradesh,age_34_plus,28,18.4645,73.9942,83.147,,,,5.5405,90.4906,9.5094,,
Andhra Pradesh,age_below10,28,91.3981,0.0,0.0,1.3061,1.8354,30.5348,0.0,73.5767,26.4233,28.6994,69.4652
Karnataka,age_10_13,29,29.8021,2.9148,2.0668,2.1052,5.2275,14.3423,0.0,8.9325,91.0675,9.1148,85.6577
Karnataka,age_14_17,29,5.3882,11.88,6.9799,3.1296,23.3721,41.7754,0.0,12.9743,87.0257,18.4033,58.2246
Karnataka,age_18_21,29,7.0297,53.8092,31.7682,3.0074,42.9489,74.2168,0.0,21.071,78.929,31.2678,25.7832
Karnataka,age_22_25,29,8.9343,81.6797,61.7097,,,,7.2976,29.1177,70.8823,,
Karnataka,age_26_29,29,13.4112,88.7425,78.9857,,,,7.9312,42.0183,57.9817,,
Karnataka,age_30_33,29,17.5833,89.7747,89.1854,,,,6.6985,53.0112,46.9888,,
Karnataka,age_34_plus,29,26.571,70.1834,81.432,,,,4.0781,77.4421,22.5579,,
Karnataka,age_below10,29,95.6159,0.0,0.0,1.0316,0.8596,35.8465,0.0,74.1379,25.8621,34.9869,64.1535
Goa,age_10_13,30,31.0745,3.5219,2.7935,3.9639,0.7188,4.6005,0.0,2.711,97.289,3.8817,95.3995
Goa,age_14_17,30,1.1841,9.4345,6.3863,5.4708,4.7079,13.2956,0.0,2.4412,97.5588,8.5876,86.7044
Goa,age_18_21,30,2.1703,17.2082,12.1366,7.8776,19.3878,40.7347,0.0,2.2041,97.7959,21.3469,59.2653
Goa,age_22_25,30,3.172,43.4749,29.6711,,,,10.8211,3.1055,96.8945,,
Goa,age_26_29,30,5.1828,70.5676,52.9759,,,,8.2954,5.4815,94.5185,,
Goa,age_30_33,30,9.606,84.3838,73.7353,,,,4.2223,10.3686,89.6314,,
Goa,age_34_plus,30,20.825,64.8298,76.3855,,,,1.7881,53.3263,46.6737,,
Goa,age_below10,30,95.9432,0.0,0.0,2.663,1.2672,27.034,0.0,72.0284,27.9716,25.7668,72.966
Lakshadweep,age_10_13,31,25.1022,1.9544,1.3003,0.4375,0.1591,3.5402,0.0,2.7049,97.2951,3.3811,96.4598
Lakshadweep,age_14_17,31,1.8158,5.7192,3.8714,0.7433,0.2624,8.92,0.0,1.268,98.732,8.6576,91.08
Lakshadweep,age_18_21,31,2.1782,21.7874,12.3268,0.8738,3.5922,43.4951,0.0,1.9417,98.0583,39.9029,56.5049
Lakshadweep,age_22_25,31,2.5969,58.9072,35.8998,,,,10.0113,1.9195,98.0805,,
Lakshadweep,age_26_29,31,4.1065,80.6719,58.5236,,,,10.5068,1.8875,98.1125,,
Lakshadweep,age_30_33,31,8.957,88.9834,80.7799,,,,4.9761,2.8991,97.1009,,
Lakshadweep,age_34_plus,31,27.1525,74.2149,83.739,,,,0.9332,23.6038,76.3962,,
Lakshadweep,age_below10,31,96.9278,0.0,0.0,0.5052,0.0389,17.5282,0.0,73.4394,26.5606,17.4893,82.4718
Kerala,age_10_13,32,28.9877,1.3536,0.9488,0.737,0.7993,6.176,0.0,3.4617,96.5383,5.3768,93.824
Kerala,age_14_17,32,8.0903,6.2241,3.7069,1.4114,7.2409,20.8823,0.0,3.197,96.803,13.6414,79.1177
Kerala,age_18_21,32,10.8919,40.1155,24.2596,1.5865,26.78,60.0076,0.0,7.3613,92.6387,33.2276,39.9924
Kerala,age_22_25,32,11.8797,69.973,52.2052,,,,8.7047,11.6776,88.3224,,
Kerala,age_26_29,32,13.0489,81.518,70.3594,,,,8.5342,16.1958,83.8042,,
Kerala,age_30_33,32,14.8042,83.8555,81.9987,,,,5.3243,21.4155,78.5845,,
Kerala,age_34_plus,32,25.6356,65.9289,77.5096,,,,3.0578,50.1668,49.8332,,
Kerala,age_below10,32,95.9249,0.0,0.0,0.5569,0.2149,25.3774,0.0,71.7806,28.2194,25.1624,74.6226
Tamil Nadu,age_10_13,33,14.8172,2.0778,1.4144,1.7773,3.9813,15.6175,0.0,9.7003,90.2997,11.6361,84.3825
Tamil Nadu,age_14_17,33,3.26,11.5176,6.5194,2.2099,22.4562,41.6013,0.0,14.2937,85.7063,19.1451,58.3987
Tamil Nadu,age_18_21,33,4.6838,58.7226,37.206,1.8019,49.949,76.6574,0.0,26.2528,73.7472,26.7084,23.3426
Tamil Nadu,age_22_25,33,6.2551,85.6263,70.6494,,,,7.2933,38.548,61.452,,
Tamil Nadu,age_26_29,33,8.9868,91.9587,86.3198,,,,7.7249,51.3691,48.6309,,
Tamil Nadu,age_30_33,33,10.3355,92.0943,92.2684,,,,6.7272,61.2801,38.7199,,
Tamil Nadu,age_34_plus,33,15.3719,74.3629,83.3707,,,,4.3543,82.5518,17.4482,,
Tamil Nadu,age_below10,33,90.4623,0.0,0.0,1.2076,1.0132,24.6789,0.0,73.5344,26.4656,23.6658,75.3211
Andaman & Nicobar Islands,age_10_13,35,26.0546,1.3699,1.1285,2.1991,1.0417,8.7963,0.0,6.713,93.287,7.7546,91.2037
Andaman & Nicobar Islands,age_14_17,35,2.4362,5.3391,3.0748,2.1645,7.7922,20.671,0.0,6.71,93.29,12.8788,79.329
Andaman & Nicobar Islands,age_18_21,35,0.9259,22.8745,14.4712,4.7516,12.527,42.5486,0.0,6.6955,93.3045,30.0216,57.4514
Andaman & Nicobar Islands,age_22_25,35,2.8897,53.9206,40.2685,,,,5.5166,10.3611,89.6389,,
Andaman & Nicobar Islands,age_26_29,35,4.3676,69.6356,59.1528,,,,5.5505,13.6006,86.3994,,
Andaman & Nicobar Islands,age_30_33,35,4.1289,81.6425,74.6239,,,,5.0352,20.0483,79.9517,,
Andaman & Nicobar Islands,age_34_plus,35,12.4655,73.3056,76.4445,,,,1.4596,52.1427,47.8573,,
Andaman & Nicobar Islands,age_below10,35,94.1304,0.0,0.0,1.1374,0.1896,35.545,0.0,81.2475,18.7525,35.3555,64.455
