state_name,age_bracket,state_code,Below_primary_share_SC_male,CMPR_SC_male,CMPR_SC_persons,Child_labour_attending_SC_male,Child_labour_dropout_SC_male,Dropout_rate_SC_male,Graduate_share_SC_male,Illiteracy_rate_SC_male,Literacy_rate_SC_male,School_attendance_rate_SC_male
INDIA,age_10_13,00,36.0695,1.3597,1.919,2.3589,2.6804,12.2998,0.0,8.7158,91.2842,87.7002
INDIA,age_14_17,00,6.4869,3.1344,6.5627,4.0855,18.1296,30.9412,0.0,9.1443,90.8557,69.0588
INDIA,age_18_21,00,6.058,14.8961,31.9761,4.9947,43.0589,56.6628,0.0,11.2476,88.7524,43.3372
INDIA,age_22_25,00,6.6308,50.3365,65.677,,,,9.2146,13.8274,86.1726,
INDIA,age_26_29,00,7.9786,73.6026,82.1643,,,,12.0284,19.2011,80.7989,
INDIA,age_30_33,00,9.3399,88.6691,90.8992,,,,10.7964,24.489,75.511,
INDIA,age_34_plus,00,16.3694,90.9161,83.614,,,,8.3168,42.2561,57.7439,
INDIA,age_below10,00,94.0742,0.0,0.0,1.094,0.8496,35.8422,0.0,74.2109,25.7891,64.1578
Jammu & Kashmir,age_10_13,01,33.194,1.1545,1.5556,2.5727,1.6563,6.6439,0.0,5.6743,94.3257,93.3561
Jammu & Kashmir,age_14_17,01,2.8291,2.0532,3.5646,4.3047,10.5106,19.0458,0.0,5.3258,94.6742,80.9542
Jammu & Kashmir,age_18_21,01,2.6411,6.8261,17.5641,5.3307,30.1021,45.6955,0.0,7.3687,92.6313,54.3045
Jammu & Kashmir,age_22_25,01,2.8118,26.7681,46.4992,,,,4.6365,10.0194,89.9806,
Jammu & Kashmir,age_26_29,01,3.1492,56.6745,70.4569,,,,6.8822,13.8813,86.1187,
Jammu & Kashmir,age_30_33,01,3.7477,83.3927,88.4847,,,,6.8814,17.7634,82.2366,
Jammu & Kashmir,age_34_plus,01,5.2256,91.8331,86.6179,,,,5.5295,39.1838,60.8162,
Jammu & Kashmir,age_below10,01,95.6426,0.0,0.0,0.8909,0.4396,31.8055,0.0,73.6397,26.3603,68.1945
Himachal Pradesh,age_10_13,02,23.4821,1.2368,1.6046,13.0993,1.4499,4.0479,0.0,2.8569,97.1431,95.9521
Himachal Pradesh,age_14_17,02,1.8644,2.0326,3.3525,17.1362,10.7328,14.3463,0.0,2.0914,97.9086,85.6537
Himachal Pradesh,age_18_21,02,2.1279,9.2094,22.2404,13.2483,34.1893,40.9297,0.0,2.4943,97.5057,59.0703
Himachal Pradesh,age_22_25,02,2.7429,35.8278,55.7747,,,,6.7001,3.3948,96.6052,
Himachal Pradesh,age_26_29,02,3.7326,68.7116,80.0078,,,,11.3601,5.2208,94.7792,
Himachal Pradesh,age_30_33,02,5.1546,89.4407,92.0995,,,,10.0175,7.3588,92.6412,
Himachal Pradesh,age_34_plus,02,11.79,90.8251,84.188,,,,5.4052,27.1611,72.8389,
Himachal Pradesh,age_below10,02,95.1221,0.0,0.0,5.0334,0.7255,25.1478,0.0,71.4809,28.5191,74.8522
Punjab,age_10_13,03,40.711,1.569,2.0224,1.8954,3.4609,12.7164,0.0,9.315,90.685,87.2836
Punjab,age_14_17,03,5.6782,2.5241,3.8937,2.7175,22.0613,36.6177,0.0,11.9727,88.0273,63.3823
Punjab,age_18_21,03,4.1101,10.2221,19.4752,2.7553,48.2977,65.4489,0.0,15.1679,84.8321,34.5511
Punjab,age_22_25,03,3.7579,40.3707,53.9204,,,,4.0785,18.1995,81.8005,
Punjab,age_26_29,03,3.3181,68.7256,77.8393,,,,5.9033,23.2592,76.7408,
Punjab,age_30_33,03,3.623,86.7851,90.3709,,,,5.3122,30.3898,69.6102,
Punjab,age_34_plus,03,5.4287,88.9771,85.2717,,,,5.3635,49.128,50.872,
Punjab,age_below10,03,95.1001,0.0,0.0,1.2287,0.7906,29.3359,0.0,73.23,26.77,70.6641
Chandigarh,age_10_13,04,48.0835,0.6589,0.937,1.3556,1.9241,9.555,0.0,7.3029,92.6971,90.445
Chandigarh,age_14_17,04,7.1924,1.4676,2.7426,2.3909,13.6104,24.6765,0.0,8.2036,91.7964,75.3235
Chandigarh,age_18_21,04,4.6129,9.3355,19.2382,3.8675,36.7876,49.852,0.0,10.1406,89.8594,50.148
Chandigarh,age_22_25,04,3.5121,40.7228,53.2719,,,,9.8411,8.8845,91.1155,
Chandigarh,age_26_29,04,2.9947,73.1892,79.2318,,,,15.4742,12.2336,87.7664,
Chandigarh,age_30_33,04,3.2824,90.2979,91.7082,,,,13.2582,16.1742,83.8258,
Chandigarh,age_34_plus,04,4.8249,93.3167,88.1671,,,,14.5627,27.4619,72.5381,
Chandigarh,age_below10,04,97.561,0.0,0.0,1.1698,0.3807,27.0634,0.0,73.2617,26.7383,72.9366
Uttarakhand,age_10_13,05,37.1394,0.6526,1.0161,3.8019,1.3495,6.5766,0.0,4.6295,95.3705,93.4234
Uttarakhand,age_14_17,05,3.6853,1.4718,3.1262,5.9186,11.0214,18.4535,0.0,3.6447,96.3553,81.5465
Uttarakhand,age_18_21,05,2.3758,8.5164,22.8254,6.6176,33.3304,43.7221,0.0,5.1807,94.8193,56.2779
Uttarakhand,age_22_25,05,2.5411,44.0263,62.01,,,,12.5054,6.533,93.467,
Uttarakhand,age_26_29,05,2.8788,73.1988,82.173,,,,15.3239,10.4155,89.5845,
Uttarakhand,age_30_33,05,3.742,89.0424,91.8853,,,,14.4964,14.4487,85.5513,
Uttarakhand,age_34_plus,05,8.8611,89.1356,82.6934,,,,8.7836,30.6656,69.3344,
Uttarakhand,age_below10,05,95.3746,0.0,0.0,1.481,0.5127,29.9119,0.0,72.1778,27.8222,70.0881
Haryana,age_10_13,06,44.2905,1.4395,1.8689,1.3849,1.9829,8.2272,0.0,6.6903,93.3097,91.7728
Haryana,age_14_17,06,6.939,2.6501,4.7117,2.8689,14.797,24.4218,0.0,8.2862,91.7138,75.5782
Haryana,age_18_21,06,5.7997,13.9362,27.902,3.7143,39.9004,51.9478,0.0,11.1945,88.8055,48.0522
Haryana,age_22_25,06,5.5235,50.3259,65.5258,,,,7.6014,13.4232,86.5768,
Haryana,age_26_29,06,5.7471,77.0519,84.9798,,,,10.8149,18.0882,81.9118,
Haryana,age_30_33,06,6.438,90.1896,92.8548,,,,9.4065,24.0006,75.9994,
Haryana,age_34_plus,06,8.5301,90.7563,85.3347,,,,6.5988,45.312,54.688,
Haryana,age_below10,06,96.7576,0.0,0.0,0.6714,0.4974,30.8803,0.0,73.6618,26.3382,69.1197
NCT of Delhi,age_10_13,07,37.7634,0.6081,0.9519,0.588,1.1339,7.8987,0.0,5.0981,94.9019,92.1013
NCT of Delhi,age_14_17,07,4.3653,1.3656,2.9981,1.1065,9.3632,21.604,0.0,5.3227,94.6773,78.396
NCT of Delhi,age_18_21,07,3.3279,8.395,18.0837,2.1213,29.1045,47.2086,0.0,7.076,92.924,52.7914
NCT of Delhi,age_22_25,07,2.6165,37.0642,51.2795,,,,12.5906,7.4988,92.5012,
NCT of Delhi,age_26_29,07,2.4393,67.0579,75.5725,,,,15.2754,9.1444,90.8556,
NCT of Delhi,age_30_33,07,2.5899,87.4864,90.199,,,,13.9115,11.3483,88.6517,
NCT of Delhi,age_34_plus,07,4.4866,91.9007,85.7593,,,,13.1516,23.0104,76.9896,
NCT of Delhi,age_below10,07,95.9381,0.0,0.0,0.3239,0.2621,31.2748,0.0,73.0894,26.9106,68.7252
Rajasthan,age_10_13,08,40.7566,1.7677,2.6849,2.9824,3.4731,13.4064,0.0,9.5863,90.4137,86.5936
Rajasthan,age_14_17,08,7.6587,5.6794,10.056,5.1373,22.5714,32.49,0.0,9.7701,90.2299,67.51
Rajasthan,age_18_21,08,6.7681,26.6661,43.69,5.0996,50.2585,58.2881,0.0,11.9513,88.0487,41.7119
Rajasthan,age_22_25,08,7.2262,68.7879,79.1544,,,,9.4119,15.0608,84.9392,
Rajasthan,age_26_29,08,8.3116,86.4072,91.2194,,,,13.0706,20.8073,79.1927,
Rajasthan,age_30_33,08,9.279,93.0229,94.6626,,,,11.5038,26.4831,73.5169,
Rajasthan,age_34_plus,08,15.0511,91.2489,85.0049,,,,8.3768,48.3685,51.6315,
Rajasthan,age_below10,08,94.0155,0.0,0.0,0.8066,0.5902,39.849,0.0,75.7047,24.2953,60.151
Uttar Pradesh,age_10_13,09,42.292,1.298,1.8882,2.8511,2.9059,16.0649,0.0,11.6119,88.3881,83.9351
Uttar Pradesh,age_14_17,09,6.1377,3.0056,5.5085,4.8755,17.4508,33.8712,0.0,11.8216,88.1784,66.1288
Uttar Pradesh,age_18_21,09,3.4386,16.8573,30.6248,6.1672,41.3261,56.9532,0.0,13.9625,86.0375,43.0468
Uttar Pradesh,age_22_25,09,3.3,59.9938,72.9547,,,,10.2787,17.1097,82.8903,
Uttar Pradesh,age_26_29,09,3.4117,81.2595,88.5436,,,,12.9902,24.4996,75.5004,
Uttar Pradesh,age_30_33,09,3.9729,89.6486,93.0767,,,,11.2994,31.2605,68.7395,
Uttar Pradesh,age_34_plus,09,5.738,87.3134,84.3756,,,,9.0707,48.5211,51.4789,
Uttar Pradesh,age_below10,09,93.2219,0.0,0.0,1.3817,1.2658,42.3041,0.0,74.9258,25.0742,57.6959
Bihar,age_10_13,10,51.0922,1.5733,2.1821,2.6586,3.4538,22.491,0.0,20.0557,79.9443,77.509
Bihar,age_14_17,10,12.1902,4.5291,9.3046,4.8078,20.0622,40.0595,0.0,24.1526,75.8474,59.9405
Bihar,age_18_21,10,9.9973,27.1867,51.0505,6.218,45.1942,62.4277,0.0,30.4506,69.5494,37.5723
Bihar,age_22_25,10,10.5232,76.6287,86.0251,,,,6.0112,37.8143,62.1857,
Bihar,age_26_29,10,11.0287,90.2204,94.2512,,,,7.7712,44.5241,55.4759,
Bihar,age_30_33,10,11.0743,95.5327,96.4012,,,,6.66,48.6547,51.3453,
Bihar,age_34_plus,10,11.5568,91.7333,88.1163,,,,7.7069,61.5418,38.4582,
Bihar,age_below10,10,93.8079,0.0,0.0,1.154,1.3706,48.4793,0.0,78.616,21.384,51.5207
Sikkim,age_10_13,11,60.7656,0.6607,1.2407,9.7378,3.0712,7.0412,0.0,6.0674,93.9326,92.9588
Sikkim,age_14_17,11,26.9509,2.6316,7.3171,10.6222,19.8027,29.2109,0.0,5.6904,94.3096,70.7891
Sikkim,age_18_21,11,26.08,19.1108,32.9687,10.1949,41.2294,53.0735,0.0,6.2969,93.7031,46.9265
Sikkim,age_22_25,11,26.6526,49.305,59.8572,,,,5.2743,7.0588,92.9412,
Sikkim,age_26_29,11,23.8055,68.9216,73.381,,,,9.2205,10.1657,89.8343,
Sikkim,age_30_33,11,23.0372,83.6512,84.2818,,,,8.0579,12.0799,87.9201,
Sikkim,age_34_plus,11,34.2237,85.9534,80.8676,,,,6.0768,32.2551,67.7449,
Sikkim,age_below10,11,96.139,0.0,0.0,4.3081,0.7833,20.5614,0.0,71.5801,28.4199,79.4386
Manipur,age_10_13,14,29.8798,0.8305,1.2752,1.4397,1.7326,10.1269,0.0,8.614,91.386,89.8731
Manipur,age_14_17,14,5.1603,2.2065,4.6023,2.8882,9.837,18.3872,0.0,6.3483,93.6517,81.6128
Manipur,age_18_21,14,3.2386,9.4891,17.5259,3.9653,24.4734,38.9095,0.0,6.2577,93.7423,61.0905
Manipur,age_22_25,14,4.0081,29.7842,39.6947,,,,11.238,8.0476,91.9524,
Manipur,age_26_29,14,3.6786,55.6829,62.4302,,,,16.9058,9.3425,90.6575,
Manipur,age_30_33,14,3.4877,79.1053,80.0078,,,,22.1587,10.9028,89.0972,
Manipur,age_34_plus,14,6.4649,90.3237,83.5653,,,,24.1629,25.0756,74.9244,
Manipur,age_below10,14,90.459,0.0,0.0,0.687,0.5658,33.9867,0.0,76.4818,23.5182,66.0133
Mizoram,age_10_13,15,48.0769,0.0,1.0101,0.0,3.7037,7.4074,0.0,3.7037,96.2963,92.5926
Mizoram,age_14_17,15,3.7037,0.0,12.2449,6.8966,13.7931,17.2414,0.0,6.8966,93.1034,82.7586
Mizoram,age_18_21,15,15.1515,8.5714,18.018,11.7647,47.0588,50.0,0.0,2.9412,97.0588,50.0
Mizoram,age_22_25,15,7.7778,27.5,39.1304,,,,12.2222,6.25,93.75,
Mizoram,age_26_29,15,10.6383,46.7532,60.8333,,,,9.5745,3.0928,96.9072,
Mizoram,age_30_33,15,6.1224,78.6408,83.3333,,,,12.2449,4.8544,95.1456,
Mizoram,age_34_plus,15,8.5409,91.2621,90.0744,,,,10.3203,9.0615,90.9385,
Mizoram,age_below10,15,100.0,0.0,0.0,2.1739,2.1739,17.3913,0.0,71.7647,28.2353,82.6087
Tripura,age_10_13,16,34.9762,0.8159,1.2124,0.8653,1.2115,5.0267,0.0,1.8368,98.1632,94.9733
Tripura,age_14_17,16,8.0031,2.0203,7.0237,2.1954,12.4187,22.252,0.0,1.8397,98.1603,77.748
Tripura,age_18_21,16,12.8691,10.1749,32.1347,3.638,35.6828,49.9288,0.0,2.3565,97.6435,50.0712
Tripura,age_22_25,16,15.6327,34.7773,56.2364,,,,3.955,2.6464,97.3536,
Tripura,age_26_29,16,18.2261,61.7825,73.8867,,,,6.2263,3.5477,96.4523,
Tripura,age_30_33,16,20.0597,82.9308,86.0169,,,,6.3665,4.3442,95.6558,
Tripura,age_34_plus,16,31.1734,93.5836,81.5126,,,,5.8773,13.4218,86.5782,
Tripura,age_below10,16,97.4215,0.0,0.0,0.3826,0.2767,27.2724,0.0,71.2676,28.7324,72.7276
Meghalaya,age_10_13,17,49.9307,0.675,1.0422,2.8103,2.2248,19.9063,0.0,15.5738,84.4262,80.0937
Meghalaya,age_14_17,17,16.6667,1.9704,6.4545,5.0505,14.7727,30.0505,0.0,15.1515,84.8485,69.9495
Meghalaya,age_18_21,17,12.4294,7.8261,24.1536,7.7103,29.6729,48.5981,0.0,17.2897,82.7103,51.4019
Meghalaya,age_22_25,17,15.3439,32.6174,51.4305,,,,7.8042,17.5573,82.4427,
Meghalaya,age_26_29,17,16.3934,59.8793,69.5761,,,,12.0715,22.6959,77.3041,
Meghalaya,age_30_33,17,14.6484,78.4226,82.619,,,,11.1328,23.8095,76.1905,
Meghalaya,age_34_plus,17,19.9573,90.9123,80.0115,,,,8.2177,34.2456,65.7544,
Meghalaya,age_below10,17,93.0591,0.0,0.0,0.7269,0.5192,41.1215,0.0,78.0102,21.9898,58.8785
Assam,age_10_13,18,29.5684,0.7703,1.3083,2.3977,2.5626,11.9298,0.0,6.143,93.857,88.0702
Assam,age_14_17,18,9.2263,2.1674,5.2776,4.4442,19.7702,35.824,0.0,6.8062,93.1938,64.176
Assam,age_18_21,18,11.665,8.4378,27.233,5.0198,43.8457,62.5863,0.0,8.5576,91.4424,37.4137
Assam,age_22_25,18,13.3591,31.6743,52.9606,,,,3.4438,10.1415,89.8585,
Assam,age_26_29,18,14.8117,55.8932,69.705,,,,5.5584,12.8949,87.1051,
Assam,age_30_33,18,15.9251,76.4896,82.5287,,,,6.3547,15.703,84.297,
Assam,age_34_plus,18,26.1964,90.746,81.0143,,,,5.9227,27.251,72.749,
Assam,age_below10,18,93.4088,0.0,0.0,1.0955,0.5512,31.675,0.0,72.4665,27.5335,68.325
West Bengal,age_10_13,19,32.5565,1.3592,1.812,1.6433,2.5359,11.705,0.0,6.348,93.652,88.295
West Bengal,age_14_17,19,12.6029,2.9543,8.0982,3.4775,19.7823,35.5225,0.0,7.7622,92.2378,64.4775
West Bengal,age_18_21,19,16.3379,14.1011,38.9848,4.7542,45.4361,61.6544,0.0,10.0594,89.9406,38.3456
West Bengal,age_22_25,19,18.7843,46.1,65.8399,,,,6.6972,13.1671,86.8329,
West Bengal,age_26_29,19,22.2218,70.8245,81.0296,,,,8.6613,18.5498,81.4502,
West Bengal,age_30_33,19,25.0352,86.6732,89.8608,,,,8.1601,23.3048,76.6952,
West Bengal,age_34_plus,19,33.2234,93.3656,83.5361,,,,6.1037,37.0376,62.9624,
West Bengal,age_below10,19,94.0086,0.0,0.0,0.7253,0.5217,33.3666,0.0,72.0313,27.9687,66.6334
Jharkhand,age_10_13,20,45.1192,1.3302,1.8023,3.4645,2.9291,14.6972,0.0,11.8079,88.1921,85.3028
Jharkhand,age_14_17,20,8.5022,3.2458,7.6241,5.7062,18.3935,31.908,0.0,13.8599,86.1401,68.092
Jharkhand,age_18_21,20,7.4112,22.4065,45.0923,6.2909,41.8859,55.2445,0.0,18.3398,81.6602,44.7555
Jharkhand,age_22_25,20,8.9627,67.5656,79.1273,,,,6.6714,24.4392,75.5608,
Jharkhand,age_26_29,20,10.4732,84.6777,89.7434,,,,9.8035,31.8331,68.1669,
Jharkhand,age_30_33,20,11.0914,93.3808,94.0773,,,,8.5375,37.4888,62.5112,
Jharkhand,age_34_plus,20,14.0655,91.8002,85.1314,,,,7.8405,54.7902,45.2098,
Jharkhand,age_below10,20,95.2,0.0,0.0,1.1479,0.8495,42.2112,0.0,76.5022,23.4978,57.7888
Odisha,age_10_13,21,27.24,0.8597,1.2708,1.6575,2.508,11.9142,0.0,5.929,94.071,88.0858
Odisha,age_14_17,21,6.349,1.9496,4.3838,2.6223,22.3517,43.7193,0.0,6.6514,93.3486,56.2807
Odisha,age_18_21,21,7.7392,8.9953,26.0439,2.6271,50.8682,74.4084,0.0,8.2215,91.7785,25.5916
Odisha,age_22_25,21,8.7643,36.7574,57.1772,,,,3.9618,9.891,90.109,
Odisha,age_26_29,21,11.3256,66.2705,77.0556,,,,6.2261,13.4346,86.5654,
Odisha,age_30_33,21,15.0521,87.2713,89.4877,,,,8.3108,17.7233,82.2767,
Odisha,age_34_plus,21,30.2793,92.3298,84.5799,,,,4.7453,34.8872,65.1128,
Odisha,age_below10,21,95.087,0.0,0.0,0.7589,0.4784,30.5353,0.0,74.0212,25.9788,69.4647
Chhattisgarh,age_10_13,22,44.1776,0.9487,1.2291,3.1659,1.8165,7.6514,0.0,4.8973,95.1027,92.3486
Chhattisgarh,age_14_17,22,7.106,1.9092,3.5858,6.0949,15.4224,25.9443,0.0,5.1417,94.8583,74.0557
Chhattisgarh,age_18_21,22,6.801,12.9662,29.0106,6.1736,42.7389,55.3199,0.0,6.3161,93.6839,44.6801
Chhattisgarh,age_22_25,22,6.7088,54.5499,67.5297,,,,5.4102,7.4985,92.5015,
Chhattisgarh,age_26_29,22,7.586,79.8873,84.2386,,,,11.7538,11.0924,88.9076,
Chhattisgarh,age_30_33,22,9.9677,91.6409,91.4527,,,,13.5215,14.7169,85.2831,
Chhattisgarh,age_34_plus,22,24.8537,91.5135,82.7394,,,,9.2338,35.1049,64.8951,
Chhattisgarh,age_below10,22,97.4969,0.0,0.0,0.8314,0.3501,32.8529,0.0,74.4703,25.5297,67.1471
Madhya Pradesh,age_10_13,23,39.6737,1.5287,2.0638,2.2478,2.2225,8.3195,0.0,6.2552,93.7448,91.6805
Madhya Pradesh,age_14_17,23,7.478,3.5448,6.6695,4.4454,19.3035,28.9038,0.0,7.1525,92.8475,71.0962
Madhya Pradesh,age_18_21,23,6.881,20.2576,37.1847,5.2044,48.7806,58.9184,0.0,9.5065,90.4935,41.0816
Madhya Pradesh,age_22_25,23,6.5693,60.8604,73.0031,,,,6.1507,12.0104,87.9896,
Madhya Pradesh,age_26_29,23,7.9772,80.0472,86.656,,,,10.0696,17.8695,82.1305,
Madhya Pradesh,age_30_33,23,9.9177,90.035,92.5309,,,,9.5235,23.2563,76.7437,
Madhya Pradesh,age_34_plus,23,17.9819,89.5403,84.139,,,,7.7576,43.1663,56.8337,
Madhya Pradesh,age_below10,23,95.8226,0.0,0.0,0.8365,0.4923,33.6422,0.0,73.7839,26.2161,66.3578
Gujarat,age_10_13,24,24.4344,1.728,2.3034,1.5082,2.5671,7.8029,0.0,3.3157,96.6843,92.1971
Gujarat,age_14_17,24,4.4573,3.3975,5.6553,3.1415,18.2553,27.9603,0.0,3.2518,96.7482,72.0397
Gujarat,age_18_21,24,4.7764,13.1495,24.2326,4.7893,44.5426,55.8546,0.0,4.443,95.557,44.1454
Gujarat,age_22_25,24,5.6851,44.1531,58.2129,,,,8.6565,5.507,94.493,
Gujarat,age_26_29,24,6.8846,70.3699,79.0832,,,,12.4279,6.6777,93.3223,
Gujarat,age_30_33,24,8.5108,84.9128,88.768,,,,11.0247,8.9895,91.0105,
Gujarat,age_34_plus,24,19.7215,89.9829,83.9369,,,,9.8784,22.2563,77.7437,
Gujarat,age_below10,24,94.1102,0.0,0.0,0.7466,0.6503,26.9353,0.0,70.7756,29.2244,73.0647
Daman & Diu,age_10_13,25,17.8423,0.9772,0.8591,1.6327,0.8163,2.8571,0.0,1.6327,98.3673,97.1429
Daman & Diu,age_14_17,25,1.1194,1.4085,2.7322,2.1818,6.9091,11.2727,0.0,2.5455,97.4545,88.7273
Daman & Diu,age_18_21,25,0.7874,4.9123,13.9405,6.1538,24.6154,30.7692,0.0,2.3077,97.6923,69.2308
Daman & Diu,age_22_25,25,0.885,20.9486,42.2222,,,,15.9292,2.5862,97.4138,
Daman & Diu,age_26_29,25,1.9868,49.1803,65.0424,,,,20.8609,0.6579,99.3421,
Daman & Diu,age_30_33,25,2.8881,83.8596,87.3921,,,,14.0794,2.807,97.193,
Daman & Diu,age_34_plus,25,8.0416,91.3201,80.1551,,,,8.6093,4.4304,95.5696,
Daman & Diu,age_below10,25,94.6565,0.0,0.0,1.2552,0.0,25.1046,0.0,71.2719,28.7281,74.8954
Dadra & Nagar Haveli,age_10_13,26,22.2689,1.2903,1.6529,0.8163,2.0408,8.1633,0.0,2.8571,97.1429,91.8367
Dadra & Nagar Haveli,age_14_17,26,2.2026,0.0,3.5294,4.7619,9.5238,14.2857,0.0,1.7316,98.2684,85.7143
Dadra & Nagar Haveli,age_18_21,26,5.4422,15.7729,33.7058,12.9032,43.871,49.6774,0.0,5.1613,94.8387,50.3226
Dadra & Nagar Haveli,age_22_25,26,3.3079,43.5435,62.963,,,,11.4504,4.8426,95.1574,
Dadra & Nagar Haveli,age_26_29,26,2.8011,74.5704,82.7184,,,,15.1261,4.2895,95.7105,
Dadra & Nagar Haveli,age_30_33,26,2.0619,90.1961,91.5619,,,,16.1512,4.902,95.098,
Dadra & Nagar Haveli,age_34_plus,26,9.8712,95.3333,87.871,,,,10.1931,11.2381,88.7619,
Dadra & Nagar Haveli,age_below10,26,92.9936,0.0,0.0,0.3717,0.7435,25.2788,0.0,72.1631,27.8369,74.7212
Maharashtra,age_10_13,27,33.234,2.5622,3.1122,2.083,1.8756,6.0953,0.0,3.7332,96.2668,93.9047
Maharashtra,age_14_17,27,4.3428,3.7773,6.897,3.4771,12.8808,19.5576,0.0,3.5574,96.4426,80.4424
Maharashtra,age_18_21,27,4.6113,10.5204,28.7865,5.1543,34.2171,43.3178,0.0,4.1489,95.8511,56.6822
Maharashtra,age_22_25,27,4.9014,39.182,57.5101,,,,10.1718,4.8393,95.1607,
Maharashtra,age_26_29,27,6.4746,67.2999,76.1813,,,,15.7948,6.4478,93.5522,
Maharashtra,age_30_33,27,8.5405,87.1955,88.1332,,,,15.0422,8.5711,91.4289,
Maharashtra,age_34_plus,27,21.9219,92.2963,82.3643,,,,11.6533,23.5166,76.4834,
Maharashtra,age_below10,27,95.7323,0.0,0.0,1.2989,0.7658,28.8528,0.0,72.9717,27.0283,71.1472
Andhra Pradesh,age_10_13,28,21.3498,0.9752,1.5027,1.5853,2.993,7.3537,0.0,4.427,95.573,92.6463
Andhra Pradesh,age_14_17,28,2.4601,1.9388,5.2425,3.0775,19.365,25.2178,0.0,5.6438,94.3562,74.7822
Andhra Pradesh,age_18_21,28,2.8227,10.4909,30.7459,4.3564,41.5548,48.9561,0.0,8.482,91.518,51.0439
Andhra Pradesh,age_22_25,28,3.5366,47.8096,63.8566,,,,16.8609,13.0211,86.9789,
Andhra Pradesh,age_26_29,28,5.1923,76.1037,82.0764,,,,19.4527,22.1346,77.8654,
Andhra Pradesh,age_30_33,28,6.4916,91.1862,90.072,,,,15.2798,28.8922,71.1078,
Andhra Pradesh,age_34_plus,28,12.0386,92.0172,80.9584,,,,11.6958,54.2374,45.7626,
Andhra Pradesh,age_below10,28,92.0808,0.0,0.0,0.8675,0.7103,25.0786,0.0,72.1312,27.8688,74.9214
Karnataka,age_10_13,29,28.7738,1.1738,1.8972,1.9909,3.3928,9.1511,0.0,5.0455,94.9545,90.8489
Karnataka,age_14_17,29,3.751,2.3625,6.1331,3.651,23.0745,31.016,0.0,6.5142,93.4858,68.984
Karnataka,age_18_21,29,4.9347,9.3847,28.896,5.0277,50.1635,58.9401,0.0,9.3423,90.6577,41.0599
Karnataka,age_22_25,29,6.169,38.38,58.2423,,,,10.3426,11.9265,88.0735,
Karnataka,age_26_29,29,8.3149,66.0372,76.1736,,,,13.2619,18.2969,81.7031,
Karnataka,age_30_33,29,10.1585,86.3185,87.5633,,,,12.8606,24.7454,75.2546,
Karnataka,age_34_plus,29,17.6036,92.8311,81.2731,,,,11.3125,48.0028,51.9972,
Karnataka,age_below10,29,95.3619,0.0,0.0,1.0563,0.7559,33.6504,0.0,73.0216,26.9784,66.3496
Goa,age_10_13,30,36.0939,1.5444,1.7493,4.1112,1.451,5.0786,0.0,2.1765,97.8235,94.9214
Goa,age_14_17,30,3.0303,2.6814,5.6126,5.8126,7.9478,16.6074,0.0,2.1352,97.8648,83.3926
Goa,age_18_21,30,3.4261,9.7182,20.6388,10.7216,21.4433,35.4639,0.0,3.7113,96.2887,64.5361
Goa,age_22_25,30,2.9529,28.0569,41.6309,,,,9.8164,4.0582,95.9418,
Goa,age_26_29,30,3.6087,51.7007,61.412,,,,12.7506,5.6732,94.3268,
Goa,age_30_33,30,4.4007,72.5835,77.7826,,,,10.206,6.1511,93.8489,
Goa,age_34_plus,30,16.6369,90.9684,79.0541,,,,8.1529,17.3684,82.6316,
Goa,age_below10,30,94.6494,0.0,0.0,2.8376,1.272,28.6693,0.0,72.1337,27.8663,71.3307
Kerala,age_10_13,32,22.1045,0.5518,0.933,0.7337,0.542,2.7653,0.0,1.2631,98.7369,97.2347
Kerala,age_14_17,32,4.6324,1.2051,3.094,1.6329,5.5865,11.4717,0.0,0.8317,99.1683,88.5283
Kerala,age_18_21,32,4.2815,3.7833,15.5396,2.4446,28.4851,43.8031,0.0,0.8477,99.1523,56.1969
Kerala,age_22_25,32,1.882,15.8221,38.411,,,,9.8001,1.1309,98.8691,
Kerala,age_26_29,32,2.422,41.5451,60.4802,,,,9.1915,1.6235,98.3765,
Kerala,age_30_33,32,3.7003,73.2968,79.6996,,,,5.6463,2.1821,97.8179,
Kerala,age_34_plus,32,18.3868,91.8036,77.8409,,,,3.6539,13.2246,86.7754,
Kerala,age_below10,32,95.8659,0.0,0.0,0.4923,0.2229,22.4454,0.0,70.856,29.144,77.5546
Tamil Nadu,age_10_13,33,11.6077,0.6885,1.2892,1.5497,1.3693,5.1247,0.0,2.2222,97.7778,94.8753
Tamil Nadu,age_14_17,33,0.9388,1.775,4.7686,2.5711,13.7605,23.2778,0.0,1.9658,98.0342,76.7222
Tamil Nadu,age_18_21,33,1.3701,7.3791,22.1718,2.9934,38.9782,54.2825,0.0,2.8477,97.1523,45.7175
Tamil Nadu,age_22_25,33,1.9416,31.5287,52.0722,,,,13.3565,4.5197,95.4803,
Tamil Nadu,age_26_29,33,3.1423,62.7145,74.4831,,,,14.3887,8.5391,91.4609,
Tamil Nadu,age_30_33,33,4.0159,85.5328,87.7176,,,,12.333,13.1112,86.8888,
Tamil Nadu,age_34_plus,33,9.4712,92.1036,81.6923,,,,7.7295,36.7807,63.2193,
Tamil Nadu,age_below10,33,90.4335,0.0,0.0,1.133,0.436,17.918,0.0,71.2281,28.7719,82.082
Puducherry,age_10_13,34,12.1396,1.1225,1.4499,0.7176,0.7432,3.716,0.0,2.6781,97.3219,96.284
Puducherry,age_14_17,34,0.6052,1.5879,3.824,1.0647,5.5792,14.2675,0.0,1.4764,98.5236,85.7325
Puducherry,age_18_21,34,0.8538,5.9486,17.8979,1.4532,23.9236,43.4607,0.0,2.2874,97.7126,56.5393
Puducherry,age_22_25,34,1.0785,26.9646,45.0978,,,,16.1429,3.0688,96.9312,
Puducherry,age_26_29,34,2.1272,55.6777,67.4671,,,,18.4604,5.0115,94.9885,
Puducherry,age_30_33,34,2.6902,81.3498,83.74,,,,17.2095,8.285,91.715,
Puducherry,age_34_plus,34,7.0693,92.0594,77.3901,,,,13.7398,29.9383,70.0617,
Puducherry,age_below10,34,92.1932,0.0,0.0,0.5978,0.1917,14.9673,0.0,72.5681,27.4319,85.0327
