state_name,age_bracket,state_code,Below_primary_share_total_male,CMPR_agri_labourers_male,CMPR_below_primary_male,CMPR_cultivators_male,CMPR_household_industry_male,CMPR_illiterate_male,CMPR_main_workers_male,CMPR_matric_male,CMPR_middle_male,CMPR_non_workers_male,CMPR_other_workers_male,CMPR_primary_male,CMPR_total_male,Graduate_share_total_male,Illiteracy_rate_total_male,Literacy_rate_total_male
INDIA,age_10_13,00,33.9047,0.6081,0.7068,0.9013,0.6452,1.0818,0.607,0.4389,0.676,1.1848,0.432,0.749,1.4142,0.0,7.9438,92.0562
INDIA,age_14_17,00,5.7155,4.5661,4.7522,5.4545,3.8247,6.6393,3.8427,2.7194,4.31,6.4598,2.6061,4.7461,8.7022,0.0,7.9716,92.0284
INDIA,age_18_21,00,5.2215,43.4047,37.5102,43.0124,33.9061,43.9337,34.4553,28.7955,37.2952,31.2825,25.843,39.1372,70.4785,0.0,9.5404,90.4596
INDIA,age_22_25,00,5.4607,32.3652,33.3926,30.7746,33.4313,29.8736,32.5117,32.4529,31.0295,24.835,33.538,32.0769,62.2992,13.7516,11.2305,88.7695
INDIA,age_26_29,00,6.2536,8.61,10.7807,9.2369,13.8161,7.3109,14.1185,17.1259,12.2346,11.2468,19.2291,10.4569,26.1903,18.0526,14.7287,85.2713
INDIA,age_30_33,00,7.133,3.5653,4.9555,4.0581,5.8903,3.6273,6.4427,7.9442,5.2959,6.6609,9.037,4.4822,12.2951,16.6874,17.9817,82.0183
INDIA,age_34_plus,00,12.2962,1.2422,2.1235,1.5005,1.9344,1.5538,2.1939,2.6336,1.9056,3.0952,3.0004,1.6613,4.4099,14.2614,29.8616,70.1384
INDIA,age_below10,00,93.8114,1.3453,1.3304,1.3718,1.4703,1.396,1.4271,1.4449,1.2987,1.4624,1.4903,1.3406,2.8473,0.0,73.9223,26.0777
Jammu & Kashmir,age_10_13,01,29.2573,0.3725,0.3458,0.331,0.4309,0.4453,0.3246,0.2826,0.3433,0.2201,0.3148,0.369,0.3587,0.0,10.2854,89.7146
Jammu & Kashmir,age_14_17,01,1.9961,2.7905,3.2486,2.7225,2.9043,3.2152,2.0609,1.4929,2.5848,3.0458,1.7565,2.9816,2.3618,0.0,7.6975,92.3025
Jammu & Kashmir,age_18_21,01,1.7446,28.7247,29.5341,29.5787,25.9971,29.5452,22.5314,19.3827,25.1597,23.4084,19.6141,28.1792,23.8902,0.0,9.7386,90.2614
Jammu & Kashmir,age_22_25,01,1.6819,34.4278,34.0185,36.2945,33.1815,33.9525,34.8833,36.0078,35.5031,28.6606,34.5267,35.4743,33.9798,13.808,12.3394,87.6606
Jammu & Kashmir,age_26_29,01,1.4199,15.8017,14.5696,15.7077,17.6523,13.6272,20.3315,22.2649,18.8832,14.8054,22.2996,15.9426,18.5625,17.0775,15.6431,84.3569
Jammu & Kashmir,age_30_33,01,1.7134,8.7039,7.1439,7.9212,9.9136,8.8107,10.5402,9.9539,8.2255,9.7339,11.5618,7.2367,9.9613,14.6508,20.1442,79.8558
Jammu & Kashmir,age_34_plus,01,2.7069,3.253,2.7684,2.9342,3.3868,4.3013,3.6119,2.8747,2.4475,4.7612,3.8684,2.6789,3.6815,14.8749,39.1604,60.8396
Jammu & Kashmir,age_below10,01,93.4658,1.3948,1.1995,1.2114,1.4544,1.2235,1.2921,1.3084,1.3409,1.1395,1.3037,1.2315,1.2849,0.0,77.9181,22.0819
Himachal Pradesh,age_10_13,02,21.2984,0.2887,0.5342,0.3115,0.2247,0.7625,0.2397,0.1366,0.2114,0.5819,0.1955,0.3457,0.2994,0.0,2.6997,97.3003
Himachal Pradesh,age_14_17,02,1.415,3.1781,5.1243,3.4285,2.2568,6.4494,2.3118,0.8655,2.1997,4.201,1.6157,3.8444,2.6076,0.0,2.1286,97.8714
Himachal Pradesh,age_18_21,02,1.7138,29.5684,36.17,31.6075,21.2049,35.5583,23.6261,16.5187,26.5256,24.2365,18.7227,33.4524,23.7977,0.0,2.8959,97.1041
Himachal Pradesh,age_22_25,02,1.9247,35.0043,33.9468,36.2353,37.5807,31.9988,36.2763,39.6799,39.9627,33.3153,36.3246,36.7075,36.2523,11.1095,3.4777,96.5223
Himachal Pradesh,age_26_29,02,2.4831,18.5424,12.912,17.055,25.2307,12.057,24.4859,29.1463,20.1649,18.7666,29.1156,15.2412,23.3542,18.0977,4.5956,95.4044
Himachal Pradesh,age_30_33,02,3.1228,6.4676,5.0071,5.655,7.5496,5.9416,7.466,7.2295,5.1741,6.7642,8.5751,4.6089,7.1214,16.8073,5.6641,94.3359
Himachal Pradesh,age_34_plus,02,7.2138,2.5579,2.503,2.0141,1.7595,3.5143,1.8811,1.3746,1.3641,3.0464,1.7734,1.648,1.9819,11.478,18.8096,81.1904
Himachal Pradesh,age_below10,02,95.0348,0.9346,0.9368,0.8899,1.3627,0.9071,1.0287,1.1585,1.0264,1.0362,1.105,0.9519,1.0524,0.0,70.8735,29.1265
Punjab,age_10_13,03,36.1052,0.1856,0.3454,0.1637,0.2573,0.3031,0.1974,0.1586,0.2133,0.3249,0.2108,0.2437,0.2188,0.0,6.7255,93.2745
Punjab,age_14_17,03,3.4222,1.828,3.0506,1.4239,1.5417,2.7862,1.5737,0.9735,1.814,2.6973,1.5802,2.255,1.7528,0.0,7.5468,92.4532
Punjab,age_18_21,03,2.4394,34.6711,34.0182,30.2879,25.4839,35.5013,26.8437,21.8958,29.7549,28.6265,23.7529,33.03,27.2696,0.0,9.2842,90.7158
Punjab,age_22_25,03,2.154,41.4045,36.7983,42.5219,43.3552,39.1948,41.8618,43.5009,41.4629,35.0326,41.6173,40.1034,40.7622,10.9423,10.7145,89.2855
Punjab,age_26_29,03,1.9167,11.0939,10.8592,14.1459,17.1601,10.0998,17.5193,20.193,14.2654,13.0722,20.3551,11.9214,16.6726,14.4636,13.3819,86.6181
Punjab,age_30_33,03,2.0918,4.2891,4.3184,5.0046,4.7297,4.8558,5.3213,5.3308,4.3945,5.3583,5.7112,4.2099,5.3045,13.093,17.184,82.816
Punjab,age_34_plus,03,3.3016,1.3449,1.6807,1.6369,1.2149,1.8872,1.4019,1.1565,1.2262,1.9282,1.3274,1.3161,1.4819,12.4095,31.506,68.494
Punjab,age_below10,03,95.0086,0.8909,0.9149,0.975,1.2287,0.8776,1.1164,1.202,1.0829,0.9523,1.2191,0.983,1.0866,0.0,72.3962,27.6038
Chandigarh,age_10_13,04,38.8882,1.2685,1.161,0.1937,0.5756,1.2868,0.5079,0.3118,0.7102,0.5781,0.5063,0.8618,0.5189,0.0,4.9837,95.0163
Chandigarh,age_14_17,04,4.0912,5.1797,9.62,2.5178,4.0292,10.1634,4.1544,2.5933,6.0377,3.9281,4.1621,7.2756,4.1663,0.0,5.4639,94.5361
Chandigarh,age_18_21,04,3.048,30.5497,45.778,29.632,28.7414,47.5039,27.3207,23.6796,39.5866,20.7205,27.2789,43.4869,26.7909,0.0,7.2552,92.7448
Chandigarh,age_22_25,04,2.4444,30.2326,27.7443,34.9903,36.7613,27.3907,33.4691,38.6459,34.4856,28.5584,33.4373,31.6493,32.808,22.0737,7.0282,92.9718
Chandigarh,age_26_29,04,2.2645,20.5074,7.5543,19.561,19.1865,6.3111,22.9919,22.9125,11.0503,24.819,23.063,8.6179,23.0121,32.169,8.5412,91.4588
Chandigarh,age_30_33,04,2.4998,5.814,2.111,6.1975,5.1804,2.5789,6.2804,5.6512,2.8158,9.0641,6.2943,2.6591,6.5538,30.3798,10.2811,89.7189
Chandigarh,age_34_plus,04,2.4254,1.5856,0.7992,2.4532,1.3431,1.0278,1.4813,1.3834,0.7737,3.1765,1.4763,0.9163,1.6664,35.0193,13.8066,86.1934
Chandigarh,age_below10,04,97.1101,1.1628,1.0253,1.3557,1.4198,0.937,1.1977,1.2048,1.1108,0.8945,1.1945,1.054,1.1653,0.0,71.9369,28.0631
Uttarakhand,age_10_13,05,34.7797,0.276,0.6994,0.4334,0.3067,0.7059,0.2909,0.1888,0.2932,0.7358,0.2257,0.4905,0.3592,0.0,5.138,94.862
Uttarakhand,age_14_17,05,3.7917,2.9044,6.2064,4.0682,2.488,5.9826,2.652,1.6677,2.9285,5.5543,1.9576,4.4762,3.1568,0.0,4.3904,95.6096
Uttarakhand,age_18_21,05,2.6405,44.1606,41.0169,39.9996,29.5468,42.7248,31.9002,27.0379,38.5361,30.5861,26.375,41.3851,32.4548,0.0,5.9991,94.0009
Uttarakhand,age_22_25,05,2.4306,36.0019,32.8869,36.3866,36.9581,32.7455,36.7917,40.2401,38.1889,31.197,37.0923,35.1801,36.0474,20.2906,6.9951,93.0049
Uttarakhand,age_26_29,05,2.3762,8.2849,8.8875,10.9454,17.7134,7.8868,16.5533,18.5392,11.2029,13.6744,20.366,9.3157,15.5887,25.3353,9.374,90.626
Uttarakhand,age_30_33,05,2.6087,3.2323,3.7806,3.6925,6.5507,3.8486,6.1735,5.7465,3.2466,5.6517,7.7591,3.458,5.8264,25.4892,11.5205,88.4795
Uttarakhand,age_34_plus,05,5.1664,1.1756,2.0067,1.3114,1.8151,1.854,1.7138,1.525,1.0484,2.5137,1.9784,1.4746,1.7803,19.0126,20.6372,79.3628
Uttarakhand,age_below10,05,94.8272,0.6512,0.6709,0.6516,0.8721,0.709,0.7903,0.8254,0.6798,0.7747,0.8725,0.6618,0.774,0.0,72.328,27.672
Haryana,age_10_13,06,37.2104,0.6116,1.1361,0.9068,0.4662,1.0793,0.6208,0.5253,0.7799,1.1921,0.485,0.9195,0.7284,0.0,5.5138,94.4862
Haryana,age_14_17,06,4.059,5.6985,8.7549,7.3246,3.9192,8.9558,5.2492,4.6802,6.7429,9.7892,4.1672,7.6167,6.0914,0.0,5.5882,94.4118
Haryana,age_18_21,06,3.0971,46.5601,46.2855,46.7762,32.6056,46.9325,38.9958,37.9665,44.168,39.7951,33.7865,46.7768,39.7574,0.0,7.0819,92.9181
Haryana,age_22_25,06,2.8439,33.0104,27.7466,31.4054,38.6766,28.8326,34.9169,36.5882,32.1435,25.697,36.9119,29.9383,33.1738,17.0101,8.1311,91.8689
Haryana,age_26_29,06,2.8921,7.1259,6.1431,7.1368,15.6967,6.0277,12.2651,11.6593,7.9173,7.9003,15.7687,6.6318,11.1702,22.0876,10.3193,89.6807
Haryana,age_30_33,06,3.1998,2.2935,2.1603,2.1628,3.4319,2.7251,3.1389,2.6115,2.1882,2.7936,3.7958,2.0128,3.0004,19.4363,13.1748,86.8252
Haryana,age_34_plus,06,4.6373,0.7289,0.8925,0.7599,0.8651,1.2234,0.8125,0.6088,0.6421,1.1662,0.8541,0.6721,0.8561,15.6844,28.0653,71.9347
Haryana,age_below10,06,96.1477,0.8282,0.8953,0.8984,1.0156,0.9122,0.9643,0.9491,0.9382,0.9987,1.0235,0.9229,0.9689,0.0,73.209,26.791
NCT of Delhi,age_10_13,07,34.8022,0.6859,1.012,0.4476,0.3237,1.079,0.3844,0.3085,0.5339,0.7201,0.3842,0.6798,0.4319,0.0,4.4483,95.5517
NCT of Delhi,age_14_17,07,3.2659,6.0031,8.2662,5.3906,3.1438,9.1093,3.682,3.2183,5.3764,6.171,3.676,6.6028,4.0345,0.0,4.3895,95.6105
NCT of Delhi,age_18_21,07,2.6007,38.5496,41.1116,37.4838,25.1084,42.5661,27.2215,27.8975,37.3042,28.2539,27.1639,40.1348,27.5952,0.0,6.0421,93.9579
NCT of Delhi,age_22_25,07,2.122,33.0858,30.6876,36.7089,39.2792,30.0413,35.7842,38.7014,35.3815,29.0411,35.6793,33.3745,34.8891,24.8871,6.3426,93.6574
NCT of Delhi,age_26_29,07,1.872,11.6514,8.4677,11.2288,20.4013,7.7177,20.4733,18.1192,11.5203,16.2175,20.5823,9.4695,19.733,32.3496,7.3183,92.6817
NCT of Delhi,age_30_33,07,1.9107,4.2765,3.3105,3.268,5.7091,3.4706,6.4836,5.2908,3.4727,6.6994,6.5412,3.2764,6.4467,31.3419,8.429,91.571
NCT of Delhi,age_34_plus,07,2.3896,1.1874,1.302,0.8808,1.4671,1.3868,1.604,1.3318,0.9553,2.3985,1.6152,1.094,1.6894,31.7338,12.7585,87.2415
NCT of Delhi,age_below10,07,95.9546,1.3246,1.4227,1.338,1.5157,1.3982,1.4027,1.3437,1.3002,1.3539,1.3998,1.3079,1.4011,0.0,72.349,27.651
Rajasthan,age_10_13,08,35.1405,2.4205,3.4185,2.9774,1.9516,3.3694,2.3546,1.6304,2.5681,4.4792,1.7796,3.1676,2.6109,0.0,7.184,92.816
Rajasthan,age_14_17,08,5.2393,11.5959,13.3929,13.3337,8.9691,13.6437,10.8147,9.2625,11.8146,14.5355,8.4139,12.666,11.2971,0.0,6.7528,93.2472
Rajasthan,age_18_21,08,4.6095,54.9417,51.8552,55.5759,45.9378,51.2503,49.508,46.9608,52.8221,41.3601,43.0896,53.3725,49.0965,0.0,8.2848,91.7152
Rajasthan,age_22_25,08,5.0127,21.6974,20.5445,19.8296,29.1776,21.5547,24.8923,27.3331,22.0693,19.4093,29.9594,20.6025,23.8921,14.0763,10.639,89.361
Rajasthan,age_26_29,08,5.7469,2.6038,2.8168,2.354,6.4967,2.8748,5.4454,6.4465,3.4469,4.029,8.7657,2.7135,5.0167,18.2578,14.8611,85.1389
Rajasthan,age_30_33,08,6.5884,0.9162,1.0309,0.848,1.6622,1.3657,1.5314,1.6035,0.9334,1.6215,2.2682,0.8591,1.4862,16.105,19.2896,80.7104
Rajasthan,age_34_plus,08,10.441,0.3098,0.4137,0.312,0.4352,0.5738,0.4251,0.4046,0.2619,0.7208,0.5499,0.2864,0.4515,14.0151,37.6019,62.3981
Rajasthan,age_below10,08,93.1952,1.748,2.287,1.8015,1.7267,1.9608,1.7526,1.5076,1.7282,2.8838,1.7087,2.0104,1.8913,0.0,74.6568,25.3432
Uttar Pradesh,age_10_13,09,39.9498,1.3168,1.812,1.4561,1.1108,1.8708,1.1683,0.9702,1.2274,1.9099,0.7939,1.4833,1.3543,0.0,11.1819,88.8181
Uttar Pradesh,age_14_17,09,5.6812,6.6302,8.808,7.5868,5.4832,8.9444,6.0659,5.2963,6.6482,9.3224,4.2353,7.5842,6.7937,0.0,11.1482,88.8518
Uttar Pradesh,age_18_21,09,3.3301,57.447,52.69,57.511,48.1092,53.8188,51.3879,51.3637,55.8153,45.7524,42.122,55.3598,51.7391,0.0,13.0243,86.9757
Uttar Pradesh,age_22_25,09,3.0542,22.371,20.2447,22.0449,27.5539,21.29,25.6788,25.7641,22.5281,17.5796,31.0334,21.5764,23.6298,15.4661,14.989,85.011
Uttar Pradesh,age_26_29,09,2.8368,2.9653,3.0769,2.9868,6.0741,3.1187,5.4196,5.1291,3.4069,3.5205,9.1991,3.1258,4.7174,20.2049,19.4407,80.5593
Uttar Pradesh,age_30_33,09,3.1079,1.1225,1.2843,1.118,2.2383,1.496,2.0468,1.7392,1.168,1.5517,3.4896,1.2309,1.8108,18.2392,23.7084,76.2916
Uttar Pradesh,age_34_plus,09,4.2387,0.3916,0.5455,0.3998,0.6892,0.6209,0.6268,0.5088,0.3577,0.6478,0.9825,0.4486,0.5842,15.1941,35.6522,64.3478
Uttar Pradesh,age_below10,09,92.5401,1.336,1.5527,1.4142,1.3567,1.6193,1.3324,1.1918,1.272,1.6511,1.2417,1.3665,1.4133,0.0,74.2578,25.7422
Bihar,age_10_13,10,45.2246,0.504,0.5404,0.4646,0.5982,0.6497,0.4565,0.3968,0.45,0.9773,0.3589,0.4845,0.5195,0.0,14.665,85.335
Bihar,age_14_17,10,8.8253,5.2308,5.6596,5.0481,5.5242,6.3666,4.7957,4.5165,5.0921,8.7021,3.7725,5.2833,5.3112,0.0,16.2403,83.7597
Bihar,age_18_21,10,7.1471,51.6884,50.2898,50.4931,47.4805,50.2347,48.213,48.4251,51.3121,44.027,40.4354,51.9209,48.8706,0.0,19.8208,80.1792
Bihar,age_22_25,10,7.1094,30.8118,29.7163,31.8388,31.3734,30.2452,32.2914,31.3951,29.9409,22.345,35.1818,29.6993,30.6626,10.7022,23.2671,76.7329
Bihar,age_26_29,10,7.3202,4.1575,4.1242,4.8,5.842,4.0963,5.8176,5.841,4.3246,4.1063,9.4905,3.9257,5.1574,14.1737,27.9913,72.0087
Bihar,age_30_33,10,7.4988,1.5357,1.4942,1.7362,2.3647,1.6916,2.3072,2.0109,1.4624,1.8512,4.1131,1.3729,2.0311,12.7718,31.317,68.683
Bihar,age_34_plus,10,8.0576,0.526,0.5394,0.5769,0.7299,0.6278,0.7216,0.5741,0.469,0.7556,1.1799,0.4607,0.6581,13.9574,41.3053,58.6947
Bihar,age_below10,10,93.0646,1.1287,1.0532,1.1203,1.2052,1.148,1.1207,1.0906,1.0347,1.2228,1.0997,1.0444,1.129,0.0,76.5421,23.4579
Sikkim,age_10_13,11,46.6625,0.3868,0.5973,0.5594,0.8521,0.6228,0.3971,0.327,0.3076,0.9787,0.3078,0.4221,0.4644,0.0,5.0329,94.9671
Sikkim,age_14_17,11,17.0728,5.4342,6.485,5.2282,4.6865,5.4171,4.0487,1.9082,3.7326,5.1251,3.3598,5.5384,4.2928,0.0,4.0668,95.9332
Sikkim,age_18_21,11,17.0282,29.182,31.3016,29.2028,27.2063,26.0465,25.7681,19.6596,28.1071,22.8614,23.8115,32.7912,25.8422,0.0,5.0246,94.9754
Sikkim,age_22_25,11,16.6717,27.2288,28.1611,28.7603,32.6841,25.9523,31.5106,36.2554,34.2032,23.6384,33.1302,30.2793,30.4297,8.551,5.4345,94.5655
Sikkim,age_26_29,11,14.4416,14.4459,13.3383,14.5149,16.0682,13.9629,18.1445,22.1679,17.0068,13.1939,20.2296,13.6058,17.3113,15.4307,6.7695,93.2305
Sikkim,age_30_33,11,15.3559,8.7797,7.5688,8.7171,7.1211,11.0443,8.9674,8.7567,6.8294,9.4583,9.1421,6.2865,8.9056,12.5833,8.0702,91.9298
Sikkim,age_34_plus,11,24.5492,8.2189,6.1273,6.9676,4.2605,10.961,5.52,3.8068,3.4762,8.4273,4.6518,3.9256,5.8633,10.2841,25.2287,74.7713
Sikkim,age_below10,11,93.9424,0.8702,0.9908,0.918,1.0956,0.7677,0.8461,0.762,0.7332,0.8666,0.8037,0.9986,0.8713,0.0,70.0137,29.9863
Arunachal Pradesh,age_10_13,12,44.1946,0.5213,0.2646,0.354,0.5669,0.376,0.3733,0.4749,0.4547,0.39,0.3758,0.3409,0.3989,0.0,17.0409,82.9591
Arunachal Pradesh,age_14_17,12,9.9302,3.1063,3.5935,3.0165,2.9655,3.1151,2.7675,2.5438,3.5398,3.4653,2.5233,3.4424,2.9698,0.0,12.0215,87.9785
Arunachal Pradesh,age_18_21,12,7.025,32.0517,35.1416,37.6222,31.3999,34.4756,32.4293,29.0461,35.7225,28.9116,27.9686,36.674,32.5393,0.0,14.5328,85.4672
Arunachal Pradesh,age_22_25,12,6.4849,31.3566,31.9344,32.753,32.5338,31.4407,33.7077,34.9839,32.8359,24.6362,34.728,32.3679,32.5535,9.3144,17.4716,82.5284
Arunachal Pradesh,age_26_29,12,6.5783,13.077,12.0931,11.5694,12.9961,12.0703,14.5123,15.6794,12.5314,9.601,17.1978,11.7189,13.7497,16.2949,20.5457,79.4543
Arunachal Pradesh,age_30_33,12,6.9145,8.2655,6.7266,6.0811,8.1989,7.316,7.4434,6.5852,5.5396,5.9518,8.5524,5.9184,7.1076,15.9479,23.8039,76.1961
Arunachal Pradesh,age_34_plus,12,11.0903,5.6805,3.7682,3.4204,4.143,4.6973,3.6063,2.4774,2.1606,3.5291,3.6074,2.8323,3.5317,14.4375,42.9481,57.0519
Arunachal Pradesh,age_below10,12,93.135,0.8689,0.8944,0.8751,1.2211,0.8126,0.934,1.1334,1.0074,0.9826,0.9848,0.8689,0.9677,0.0,78.4378,21.5622
Nagaland,age_10_13,13,38.7511,0.2845,0.1432,0.1161,0.2351,0.1779,0.1904,0.1976,0.193,0.1379,0.2526,0.2119,0.1844,0.0,12.9387,87.0613
Nagaland,age_14_17,13,8.4785,2.2369,1.7086,1.4183,2.057,1.5742,1.6448,1.5225,1.8896,1.2803,1.8153,1.8381,1.613,0.0,9.8433,90.1567
Nagaland,age_18_21,13,7.2463,20.2612,17.3984,17.9481,17.2495,17.094,17.731,16.8421,19.0047,9.4996,17.4274,19.1121,17.0185,0.0,10.9861,89.0139
Nagaland,age_22_25,13,6.7249,29.4931,29.5115,30.1583,29.3271,27.3178,30.8065,31.7045,32.0392,18.6879,31.4858,30.6215,29.5897,8.9915,11.569,88.431
Nagaland,age_26_29,13,6.3619,18.451,20.1451,21.1233,20.9521,19.4702,21.9401,22.4126,21.3404,16.4138,22.8626,20.6784,21.3278,16.423,12.142,87.858
Nagaland,age_30_33,13,6.6439,12.1153,14.0691,13.7114,15.1043,14.7895,13.7337,12.7991,12.059,15.763,13.8004,12.6319,13.8402,15.1583,13.4161,86.5839
Nagaland,age_34_plus,13,11.3248,9.2837,10.769,9.9804,9.1096,12.9879,8.6067,6.6231,6.5883,12.9655,7.3168,7.916,8.9346,10.1074,24.3683,75.6317
Nagaland,age_below10,13,93.1072,0.7629,0.6639,0.7757,0.764,0.7439,0.7597,0.7042,0.7186,0.5977,0.7448,0.7954,0.7445,0.0,76.5259,23.4741
Manipur,age_10_13,14,31.8379,0.139,0.1954,0.223,0.5995,0.263,0.2103,0.2131,0.1806,0.2031,0.186,0.2057,0.216,0.0,12.7022,87.2978
Manipur,age_14_17,14,3.9967,1.8657,2.0843,1.8257,1.9257,2.2222,1.6932,1.5497,2.0134,1.8675,1.5437,2.1951,1.7275,0.0,8.2877,91.7123
Manipur,age_18_21,14,2.5052,20.6885,21.464,20.0166,17.2677,20.6149,17.977,16.981,21.1081,15.5692,15.8685,22.2166,17.7725,0.0,9.9618,90.0382
Manipur,age_22_25,14,2.1692,31.53,30.718,30.6553,28.8219,28.8208,30.1112,30.8852,31.9342,22.4663,29.5449,31.3027,29.0718,11.802,10.5017,89.4983
Manipur,age_26_29,14,2.0519,19.2986,17.6562,19.9921,20.1381,18.1765,21.0383,21.6148,19.2164,16.7182,22.206,18.205,20.3705,18.5272,11.2486,88.7514
Manipur,age_30_33,14,2.2321,11.7984,11.699,12.476,13.3981,12.3606,13.5439,12.4884,11.3964,13.3364,14.6976,10.8225,13.4548,21.8198,12.4628,87.5372
Manipur,age_34_plus,14,4.5407,8.0509,8.8632,8.6719,9.574,10.0099,9.2139,7.788,7.1839,11.0429,9.801,7.7192,9.4077,21.4516,22.3795,77.6205
Manipur,age_below10,14,90.2214,0.9729,0.7465,0.7379,1.2444,0.7822,0.8058,0.8621,0.7713,0.7291,0.8364,0.739,0.8186,0.0,77.3008,22.6992
Mizoram,age_10_13,15,35.1012,0.1273,0.1534,0.1935,0.4669,0.2862,0.1394,0.1104,0.1433,0.0384,0.0824,0.1509,0.1442,0.0,5.2064,94.7936
Mizoram,age_14_17,15,7.2849,2.2645,1.776,2.2194,1.0611,4.1748,1.5713,0.8553,1.3101,1.0124,0.9018,1.7437,1.545,0.0,3.7755,96.2245
Mizoram,age_18_21,15,7.7868,27.1644,24.8137,29.4566,23.3871,35.1495,24.4927,20.625,25.0657,19.906,19.5963,27.2054,24.0654,0.0,4.8747,95.1253
Mizoram,age_22_25,15,9.001,32.1571,32.5678,33.2441,35.0594,30.0937,33.332,34.5497,34.2159,29.056,33.5049,33.199,32.8318,6.148,5.4763,94.5237
Mizoram,age_26_29,15,10.8831,16.5606,16.3206,15.2431,18.5484,11.4359,18.7123,21.3975,18.0671,16.4887,22.1894,16.2946,18.3689,11.2395,5.5575,94.4425
Mizoram,age_30_33,15,11.4619,8.885,10.5585,8.535,10.6961,7.2779,10.3404,10.1653,9.4736,10.8415,12.1771,8.8255,10.3093,13.2907,5.4171,94.5829
Mizoram,age_34_plus,15,25.858,7.621,9.7094,6.6384,6.9185,6.2735,7.2631,6.0794,6.6183,9.6027,7.8124,7.1434,7.4878,9.9148,7.8116,92.1884
Mizoram,age_below10,15,95.3366,0.5729,0.4472,0.669,0.5518,0.7407,0.536,0.4898,0.5034,0.346,0.4077,0.6573,0.5393,0.0,74.2351,25.7649
Tripura,age_10_13,16,36.0143,0.1015,0.1335,0.1121,0.1413,0.1996,0.1045,0.0797,0.1,0.228,0.101,0.1397,0.1228,0.0,3.3357,96.6643
Tripura,age_14_17,16,8.1141,2.2872,2.6973,1.9794,1.9312,2.8498,1.7923,0.739,1.6819,2.3732,1.544,2.4816,1.9327,0.0,3.0176,96.9824
Tripura,age_18_21,16,11.2435,27.318,26.4021,25.0943,21.4508,26.7005,20.9416,12.7242,19.7759,16.8962,16.9763,25.7961,20.9964,0.0,3.7679,96.2321
Tripura,age_22_25,16,12.8879,35.4146,34.9257,34.9815,33.5374,34.5451,32.2054,27.6514,32.5791,25.5236,29.8681,34.6703,31.5272,5.4055,4.2992,95.7008
Tripura,age_26_29,16,14.7177,17.6364,17.5658,18.7465,20.6406,15.8247,21.0628,25.904,22.3919,18.0892,23.2363,18.4113,20.4383,8.1936,5.4981,94.5019
Tripura,age_30_33,16,15.8158,9.3928,10.0337,10.9811,12.6236,10.3869,13.5585,18.0067,13.0763,16.1105,16.1023,9.905,13.5261,8.3765,6.0504,93.9496
Tripura,age_34_plus,16,23.3394,4.4535,4.9947,5.1669,5.8973,6.0,7.0117,9.6273,5.8324,10.7311,8.7077,4.439,7.2138,9.3694,13.5962,86.4038
Tripura,age_below10,16,96.8209,0.7425,0.717,0.7342,0.9044,0.737,0.742,0.7512,0.7873,0.7656,0.7413,0.7735,0.7488,0.0,72.3842,27.6158
Meghalaya,age_10_13,17,56.9119,0.5114,0.5286,0.6174,0.7322,0.5474,0.5048,0.4806,0.5109,0.4444,0.3933,0.5347,0.5155,0.0,16.135,83.865
Meghalaya,age_14_17,17,23.6663,2.2321,1.9272,1.8995,2.3352,2.3381,1.9068,1.4904,1.8889,1.7455,1.8248,2.1097,1.9328,0.0,13.1555,86.8445
Meghalaya,age_18_21,17,19.2608,29.2261,27.3158,27.2687,23.9066,28.1121,25.5916,21.2169,24.5359,16.8217,23.2017,26.1319,25.039,0.0,15.2357,84.7643
Meghalaya,age_22_25,17,19.8736,34.8194,34.4814,33.9418,33.584,32.3611,33.7405,33.5195,33.542,23.0208,33.2976,33.1241,32.7833,5.8434,18.1113,81.8887
Meghalaya,age_26_29,17,21.1783,13.9502,14.5357,14.7909,15.9311,13.8466,16.5644,18.8846,16.5191,13.0014,18.8544,15.1367,15.9876,10.1815,21.4901,78.5099
Meghalaya,age_30_33,17,22.5976,7.0934,7.7048,7.8281,8.4306,8.1807,8.8835,9.2963,8.2014,9.6947,10.3046,7.8728,8.7767,11.071,23.9189,76.0811
Meghalaya,age_34_plus,17,27.3511,4.4903,5.1035,5.4191,5.9766,5.9514,5.5497,5.0892,5.2722,8.2992,5.9157,5.1806,5.6808,8.7555,33.0199,66.9801
Meghalaya,age_below10,17,92.9674,1.1512,1.1386,1.3832,1.7613,1.23,1.1621,1.213,1.3,1.103,0.945,1.2996,1.2147,0.0,81.2136,18.7864
Assam,age_10_13,18,33.9241,0.0996,0.102,0.1062,0.131,0.1273,0.1093,0.1095,0.1075,0.1424,0.1128,0.1241,0.1156,0.0,11.983,88.017
Assam,age_14_17,18,10.4199,1.6325,1.5635,1.2244,1.4059,1.7653,1.246,0.727,1.2398,1.681,1.1816,1.5752,1.3313,0.0,12.416,87.584
Assam,age_18_21,18,11.5203,24.9643,21.1733,20.4992,18.6484,24.6726,18.8106,11.6582,17.3155,14.9643,16.1968,21.1423,18.7014,0.0,14.3664,85.6336
Assam,age_22_25,18,11.968,36.0951,33.6336,34.6095,32.0975,35.6736,32.1558,25.9483,31.2218,22.6068,29.3306,33.2732,31.1393,5.5674,16.2466,83.7534
Assam,age_26_29,18,12.3811,16.5463,18.1975,18.7475,19.6178,15.971,19.6121,22.5143,20.4573,15.6589,20.9371,18.2539,19.0001,9.1375,20.3143,79.6857
Assam,age_30_33,18,12.4126,9.7519,12.2441,12.3073,13.8266,10.1154,14.0796,18.5452,13.9536,15.9372,16.4231,11.7663,14.014,10.5745,22.4662,77.5338
Assam,age_34_plus,18,18.949,5.5061,7.7016,7.6251,8.1951,6.2413,8.7272,12.2152,8.2653,12.7283,10.3041,7.0082,8.9469,10.554,30.6144,69.3856
Assam,age_below10,18,93.5515,1.1235,1.0607,1.1032,1.1638,1.0962,1.0981,1.071,1.1085,0.9151,1.086,1.1171,1.0949,0.0,75.4683,24.5317
West Bengal,age_10_13,19,32.8957,0.1683,0.223,0.1392,0.2149,0.3452,0.1679,0.1353,0.1519,0.5344,0.175,0.1988,0.2167,0.0,7.4027,92.5973
West Bengal,age_14_17,19,12.3535,3.5294,3.5994,2.2305,2.9933,4.3887,2.4866,1.0864,2.0606,4.3261,2.0968,3.2055,2.8055,0.0,8.3044,91.6956
West Bengal,age_18_21,19,14.6207,32.2073,30.4794,24.7885,26.5522,32.0386,24.0365,13.8725,21.9483,20.3593,20.0701,28.7492,24.3649,0.0,10.0479,89.9521
West Bengal,age_22_25,19,15.8482,36.4469,35.7236,36.8196,34.4466,34.7261,33.2238,28.8505,34.3764,25.2651,30.4325,35.2903,32.5213,10.1412,12.5219,87.4781
West Bengal,age_26_29,19,17.2817,14.6432,15.2312,19.1731,18.0974,13.6996,19.1436,24.1703,20.1946,16.333,21.142,16.1433,18.3134,13.8335,16.0368,83.9632
West Bengal,age_30_33,19,18.0994,6.4648,6.9503,9.3707,8.9225,6.9925,11.0458,16.2966,10.4924,12.9069,13.7788,7.2381,10.7408,14.1842,18.4513,81.5487
West Bengal,age_34_plus,19,22.1528,2.5924,2.9971,3.7518,3.5056,3.2916,5.0628,8.274,4.6501,7.9472,6.7146,2.9463,5.1311,14.1304,26.2578,73.7422
West Bengal,age_below10,19,93.6152,1.0617,1.1051,1.0995,1.1787,0.9818,1.1143,1.1625,1.1614,0.9719,1.138,1.1349,1.104,0.0,72.467,27.533
Jharkhand,age_10_13,20,42.6352,0.3703,0.4944,0.3551,0.4506,0.5658,0.3607,0.345,0.3728,1.0092,0.3564,0.4279,0.4431,0.0,8.6583,91.3417
Jharkhand,age_14_17,20,6.7749,4.6058,5.6052,4.0217,4.3197,6.0778,3.8341,3.5151,4.2727,8.1895,3.4833,4.94,4.6918,0.0,9.2215,90.7785
Jharkhand,age_18_21,20,5.8804,46.0511,45.3154,40.4086,37.6517,43.8279,36.9272,33.7008,40.9466,34.8866,32.3514,45.0097,39.5016,0.0,12.0116,87.9884
Jharkhand,age_22_25,20,6.5611,33.3636,31.8001,35.8014,35.856,32.6471,35.053,34.7366,34.6041,25.783,35.0979,32.7228,33.156,10.5232,15.3483,84.6517
Jharkhand,age_26_29,20,7.4815,7.1162,7.0365,9.4061,10.7128,7.3986,11.9024,13.4648,9.2833,8.8522,14.707,7.3615,10.1847,15.6174,20.2123,79.7877
Jharkhand,age_30_33,20,7.8667,2.9152,2.9087,4.2081,4.5638,3.4343,5.4936,5.9073,3.5485,4.8957,6.9872,2.9413,4.6981,14.9119,23.9094,76.0906
Jharkhand,age_34_plus,20,10.0962,1.0908,1.2486,1.7204,1.6433,1.4697,1.9953,2.0872,1.2799,2.3275,2.4251,1.1418,1.7879,14.7264,37.0225,62.9775
Jharkhand,age_below10,20,95.2101,1.115,1.0256,1.0859,1.1485,1.0997,1.1176,1.129,1.0488,1.1792,1.134,1.0237,1.1207,0.0,75.3635,24.6365
Odisha,age_10_13,21,26.1207,0.1019,0.1648,0.115,0.1197,0.2008,0.1051,0.0883,0.0872,0.3387,0.0966,0.1265,0.1386,0.0,7.2078,92.7922
Odisha,age_14_17,21,5.3378,1.4146,1.8796,1.4623,1.1551,2.7909,1.2278,0.5672,0.9741,3.3412,0.9406,1.5314,1.5821,0.0,7.3631,92.6369
Odisha,age_18_21,21,5.9763,27.9244,29.4008,27.5429,21.2292,34.8068,22.873,12.661,20.2135,27.445,16.5486,26.7087,24.3494,0.0,8.6247,91.3753
Odisha,age_22_25,21,6.7065,40.9172,41.112,40.3634,37.8021,38.3111,37.7891,33.5748,39.4655,32.1794,34.0666,41.1779,37.2587,8.1486,10.0405,89.9595
Odisha,age_26_29,21,8.597,16.0942,14.6817,17.0358,21.0102,11.5781,20.298,27.8924,21.6858,14.4534,25.0681,16.5735,18.8173,11.9755,13.3145,86.6855
Odisha,age_30_33,21,10.7412,6.9427,6.2692,7.423,10.2295,5.5374,10.164,14.2322,8.6866,7.6154,14.07,6.6316,9.3218,15.4563,16.1615,83.8385
Odisha,age_34_plus,21,21.3546,1.9001,1.997,1.9848,2.6113,1.9097,2.6792,3.5101,2.0429,2.7977,3.6584,1.8429,2.5812,11.5104,27.8974,72.1026
Odisha,age_below10,21,94.9304,0.9953,0.954,0.9488,1.0869,0.8782,1.0071,1.0906,1.032,0.9169,1.0571,1.0003,0.9907,0.0,74.044,25.956
Chhattisgarh,age_10_13,22,42.18,1.2098,2.0244,1.3285,0.8949,1.9325,1.0295,0.4668,0.6871,3.2693,0.5812,1.1582,1.2265,0.0,5.9347,94.0653
Chhattisgarh,age_14_17,22,6.2899,8.2939,11.0744,7.9672,5.934,11.0344,6.6429,2.9497,5.5248,14.0768,4.0834,8.0143,7.4588,0.0,6.3099,93.6901
Chhattisgarh,age_18_21,22,6.0231,54.0443,52.7827,51.3162,41.0339,52.1899,44.9678,32.5892,49.0909,38.5934,31.9326,53.0588,45.5325,0.0,7.4586,92.5414
Chhattisgarh,age_22_25,22,6.115,27.3114,24.8053,29.0239,33.0048,25.6555,30.3665,37.0193,31.4389,20.8931,33.8129,27.461,29.2165,7.0151,9.1238,90.8762
Chhattisgarh,age_26_29,22,7.2547,4.4563,3.8747,5.5266,10.6888,3.8794,9.4742,15.635,6.7255,6.8199,17.2103,4.5905,8.5775,13.4752,13.5024,86.4976
Chhattisgarh,age_30_33,22,9.0741,1.2024,1.2812,1.6002,3.7889,1.4556,3.4185,5.3676,1.7889,3.2574,6.9255,1.3469,3.1211,15.2066,17.3863,82.6137
Chhattisgarh,age_34_plus,22,20.8647,0.4237,0.6439,0.5415,0.9831,0.6321,1.0016,1.4874,0.5354,1.5172,1.9056,0.5164,0.9766,12.5114,34.0678,65.9322
Chhattisgarh,age_below10,22,97.3376,0.9583,1.2268,1.0212,1.1581,1.18,1.0142,0.9552,0.8104,1.7632,1.0378,0.961,1.0645,0.0,74.476,25.524
Madhya Pradesh,age_10_13,23,37.7597,1.1827,1.5778,1.4027,1.1342,1.8435,1.1221,0.7306,0.9966,2.327,0.766,1.3134,1.2806,0.0,7.4785,92.5215
Madhya Pradesh,age_14_17,23,6.9252,9.4336,11.02,10.5923,7.6736,12.5797,8.3332,5.2487,8.1268,13.177,5.1091,9.7123,9.0415,0.0,8.3022,91.6978
Madhya Pradesh,age_18_21,23,6.1772,60.186,55.2806,60.3532,44.0536,58.285,51.4668,43.6606,54.3774,40.6448,36.1873,55.6407,51.3517,0.0,10.0364,89.9636
Madhya Pradesh,age_22_25,23,6.1696,20.7915,21.8079,19.7429,28.7592,18.8156,24.5646,29.1211,23.5764,18.7048,32.2066,22.2741,23.387,9.7147,12.7686,87.2314
Madhya Pradesh,age_26_29,23,7.2941,3.1141,3.6619,3.1861,9.6639,2.6807,7.2285,10.5761,5.1457,5.928,14.3402,4.0279,6.6283,15.0897,17.8736,82.1264
Madhya Pradesh,age_30_33,23,8.639,1.0007,1.3219,1.0385,3.2626,1.0961,2.5833,3.6683,1.5882,2.6232,5.3247,1.321,2.4121,14.927,21.8798,78.1202
Madhya Pradesh,age_34_plus,23,14.4926,0.3186,0.5518,0.355,0.8706,0.4598,0.7228,0.9975,0.4522,1.0903,1.3947,0.4526,0.7171,13.8966,34.7512,65.2488
Madhya Pradesh,age_below10,23,95.528,0.9755,1.0618,1.0167,1.272,1.1187,1.1133,1.1418,1.0363,1.373,1.3028,1.0329,1.1352,0.0,74.1467,25.8533
Gujarat,age_10_13,24,24.9161,0.6445,0.7539,0.6203,0.677,0.7841,0.5699,0.5051,0.6761,1.0561,0.5193,0.7292,0.6364,0.0,4.9848,95.0152
Gujarat,age_14_17,24,5.3832,4.9889,4.9907,4.6633,3.0501,5.3798,3.4325,2.5674,3.8804,5.5923,2.3387,4.3604,3.756,0.0,5.3822,94.6178
Gujarat,age_18_21,24,5.8797,52.7421,49.808,52.9477,39.7215,51.8628,41.5699,34.7292,42.4807,37.4648,32.4385,46.6572,41.4537,0.0,6.7022,93.2978
Gujarat,age_22_25,24,6.9324,29.0441,30.8746,30.0257,36.718,29.3145,35.0533,37.8933,33.402,28.3761,39.4096,32.1469,33.9449,10.6408,8.2525,91.7475
Gujarat,age_26_29,24,8.4089,4.4036,5.1657,4.9216,8.9282,4.3555,9.4114,11.8103,7.8527,8.2241,13.2279,6.1242,9.0995,13.9296,10.116,89.884
Gujarat,age_30_33,24,10.1273,1.4125,1.8371,1.5184,2.8247,1.6823,2.7449,3.4641,2.2916,3.1908,3.7721,1.9546,2.7447,12.2669,12.699,87.301
Gujarat,age_34_plus,24,17.8554,0.4238,0.6023,0.4696,0.7391,0.5671,0.7059,0.878,0.6005,1.1291,0.9114,0.5719,0.7407,11.907,23.048,76.952
Gujarat,age_below10,24,93.8127,1.3913,1.2839,1.2897,1.4309,1.3956,1.4186,1.4505,1.39,1.5795,1.491,1.3156,1.4572,0.0,72.2893,27.7107
Daman & Diu,age_10_13,25,26.1731,0.4484,0.4025,0.3364,0.8621,0.5912,0.3897,0.2684,0.4482,0.3072,0.3888,0.5377,0.3921,0.0,2.9384,97.0616
Daman & Diu,age_14_17,25,5.5417,2.2422,4.7124,3.196,3.4483,6.6211,3.4133,2.6331,3.621,4.6083,3.4212,4.0931,3.5341,0.0,5.4332,94.5668
Daman & Diu,age_18_21,25,6.7917,43.0493,40.3991,34.4828,34.0517,46.0457,33.1354,26.7419,38.0471,29.3834,33.0726,39.2215,33.0069,0.0,7.821,92.179
Daman & Diu,age_22_25,25,5.7695,40.3587,35.7538,37.3423,35.7759,31.5554,35.7799,37.1403,35.4192,30.7659,35.7349,35.5618,35.3634,4.5395,6.8362,93.1638
Daman & Diu,age_26_29,25,5.4873,7.1749,9.2739,13.3726,9.4828,7.1203,14.8009,18.4399,11.3113,15.4926,14.8733,10.2167,14.7754,9.1308,6.9951,93.0049
Daman & Diu,age_30_33,25,5.943,3.139,3.1863,4.5416,9.4828,2.2596,5.5203,7.0546,3.6738,7.1099,5.5324,3.451,5.5739,10.4092,7.5944,92.4056
Daman & Diu,age_34_plus,25,11.9958,0.0,1.0901,1.4298,2.5862,0.762,1.3504,1.8239,1.0371,3.2697,1.3491,1.0433,1.4692,11.9162,12.6528,87.3472
Daman & Diu,age_below10,25,94.9883,0.8969,1.3248,1.2616,0.8621,1.1561,1.3108,1.3975,1.125,1.163,1.3148,1.4045,1.299,0.0,74.1636,25.8364
Dadra & Nagar Haveli,age_10_13,26,28.2674,0.1151,0.2454,0.2215,0.0,0.3996,0.3089,0.2182,0.4419,0.484,0.3439,0.364,0.3164,0.0,3.0773,96.9227
Dadra & Nagar Haveli,age_14_17,26,5.5493,4.9099,5.7416,5.4564,3.3219,6.3364,3.5427,1.9992,3.4248,6.3504,2.9977,5.0279,3.8001,0.0,4.5176,95.4824
Dadra & Nagar Haveli,age_18_21,26,6.2631,59.2252,54.5577,55.5134,41.8099,54.1143,41.2093,32.8917,45.8755,40.0581,36.7733,50.2455,41.7222,0.0,6.7866,93.2134
Dadra & Nagar Haveli,age_22_25,26,6.3706,24.9712,27.7512,28.8074,34.8225,27.9985,33.1476,37.4786,32.5078,25.9632,34.5818,29.9137,32.3974,6.9604,7.2223,92.7777
Dadra & Nagar Haveli,age_26_29,26,7.1806,3.3755,4.1345,4.412,10.1947,4.3719,11.5414,15.1637,7.0981,7.7251,13.7328,5.6543,10.9586,12.2056,10.5592,89.4408
Dadra & Nagar Haveli,age_30_33,26,7.5873,1.074,1.6808,1.19,3.8946,1.3674,3.6848,4.4973,2.2372,2.8267,4.4316,1.7352,3.5053,15.0908,13.5379,86.4621
Dadra & Nagar Haveli,age_34_plus,26,14.3738,0.4219,0.3803,0.3545,0.4582,0.3515,0.7414,0.8457,0.4143,0.7744,0.8581,0.3978,0.7106,16.7025,31.3778,68.6222
Dadra & Nagar Haveli,age_below10,26,94.4903,2.1097,1.7298,1.4179,1.1455,1.6082,1.5211,1.4497,1.4822,1.6457,1.528,1.4982,1.6058,0.0,72.2215,27.7785
Maharashtra,age_10_13,27,32.122,0.4046,0.5317,0.3553,0.5313,0.8712,0.3932,0.3102,0.3767,0.8564,0.4022,0.4843,0.4613,0.0,4.2052,95.7948
Maharashtra,age_14_17,27,4.3078,2.5446,3.2784,2.0869,2.2896,5.2245,1.9131,1.1542,1.8498,5.01,1.5902,2.7349,2.3535,0.0,4.008,95.992
Maharashtra,age_18_21,27,4.4402,37.2476,37.3831,34.7171,26.1005,41.1643,27.6239,20.5722,28.0306,26.3645,20.8344,33.9922,27.6308,0.0,4.7253,95.2747
Maharashtra,age_22_25,27,4.7791,39.4146,39.0949,41.7903,38.6518,34.6424,38.5177,38.6071,39.7515,27.6394,36.611,39.0468,37.0306,14.0962,5.5652,94.4348
Maharashtra,age_26_29,27,5.8616,9.4747,8.7779,11.1084,16.8609,7.1473,16.6701,20.1001,14.1896,12.8552,21.9081,10.2051,15.9696,20.4834,7.1775,92.8225
Maharashtra,age_30_33,27,7.5817,3.0116,3.1404,3.0968,6.1967,2.8048,6.0235,7.4817,4.6869,6.2687,8.502,3.547,5.9916,19.0712,9.0888,90.9112
Maharashtra,age_34_plus,27,17.126,0.7998,1.0625,0.7354,1.6697,0.95,1.5034,1.9384,1.2358,2.2719,2.1184,1.1106,1.5936,15.2449,18.8878,81.1122
Maharashtra,age_below10,27,95.4069,1.9708,1.8709,2.0294,2.4316,1.9322,2.2952,2.4696,2.1346,2.014,2.5336,1.9989,2.2591,0.0,73.146,26.854
Andhra Pradesh,age_10_13,28,22.7193,0.4339,0.6141,0.6095,0.6188,0.8884,0.4339,0.2836,0.3167,1.3777,0.3414,0.3696,0.5514,0.0,5.048,94.952
Andhra Pradesh,age_14_17,28,2.448,3.9619,4.5722,4.0573,3.1288,5.7538,3.173,1.789,2.7149,6.7908,2.2157,3.2593,3.6357,0.0,5.8577,94.1423
Andhra Pradesh,age_18_21,28,2.6409,42.2345,41.7439,38.3547,33.2927,42.775,34.1618,26.056,33.9607,31.9693,26.6602,37.9743,34.1243,0.0,8.0176,91.9824
Andhra Pradesh,age_22_25,28,3.1466,35.8008,34.7505,36.3394,37.43,32.6475,36.2364,38.6595,37.9513,26.1011,36.4224,37.6058,34.9616,21.755,11.5866,88.4134
Andhra Pradesh,age_26_29,28,4.3089,7.9745,7.909,10.1957,12.1657,7.289,12.9735,16.5671,11.2884,9.8469,17.7798,9.4578,12.3875,25.0452,18.5156,81.4844
Andhra Pradesh,age_30_33,28,5.3952,2.7048,2.8549,3.5458,3.9767,3.1125,4.6147,5.3762,3.3814,4.9028,6.4732,3.1472,4.5815,21.1253,24.1243,75.8757
Andhra Pradesh,age_34_plus,28,9.5733,0.8413,1.0267,0.9801,1.1725,1.1382,1.2065,1.3123,0.9694,2.0403,1.5671,0.991,1.2979,16.8463,42.269,57.731
Andhra Pradesh,age_below10,28,91.7314,1.8639,1.8391,2.045,2.2534,1.9462,2.0661,2.1814,1.9782,1.9712,2.2055,1.8922,2.059,0.0,72.4742,27.5258
Karnataka,age_10_13,29,27.6831,0.241,0.2157,0.1723,0.2483,0.3063,0.1739,0.1402,0.1574,0.3436,0.1519,0.1905,0.1992,0.0,3.9281,96.0719
Karnataka,age_14_17,29,2.934,1.3183,1.1609,0.8739,0.9577,1.7304,0.8301,0.5198,0.7741,1.8981,0.655,1.0154,0.9776,0.0,4.7404,95.2596
Karnataka,age_18_21,29,3.8806,25.6994,22.5953,20.8421,18.9591,27.3382,17.9945,12.6166,17.439,19.0433,14.0102,20.8352,18.443,0.0,6.5868,93.4132
Karnataka,age_22_25,29,4.6725,41.6002,41.021,41.1317,37.4015,41.3794,36.6937,32.8086,37.3105,30.4034,32.612,39.8688,36.006,14.0212,8.0397,91.9603
Karnataka,age_26_29,29,6.0943,15.4327,17.4402,19.1398,20.8294,14.0375,21.9609,25.5148,20.8564,16.8982,25.5895,18.415,21.0392,18.8255,11.7029,88.2971
Karnataka,age_30_33,29,7.3359,7.1696,9.0335,9.8662,10.8809,7.6064,12.0531,14.2463,10.0852,12.0053,14.826,9.3599,11.8385,18.5419,15.2641,84.7359
Karnataka,age_34_plus,29,14.001,2.1904,3.1365,2.8594,3.3267,2.5098,3.6614,4.2864,3.1921,4.563,4.5801,3.1502,3.7067,15.5565,29.8324,70.1676
Karnataka,age_below10,29,95.3495,1.6318,1.5647,1.5211,1.7897,1.5796,1.6322,1.6749,1.5451,1.4592,1.691,1.5966,1.6236,0.0,72.8391,27.1609
Goa,age_10_13,30,29.6982,0.3079,0.3169,0.284,0.4773,0.6848,0.3351,0.2846,0.3281,0.3324,0.3343,0.3689,0.3407,0.0,2.432,97.568
Goa,age_14_17,30,2.578,0.7504,1.2379,0.9528,0.8591,2.8158,0.7879,0.4327,0.7785,1.1919,0.7793,1.2259,0.9018,0.0,2.0428,97.9572
Goa,age_18_21,30,2.8175,11.8722,13.8686,12.1942,8.4473,20.6216,8.2819,5.2392,8.2763,8.9895,8.0185,12.7283,8.8044,0.0,3.2251,96.7749
Goa,age_22_25,30,2.957,27.0541,28.1221,26.3765,20.6172,30.3069,20.1605,16.2143,21.1873,19.4825,19.7108,26.632,20.3533,13.6952,3.9807,96.0193
Goa,age_26_29,30,3.3514,22.5322,20.4934,21.8323,23.4012,16.6495,24.6651,25.2046,22.635,20.1849,24.876,21.1168,23.3725,18.3077,4.7281,95.2719
Goa,age_30_33,30,3.7736,19.2804,18.8024,19.9267,23.7989,14.0182,24.0855,26.8785,22.0237,22.2336,24.3901,18.09,23.2439,16.5386,5.0984,94.9016
Goa,age_34_plus,30,11.0848,10.8139,10.7649,11.2322,14.1584,7.6044,13.3943,15.1706,13.6723,13.7154,13.5303,10.453,13.2011,15.4277,10.8102,89.1898
Goa,age_below10,30,94.823,1.3662,1.3534,1.5208,1.384,1.4171,1.3201,1.1979,1.319,1.0893,1.3082,1.3908,1.2902,0.0,72.4442,27.5558
Lakshadweep,age_10_13,31,30.8311,,0.0449,,0.0,0.3822,0.0126,0.0457,0.0314,0.1226,0.0127,0.0831,0.0619,0.0,2.8224,97.1776
Lakshadweep,age_14_17,31,1.4021,,1.7969,,0.0,3.5669,0.4291,0.2972,0.3768,1.7161,0.4324,1.1908,0.9036,0.0,0.8965,99.1035
Lakshadweep,age_18_21,31,1.6304,,23.7646,,20.0,24.4586,10.7283,7.0645,10.8634,18.6565,10.6575,16.9759,13.3688,0.0,2.1277,97.8723
Lakshadweep,age_22_25,31,3.3876,,40.3414,,28.3333,40.6369,35.2139,31.5958,34.1601,34.1505,35.2664,40.2659,35.2603,5.8452,1.9538,98.0462
Lakshadweep,age_26_29,31,4.4654,,19.4969,,30.0,16.4331,33.144,35.6424,29.8587,23.241,33.168,24.1484,29.0648,11.1473,2.1372,97.8628
Lakshadweep,age_30_33,31,5.6167,,8.0413,,13.3333,7.7707,13.5681,14.8148,14.3799,10.4192,13.5699,10.2742,12.6137,9.1777,1.9085,98.0915
Lakshadweep,age_34_plus,31,16.7375,,2.8751,,3.3333,3.0573,2.9282,2.7206,3.8305,2.9419,2.9251,2.6032,2.9523,5.6282,5.8018,94.1982
Lakshadweep,age_below10,31,97.2243,,0.9434,,1.6667,0.8917,0.8078,0.7545,0.7849,0.7845,0.8012,0.72,0.7551,0.0,74.6857,25.3143
Kerala,age_10_13,32,24.1417,0.0293,0.0437,0.0172,0.0313,0.0965,0.0238,0.0217,0.0263,0.0563,0.0236,0.0322,0.0312,0.0,1.2163,98.7837
Kerala,age_14_17,32,5.3115,0.3226,0.631,0.2194,0.1581,1.0681,0.1697,0.0977,0.1856,0.6849,0.1478,0.365,0.279,0.0,0.7896,99.2104
Kerala,age_18_21,32,4.6047,10.5467,13.9528,7.3527,5.4703,15.9986,6.2144,2.9885,6.1582,8.5709,5.6296,10.3125,6.8671,0.0,0.8693,99.1307
Kerala,age_22_25,32,1.6213,35.252,38.6527,28.7862,26.2034,37.2659,26.9918,19.8598,29.7749,26.1994,25.896,35.7627,27.2442,16.7953,1.1068,98.8932
Kerala,age_26_29,32,1.7929,29.7381,25.1631,33.4068,36.4739,21.8729,35.1314,37.7423,34.9678,28.8352,35.8776,29.6961,33.5212,16.8301,1.4391,98.5609
Kerala,age_30_33,32,2.3571,15.098,12.7473,20.4998,21.1736,12.9105,20.9813,25.8585,18.4763,20.4154,21.6982,14.8071,20.5304,12.168,1.6909,98.3091
Kerala,age_34_plus,32,14.2034,6.0554,6.2535,7.4627,7.0614,7.0404,7.2278,8.7695,6.7349,9.0888,7.3454,6.2229,7.5769,8.7413,6.0234,93.9766
Kerala,age_below10,32,96.359,0.7723,0.6975,0.6611,0.7746,0.679,0.7299,0.724,0.7543,0.6564,0.7302,0.7407,0.725,0.0,71.2031,28.7969
Tamil Nadu,age_10_13,33,11.8558,0.0712,0.0808,0.0618,0.0696,0.1299,0.0635,0.0568,0.0656,0.1519,0.061,0.0691,0.0776,0.0,2.0404,97.9596
Tamil Nadu,age_14_17,33,0.8781,1.1849,1.1832,0.8699,0.7614,1.9441,0.7229,0.3413,0.6646,1.6561,0.5325,0.8922,0.8539,0.0,1.7455,98.2545
Tamil Nadu,age_18_21,33,1.2399,23.4641,22.202,18.8563,16.4749,27.3428,15.7466,9.5593,15.7776,16.5415,12.4112,19.6446,16.2209,0.0,2.3852,97.6148
Tamil Nadu,age_22_25,33,1.6888,38.9498,38.7417,36.3377,35.7518,38.7091,33.5824,28.734,35.7417,28.5558,31.0493,38.535,33.2263,19.1077,3.636,96.364
Tamil Nadu,age_26_29,33,2.6184,18.9483,19.5778,22.6401,26.0856,15.2488,26.2664,31.0004,25.4517,20.8044,29.5632,21.8036,25.1328,21.0135,6.2242,93.7758
Tamil Nadu,age_30_33,33,3.255,9.5406,10.073,12.7482,12.2509,8.6744,13.8795,17.2795,12.0567,13.3257,15.6673,10.4094,13.5664,17.7401,8.6281,91.3719
Tamil Nadu,age_34_plus,33,7.6388,3.3057,3.9869,4.2885,3.7866,3.6276,4.2948,5.084,3.7082,5.4616,4.6502,3.563,4.3742,12.5032,23.0142,76.9858
Tamil Nadu,age_below10,33,90.8824,1.1343,1.119,1.1091,1.3005,1.033,1.3061,1.3806,1.2996,1.0553,1.4095,1.1989,1.2723,0.0,71.6092,28.3908
Puducherry,age_10_13,34,13.7248,0.1068,0.1612,0.0488,0.0655,0.2653,0.0783,0.058,0.0913,0.2345,0.0757,0.1182,0.1059,0.0,2.4692,97.5308
Puducherry,age_14_17,34,0.5314,0.8749,1.2131,0.476,0.4912,2.0525,0.4601,0.2826,0.5852,1.6498,0.4013,0.863,0.6616,0.0,1.3361,98.6639
Puducherry,age_18_21,34,0.7018,17.7735,19.4395,9.6656,11.1984,23.1825,10.2093,7.4224,12.3254,14.8937,9.1645,16.3839,11.2009,0.0,1.7635,98.2365
Puducherry,age_22_25,34,1.1035,36.0809,36.8138,28.8138,30.7138,35.7266,27.8374,25.2762,32.3918,28.113,26.6108,35.6781,28.1848,23.8389,2.6439,97.3561
Puducherry,age_26_29,34,1.8131,23.1159,21.2361,28.4354,29.0439,18.117,31.0106,33.0093,28.0398,23.1902,32.2381,24.0509,29.4383,27.915,4.0198,95.9802
Puducherry,age_30_33,34,2.2879,13.0683,11.9309,20.9055,17.9764,11.5372,19.427,21.0322,15.6688,15.2558,20.2743,13.0876,18.4923,24.7189,5.69,94.31
Puducherry,age_34_plus,34,5.2918,5.2563,5.7582,8.1523,6.7125,5.2767,6.6941,7.3429,5.8649,7.4962,6.8365,5.4558,6.7675,18.9406,14.1879,85.8121
Puducherry,age_below10,34,93.4244,0.9369,0.8983,1.1716,0.9496,0.8988,0.9908,0.9918,0.9318,0.7961,0.9918,0.9501,0.9646,0.0,72.6808,27.3192
Andaman & Nicobar Islands,age_10_13,35,25.4251,0.225,0.3009,0.1562,0.1404,0.3233,0.1616,0.2052,0.167,0.4663,0.1609,0.1719,0.2042,0.0,2.4305,97.5695
Andaman & Nicobar Islands,age_14_17,35,2.3102,2.1372,2.1063,1.4283,1.264,2.6848,1.2941,0.8283,1.1827,2.3982,1.2559,1.965,1.4632,0.0,1.399,98.601
Andaman & Nicobar Islands,age_18_21,35,3.563,20.135,24.1725,22.071,16.7135,23.032,16.4928,12.1898,16.526,19.094,15.6865,22.5928,17.1025,0.0,2.8187,97.1813
Andaman & Nicobar Islands,age_22_25,35,4.7252,36.8954,36.3201,37.9603,33.7079,34.7695,34.0092,31.2488,35.7328,27.9873,33.4349,36.8442,33.4628,7.9178,3.7638,96.2362
Andaman & Nicobar Islands,age_26_29,35,5.1513,20.4724,18.9457,21.1114,23.8764,17.6272,27.0158,31.025,25.9508,18.5611,27.9668,20.171,25.438,12.7957,4.7278,95.2722
Andaman & Nicobar Islands,age_30_33,35,5.3379,11.0236,9.7738,9.7523,14.7472,11.5828,13.0341,14.5815,11.5955,13.5315,13.4865,9.9676,12.8969,13.0378,5.7441,94.2559
Andaman & Nicobar Islands,age_34_plus,35,11.6614,5.5681,5.4162,4.9319,5.618,6.8316,4.7736,5.1453,4.4527,9.3263,4.7247,4.6964,5.3908,11.0264,17.1886,82.8114
Andaman & Nicobar Islands,age_below10,35,95.2598,0.4499,0.2898,0.3347,0.1404,0.5412,0.5779,0.6492,0.5288,0.2665,0.6166,0.4962,0.5379,0.0,71.6645,28.3355
