state_name,age_bracket,state_code,Below_primary_share_total_female,CMPR_agri_labourers_female,CMPR_below_primary_female,CMPR_cultivators_female,CMPR_household_industry_female,CMPR_illiterate_female,CMPR_main_workers_female,CMPR_matric_female,CMPR_middle_female,CMPR_non_workers_female,CMPR_other_workers_female,CMPR_primary_female,CMPR_total_female,Graduate_share_total_female,Illiteracy_rate_total_female,Literacy_rate_total_female
INDIA,age_10_13,00,32.7493,3.7586,3.5141,4.336,3.6828,4.8694,3.5244,0.8819,1.6873,3.1245,2.5728,2.6949,6.5671,0.0,10.1105,89.8895
INDIA,age_14_17,00,5.6531,29.0924,29.2268,27.7041,26.2404,30.5792,25.1872,12.7786,21.9889,23.7051,18.6532,26.1872,49.2396,0.0,11.3028,88.6972
INDIA,age_18_21,00,5.4232,52.4187,49.5815,51.9173,48.7175,49.2264,48.7273,52.285,53.0058,48.828,42.0462,51.942,98.6262,0.0,16.7263,83.2737
INDIA,age_22_25,00,6.2911,7.0092,8.4243,7.6932,11.0555,6.6918,11.2914,18.9925,12.0435,12.4026,18.9977,9.4572,22.9624,14.7513,22.6831,77.3169
INDIA,age_26_29,00,7.8937,1.1281,1.6407,1.4838,2.4259,1.1878,3.3257,4.5818,2.4168,2.7247,7.4032,1.7145,5.3901,17.7613,30.1022,69.8978
INDIA,age_30_33,00,9.724,0.3861,0.5886,0.5181,0.737,0.4811,1.0273,1.1447,0.6328,0.7273,2.1983,0.4943,1.5269,15.3043,37.0982,62.9018
INDIA,age_34_plus,00,16.1156,0.1659,0.2729,0.2442,0.2923,0.256,0.3763,0.3529,0.2152,0.2832,0.7298,0.1916,0.588,10.7028,56.4017,43.5983
INDIA,age_below10,00,94.0089,2.7802,2.1135,2.969,2.4063,2.697,2.5722,1.6456,1.7478,2.1559,2.0436,1.9806,4.6227,0.0,74.5052,25.4948
Jammu & Kashmir,age_10_13,01,29.1191,1.4026,1.9546,1.7619,1.4437,1.9782,1.2271,0.5416,0.9349,0.6196,0.9945,1.4779,1.5481,0.0,15.085,84.915
Jammu & Kashmir,age_14_17,01,2.2523,12.9055,17.9103,17.0554,10.9277,16.2793,10.525,5.6141,10.9354,13.4001,7.8267,16.7285,13.4459,0.0,15.8384,84.1616
Jammu & Kashmir,age_18_21,01,1.9052,48.6601,44.2974,50.7109,43.0566,47.6196,37.2333,38.1613,45.8666,44.112,30.8405,48.7643,44.4565,0.0,21.9608,78.0392
Jammu & Kashmir,age_22_25,01,1.7277,19.4562,15.4208,17.8136,23.2432,19.0042,24.3393,30.1311,24.3071,22.1065,27.2655,18.0849,21.8872,15.8887,29.1193,70.8807
Jammu & Kashmir,age_26_29,01,1.5834,6.2764,4.3035,4.7313,7.8886,5.7457,13.0623,11.144,7.0503,7.2344,17.1054,4.5547,7.558,21.8588,39.2972,60.7028
Jammu & Kashmir,age_30_33,01,1.96,2.9306,1.2722,1.8239,3.1666,2.3461,5.1267,3.0892,1.8162,2.5027,6.6875,1.2543,2.6401,18.1911,47.8863,52.1137
Jammu & Kashmir,age_34_plus,01,3.0053,1.0186,0.5761,0.8839,1.0369,1.043,1.4932,0.7349,0.4515,0.9459,1.7929,0.3599,0.9386,15.3198,70.6123,29.3877
Jammu & Kashmir,age_below10,01,93.961,1.763,1.3339,1.3776,1.6671,1.3446,1.5569,1.3647,1.2432,1.3245,1.6029,1.1387,1.3511,0.0,78.3851,21.6149
Himachal Pradesh,age_10_13,02,20.5644,2.3204,3.3689,2.2831,1.7617,5.7679,2.0144,0.2574,0.5753,3.0698,1.3827,1.641,2.5582,0.0,3.2271,96.7729
Himachal Pradesh,age_14_17,02,1.2855,23.2486,29.7662,21.0389,18.1995,32.5522,18.7196,4.5878,14.0014,19.3388,12.962,23.4297,19.4709,0.0,2.5766,97.4234
Himachal Pradesh,age_18_21,02,1.3646,52.1825,51.6791,55.3079,51.5744,47.0505,51.3404,54.7706,62.4171,47.8688,42.2926,58.5601,51.2549,0.0,3.533,96.467
Himachal Pradesh,age_22_25,02,1.6568,13.6713,8.9394,14.4145,17.4504,8.167,17.7655,29.0353,15.8767,18.9322,25.8293,10.7869,17.5266,15.9809,5.3947,94.6053
Himachal Pradesh,age_26_29,02,2.4994,2.9215,1.6891,2.5908,4.8134,1.549,4.9971,4.8909,2.0613,3.7993,10.679,1.4341,3.6388,20.5995,8.9247,91.0753
Himachal Pradesh,age_30_33,02,3.6921,0.8819,0.5278,0.6202,1.1652,0.5869,1.148,0.7301,0.338,0.6536,2.3685,0.3156,0.7059,14.9233,13.2426,86.7574
Himachal Pradesh,age_34_plus,02,8.9473,0.4286,0.2927,0.3115,0.3745,0.4099,0.4373,0.1921,0.118,0.2789,0.7244,0.144,0.2859,7.5467,45.541,54.459
Himachal Pradesh,age_below10,02,94.9749,1.4632,1.3553,1.3967,1.3178,2.1043,1.3432,0.9135,1.0148,1.5571,1.2091,1.1421,1.4428,0.0,71.4013,28.5987
Punjab,age_10_13,03,32.4132,0.7604,1.0603,0.5888,0.8221,1.1491,0.7293,0.2945,0.5119,0.7177,0.7323,0.6611,0.7186,0.0,7.6762,92.3238
Punjab,age_14_17,03,2.9994,10.4726,13.7038,6.2231,7.8291,13.4952,8.234,4.3021,9.0775,9.4774,8.126,10.9487,9.3602,0.0,8.0462,91.9538
Punjab,age_18_21,03,1.7766,56.93,53.9229,48.8926,53.3977,57.307,45.4807,49.0387,56.6072,53.282,42.0118,57.7065,52.4626,0.0,9.6977,90.3023
Punjab,age_22_25,03,1.415,21.2372,17.7426,28.782,25.5047,18.876,28.4971,31.5848,22.5389,24.6219,30.1492,20.6458,24.9629,18.3896,13.1525,86.8475
Punjab,age_26_29,03,1.4438,4.026,3.1703,6.6639,4.8573,3.3257,8.8992,6.1586,3.5526,4.5979,10.5532,3.3419,5.1094,21.9697,18.8567,81.1433
Punjab,age_30_33,03,1.8889,1.2141,0.7657,1.9447,1.0243,1.0886,1.8749,0.9776,0.627,0.9498,2.0817,0.7183,1.066,17.9883,25.992,74.008
Punjab,age_34_plus,03,3.2568,0.3413,0.2494,0.5834,0.4057,0.4006,0.46,0.2025,0.162,0.2799,0.4717,0.205,0.3041,12.2905,48.0691,51.9309
Punjab,age_below10,03,94.8948,0.8944,0.8846,0.9788,1.1591,0.9363,1.0865,0.9702,0.9297,0.9651,1.1293,0.8994,0.978,0.0,73.4462,26.5538
Chandigarh,age_10_13,04,37.821,3.1088,3.9885,1.0417,2.3018,5.9997,2.0829,0.4293,1.4404,2.2716,2.0797,2.498,2.2401,0.0,6.3705,93.6295
Chandigarh,age_14_17,04,4.0237,23.3161,31.8888,11.9792,21.3555,36.4661,15.3762,8.8035,21.1137,18.6469,15.2731,27.8449,18.026,0.0,6.1508,93.8492
Chandigarh,age_18_21,04,1.9525,31.6062,47.1716,41.1458,46.9309,44.0103,29.8655,49.9021,56.317,44.8858,29.5712,52.7715,41.7879,0.0,7.1813,92.8187
Chandigarh,age_22_25,04,1.6009,20.2073,8.6865,25.5208,19.4373,7.587,29.562,27.9867,14.048,22.6098,29.7569,10.4789,23.9713,32.3021,10.641,89.359
Chandigarh,age_26_29,04,1.9096,10.3627,1.5916,10.9375,5.1151,1.2578,15.1072,6.267,1.9218,5.6425,15.2842,1.5642,7.5596,43.0191,16.4968,83.5032
Chandigarh,age_30_33,04,2.2281,2.5907,0.3452,2.6042,1.2788,0.3708,2.9117,1.109,0.3032,0.8963,2.9376,0.3435,1.3039,39.7548,21.7422,78.2578
Chandigarh,age_34_plus,04,2.5545,1.0363,0.1918,0.0,0.3836,0.2353,0.8015,0.3762,0.1403,0.325,0.8096,0.1634,0.4191,37.1952,28.7696,71.2304
Chandigarh,age_below10,04,97.1103,3.6269,1.0738,1.0417,1.023,1.5987,1.1668,0.7252,0.6975,1.0743,1.1606,0.7537,1.1008,0.0,73.0714,26.9286
Uttarakhand,age_10_13,05,32.9348,3.3073,3.4994,3.9811,2.6679,6.1944,3.338,0.6024,0.9943,3.2531,1.8107,1.9788,3.3587,0.0,6.0126,93.9874
Uttarakhand,age_14_17,05,3.477,27.3656,33.3819,30.9958,22.2857,35.6964,27.0705,9.9363,19.4033,22.82,17.7065,28.2674,24.9802,0.0,6.0418,93.9582
Uttarakhand,age_18_21,05,2.2232,53.8149,50.228,53.3888,54.1999,46.6052,50.9592,60.5325,62.6346,50.3444,43.8686,56.5958,50.9027,0.0,8.7471,91.2529
Uttarakhand,age_22_25,05,2.2188,9.6383,6.4971,7.4744,13.1739,6.2923,11.3576,18.8201,10.2944,14.4461,21.2709,7.6218,12.7205,24.4395,13.0381,86.9619
Uttarakhand,age_26_29,05,2.8451,1.602,0.9302,0.9442,2.6428,0.9694,2.8859,2.7855,1.2027,2.7409,8.0661,0.9759,2.5405,29.1292,20.5116,79.4884
Uttarakhand,age_30_33,05,4.0516,0.5867,0.2768,0.2174,0.6519,0.3509,0.7366,0.5261,0.2298,0.5469,2.0772,0.2275,0.557,26.3227,29.0,71.0
Uttarakhand,age_34_plus,05,7.3873,0.2351,0.1324,0.1011,0.2407,0.195,0.2543,0.143,0.0641,0.1995,0.6428,0.095,0.2013,17.729,55.3732,44.6268
Uttarakhand,age_below10,05,94.9772,0.8416,0.9567,1.1552,0.9879,1.3949,1.0732,0.7086,0.7862,1.0808,0.9331,0.8301,1.0774,0.0,72.6147,27.3853
Haryana,age_10_13,06,35.7624,3.3706,3.8409,4.2367,3.1542,4.6667,3.2014,1.0478,2.0314,2.9278,2.5463,2.9488,3.1029,0.0,8.2195,91.7805
Haryana,age_14_17,06,4.2206,29.0666,30.1176,31.6625,26.3158,33.9296,25.3613,15.773,24.9316,25.3679,20.4852,28.2802,26.0962,0.0,8.9448,91.0552
Haryana,age_18_21,06,2.7952,52.9564,47.9815,50.1803,48.0915,48.1848,46.1998,56.7999,54.9362,50.3012,41.7059,52.5841,49.6662,0.0,12.2706,87.7294
Haryana,age_22_25,06,2.4655,9.021,8.1808,8.3184,13.9085,7.4712,15.6076,16.8929,10.4893,13.1619,21.9791,9.184,12.9735,19.8688,16.4649,83.5351
Haryana,age_26_29,06,2.9929,1.3789,1.2225,1.3057,3.2328,1.1667,4.3882,2.4312,1.3774,2.139,7.1808,1.2732,2.3755,24.0087,22.4579,77.5421
Haryana,age_30_33,06,3.8615,0.3474,0.2568,0.3106,0.5868,0.3405,0.7582,0.3753,0.2202,0.379,1.1562,0.2422,0.4223,19.4909,30.9181,69.0819
Haryana,age_34_plus,06,5.3607,0.1212,0.0953,0.1131,0.2279,0.181,0.2073,0.0918,0.0603,0.1487,0.2868,0.0817,0.1513,15.793,60.4304,39.5696
Haryana,age_below10,06,96.1356,1.4682,1.5496,1.7903,1.5666,1.7854,1.5579,1.0815,1.298,1.4652,1.4477,1.4042,1.5136,0.0,74.2012,25.7988
NCT of Delhi,age_10_13,07,32.8187,4.4727,4.6827,3.0841,3.4974,6.3779,2.4821,0.8241,1.9309,2.6957,2.4258,3.2112,2.6813,0.0,4.9598,95.0402
NCT of Delhi,age_14_17,07,2.8976,31.8103,34.3557,27.0198,24.5342,37.6712,16.711,13.0965,24.448,21.8492,16.2492,31.0294,21.2117,0.0,4.8373,95.1627
NCT of Delhi,age_18_21,07,1.9455,39.1749,43.2045,46.061,41.4177,41.0655,30.1765,51.6759,51.8583,44.4221,29.6246,47.7051,42.4628,0.0,6.8506,93.1494
NCT of Delhi,age_22_25,07,1.7762,13.0133,8.6181,13.3423,19.2776,7.5633,27.9105,22.5425,12.9393,19.7125,28.4206,10.0775,20.7699,29.3632,10.1496,89.8504
NCT of Delhi,age_26_29,07,2.0168,4.9547,1.3798,4.1904,4.8246,1.234,13.4212,4.3967,1.9032,4.2732,13.8425,1.5104,5.4997,37.5766,14.4485,85.5515
NCT of Delhi,age_30_33,07,2.3846,1.0796,0.4182,0.9387,1.0409,0.4081,2.6884,0.8402,0.3979,0.7931,2.7688,0.374,1.0496,34.8315,19.4346,80.5654
NCT of Delhi,age_34_plus,07,3.3059,0.3085,0.1425,0.3352,0.3539,0.1674,0.7399,0.2053,0.093,0.2091,0.7592,0.1083,0.2819,31.1766,32.305,67.695
NCT of Delhi,age_below10,07,95.9089,1.9857,2.1978,1.2739,2.1026,2.8585,2.0153,1.5832,1.9076,2.1037,2.0166,2.089,2.0949,0.0,72.9277,27.0723
Rajasthan,age_10_13,08,37.8789,7.8827,7.8159,9.3795,7.9901,8.8874,8.5549,2.3426,4.3458,6.7843,6.723,6.2718,7.3504,0.0,14.5437,85.4563
Rajasthan,age_14_17,08,8.3648,32.6,33.1885,33.9939,32.6615,34.5517,32.5066,20.1407,29.0662,30.1099,28.11,32.3537,31.4955,0.0,17.4383,82.5617
Rajasthan,age_18_21,08,7.3129,47.7575,44.2469,45.2825,44.7258,44.7989,45.1129,53.4067,50.5277,44.658,42.7111,47.3729,45.8996,0.0,26.5574,73.4426
Rajasthan,age_22_25,08,7.7881,3.6416,3.9129,3.2775,5.9466,3.6619,5.0987,12.6816,6.8884,8.0574,11.3599,4.7794,6.069,13.9992,36.6986,63.3014
Rajasthan,age_26_29,08,9.5492,0.4207,0.4789,0.3601,0.8746,0.4242,0.9564,1.8108,0.8221,1.2045,3.0888,0.5494,0.9251,18.2016,48.4847,51.5153
Rajasthan,age_30_33,08,11.4096,0.1264,0.122,0.1071,0.239,0.1419,0.2336,0.3303,0.1486,0.2387,0.6786,0.118,0.2029,15.6425,57.8985,42.1015
Rajasthan,age_34_plus,08,13.7454,0.0611,0.0513,0.0533,0.1015,0.0935,0.0889,0.0934,0.0477,0.1184,0.2111,0.0435,0.0923,12.1994,75.5744,24.4256
Rajasthan,age_below10,08,93.8373,4.3416,4.3895,4.691,3.8144,4.2721,4.3695,1.7926,2.3508,3.3515,3.5192,3.1825,3.7788,0.0,76.3207,23.6793
Uttar Pradesh,age_10_13,09,38.5705,4.4416,3.3205,4.7572,3.688,4.5602,3.9562,1.9152,2.5689,3.4914,3.0392,3.0986,3.6887,0.0,13.9108,86.0892
Uttar Pradesh,age_14_17,09,5.3469,26.772,23.5683,26.4136,22.558,27.841,23.8014,16.2205,21.5971,23.5413,19.7977,23.617,24.1054,0.0,15.475,84.525
Uttar Pradesh,age_18_21,09,3.1334,54.2933,50.1359,53.4391,54.2409,52.3676,52.4889,56.5039,56.4196,53.0228,49.8534,54.9486,52.9621,0.0,22.0109,77.9891
Uttar Pradesh,age_22_25,09,3.1177,4.6992,5.7764,5.3493,7.5527,5.2324,7.887,10.6083,7.1573,7.8472,12.4374,6.2856,7.4065,17.924,31.878,68.122
Uttar Pradesh,age_26_29,09,3.3441,0.6966,0.8505,0.7553,1.2188,0.8059,1.7477,1.6097,0.964,1.3012,3.4786,0.8654,1.2791,21.7113,44.3532,55.6468
Uttar Pradesh,age_30_33,09,3.9813,0.2266,0.2581,0.2729,0.3746,0.2748,0.5238,0.3514,0.217,0.3312,0.9908,0.2251,0.3389,17.5822,53.1566,46.8434
Uttar Pradesh,age_34_plus,09,5.117,0.1296,0.1093,0.1435,0.1659,0.156,0.2001,0.0916,0.0645,0.1368,0.3084,0.0847,0.1415,12.8825,69.6079,30.3921
Uttar Pradesh,age_below10,09,92.996,3.1774,2.2672,3.1752,2.7348,3.1105,2.8081,1.883,2.1497,2.5962,2.2564,2.2539,2.7306,0.0,75.2538,24.7462
Bihar,age_10_13,10,46.9828,3.0182,2.1846,2.9354,3.7363,2.8513,2.9366,1.3201,1.7405,2.2992,2.47,1.9607,2.4421,0.0,19.1283,80.8717
Bihar,age_14_17,10,9.5151,28.4777,26.6296,26.5743,28.8502,29.0049,27.0845,19.9015,24.0703,26.1657,23.4547,25.3176,26.6766,0.0,22.2654,77.7346
Bihar,age_18_21,10,8.2174,56.4663,57.1583,56.8512,54.2293,56.692,55.9825,60.7498,59.1388,57.5129,54.6542,58.8754,57.374,0.0,34.785,65.215
Bihar,age_22_25,10,10.1422,4.9322,4.6439,5.9351,5.2282,4.6045,6.1385,8.7285,5.9181,5.8254,9.6021,5.2852,5.6186,8.6929,45.3047,54.6953
Bihar,age_26_29,10,11.5388,0.6587,0.6022,0.8229,0.8377,0.6164,1.0367,1.251,0.7585,0.8429,2.2155,0.663,0.8264,9.2822,52.3995,47.6005
Bihar,age_30_33,10,12.2532,0.2502,0.1732,0.2946,0.2975,0.2246,0.3641,0.2623,0.1819,0.237,0.7257,0.1736,0.2473,7.5859,56.6406,43.3594
Bihar,age_34_plus,10,13.0368,0.1361,0.0702,0.1415,0.1627,0.1347,0.1595,0.0634,0.0581,0.1087,0.2314,0.0672,0.1163,6.5282,71.6961,28.3039
Bihar,age_below10,10,93.8045,2.5593,2.0087,2.575,2.6644,2.3394,2.4612,1.8225,1.9386,2.1083,2.0574,1.9705,2.2378,0.0,77.8541,22.1459
Sikkim,age_10_13,11,41.0791,1.5397,1.7496,1.8858,3.4743,3.2521,1.5053,0.3796,0.6874,2.0534,1.0232,1.2472,1.8162,0.0,5.1374,94.8626
Sikkim,age_14_17,11,11.7089,25.0522,28.3179,22.4826,22.8097,22.7385,19.0592,8.5263,19.2036,20.9853,14.2106,27.4934,20.7112,0.0,4.7074,95.2926
Sikkim,age_18_21,11,11.2583,39.1701,39.6825,39.8645,32.4773,36.9337,36.9362,38.9732,43.8321,38.7335,33.4475,41.7226,38.1792,0.0,5.7305,94.2695
Sikkim,age_22_25,11,13.1381,16.9885,14.2857,17.5613,17.5227,17.1146,20.4775,26.8789,17.6369,17.8126,24.3488,14.1977,18.671,10.2306,8.0029,91.9971
Sikkim,age_26_29,11,14.2616,6.263,5.3552,6.5727,7.4018,6.6649,9.3459,10.2202,5.7345,6.1378,12.9673,4.0985,7.3759,17.4318,12.7593,87.2407
Sikkim,age_30_33,11,17.034,3.0532,2.0894,3.2149,3.1722,4.2707,3.9673,3.364,1.8454,2.6236,4.9692,1.408,3.1757,12.678,18.7001,81.2999
Sikkim,age_34_plus,11,24.0118,2.0094,1.1461,2.0103,2.4169,3.0876,1.9739,1.2052,0.5821,1.5316,1.9159,0.6785,1.7447,8.1742,52.8029,47.1971
Sikkim,age_below10,11,94.2518,1.2526,1.709,1.721,2.719,1.8989,1.4698,0.9916,1.4924,1.7313,1.1903,1.8747,1.6765,0.0,69.3489,30.6511
Arunachal Pradesh,age_10_13,12,43.1052,1.8012,1.5968,0.9815,1.9324,1.3408,1.116,0.8698,1.1504,1.441,1.3236,1.5516,1.2701,0.0,20.6288,79.3712
Arunachal Pradesh,age_14_17,12,9.4052,17.8193,20.6631,13.5949,15.2778,15.5266,14.0943,10.8726,17.2831,16.718,14.7235,20.1148,15.4768,0.0,16.445,83.555
Arunachal Pradesh,age_18_21,12,6.3779,51.5743,52.2801,57.1276,52.3551,52.5733,54.1438,48.8681,53.9326,48.1558,46.4951,53.8201,51.5907,0.0,22.3696,77.6304
Arunachal Pradesh,age_22_25,12,6.8919,14.8907,12.1583,15.5644,14.372,15.7827,16.6031,18.9629,12.9978,15.1352,19.872,11.1232,15.8003,9.7598,29.0011,70.9989
Arunachal Pradesh,age_26_29,12,8.0045,3.9736,2.8349,4.2696,3.9251,4.4557,4.9957,5.4474,3.0756,4.0297,7.2273,2.4496,4.5067,14.2968,38.3509,61.6491
Arunachal Pradesh,age_30_33,12,9.6134,2.1587,0.9066,1.7134,1.8116,2.0302,1.9096,1.4051,0.7054,1.4831,2.4066,0.7655,1.6987,10.8041,46.205,53.795
Arunachal Pradesh,age_34_plus,12,13.3182,1.1825,0.3992,0.9051,0.785,1.1149,0.9184,0.4684,0.2637,0.6861,0.9114,0.2915,0.8214,8.9303,71.2419,28.7581
Arunachal Pradesh,age_below10,12,93.6212,1.4162,1.3938,1.3056,1.6908,1.2103,1.3387,1.4636,1.4504,1.2759,1.4004,1.5045,1.3282,0.0,79.4774,20.5226
Nagaland,age_10_13,13,37.124,1.0541,0.6145,0.3391,0.7892,0.7656,0.4377,0.3881,0.5109,0.9651,0.6583,0.615,0.5927,0.0,13.6703,86.3297
Nagaland,age_14_17,13,7.9644,14.4011,12.5266,8.6642,11.9504,10.4575,9.191,7.491,11.7393,12.8283,10.0268,13.0843,10.5089,0.0,10.4589,89.5411
Nagaland,age_18_21,13,6.802,37.7823,39.735,39.4844,36.274,36.4756,37.6267,34.5144,40.8439,36.0095,31.3751,41.6845,37.2119,0.0,12.2138,87.7862
Nagaland,age_22_25,13,7.0178,22.9843,22.7552,25.4831,24.5772,23.7563,25.4237,26.1697,23.3362,21.4645,25.6383,22.4444,23.9197,10.1206,14.3279,85.6721
Nagaland,age_26_29,13,7.327,9.8563,9.7306,11.3207,11.6122,11.2413,12.054,11.6588,8.8588,8.6797,14.9032,8.7295,10.7976,15.8776,17.1598,82.8402
Nagaland,age_30_33,13,8.1152,4.011,4.2755,5.2096,4.566,6.1185,5.4698,4.2274,3.0332,3.5945,6.6332,3.2242,4.721,12.6173,20.1923,79.8077
Nagaland,age_34_plus,13,15.3762,2.3682,2.4028,2.8211,2.0293,3.7139,2.6951,1.352,1.1731,1.7061,2.3611,1.3792,2.2894,6.0666,40.6556,59.3444
Nagaland,age_below10,13,93.6729,1.9576,1.596,1.611,1.7193,1.5904,1.5846,1.3646,1.6003,1.6625,1.4307,1.6732,1.6076,0.0,76.8941,23.1059
Manipur,age_10_13,14,31.2083,0.5815,0.68,0.5641,0.7195,0.7783,0.5642,0.4047,0.5072,0.6182,0.5226,0.6017,0.594,0.0,14.0953,85.9047
Manipur,age_14_17,14,4.1311,12.3687,13.7621,9.7626,10.2549,13.1133,9.7172,7.3265,11.9322,11.4951,8.995,13.0544,10.7764,0.0,10.7504,89.2496
Manipur,age_18_21,14,3.0308,40.3748,39.8308,37.0043,35.7435,39.3472,34.9223,33.1797,39.877,35.7869,30.2874,39.5594,35.9019,0.0,14.1567,85.8433
Manipur,age_22_25,14,2.9451,22.931,21.632,24.7744,24.738,21.7009,24.3507,27.2007,23.5314,22.4401,23.845,22.2625,23.4565,10.4213,16.6855,83.3145
Manipur,age_26_29,14,3.1276,10.1502,8.5707,11.5756,12.0004,9.7882,12.7641,13.1949,9.3225,10.8246,15.3858,8.9946,11.5733,16.2532,20.3628,79.6372
Manipur,age_30_33,14,3.6208,4.4936,4.0718,5.4383,5.7204,5.0345,6.535,5.3424,3.7178,5.2267,8.9094,3.8608,5.6806,19.3904,23.7796,76.2204
Manipur,age_34_plus,14,7.163,2.5799,2.1686,3.35,2.8291,3.1084,3.5979,2.21,1.6692,2.6236,4.3872,1.9749,2.9517,18.4958,48.8603,51.1397
Manipur,age_below10,14,90.6987,1.2307,1.0242,0.937,1.2347,1.0434,1.0244,1.0376,1.1431,1.0458,1.0737,1.1031,1.0718,0.0,77.4954,22.5046
Mizoram,age_10_13,15,31.2312,0.3769,0.2549,0.4162,0.3492,0.8626,0.3092,0.1093,0.1341,0.1963,0.13,0.2751,0.2855,0.0,6.8319,93.1681
Mizoram,age_14_17,15,6.9484,10.9162,8.9424,10.1134,8.8475,16.722,7.9962,3.0155,6.6617,8.4127,4.1599,9.708,8.4642,0.0,5.7954,94.2046
Mizoram,age_18_21,15,7.5752,44.7173,46.6056,48.128,44.0047,51.633,43.0898,35.8956,45.9289,45.0985,34.9736,47.7202,44.4586,0.0,8.5222,91.4778
Mizoram,age_22_25,15,9.0327,23.2749,23.7243,21.717,26.3679,15.919,24.1611,30.0139,25.3058,24.2173,28.0082,22.6918,24.0068,6.7834,9.6537,90.3463
Mizoram,age_26_29,15,10.8018,8.577,8.4326,7.8,8.8475,4.8665,10.5491,13.4538,9.5305,8.9075,15.2237,8.1105,9.5446,11.3005,9.4866,90.5134
Mizoram,age_30_33,15,12.4496,4.2885,4.3511,3.6277,4.2491,2.5851,5.0128,5.3032,3.7839,3.6838,7.3152,3.5013,4.2505,11.3104,8.7003,91.2997
Mizoram,age_34_plus,15,36.1708,2.937,3.2907,2.4725,2.1537,1.8842,3.1491,2.5623,1.9318,2.0965,4.2733,2.256,2.5607,4.9765,14.0756,85.9244
Mizoram,age_below10,15,94.6009,0.6238,0.6781,0.944,0.6403,1.1549,0.7687,0.5492,0.627,0.6722,0.5294,0.7428,0.7357,0.0,74.7202,25.2798
Tripura,age_10_13,16,35.1375,1.6433,3.8371,1.2908,3.1902,4.0508,2.002,0.3597,1.2843,2.9806,2.3636,2.7881,2.6465,0.0,4.1794,95.8206
Tripura,age_14_17,16,7.6979,19.798,31.6016,16.2289,30.6605,27.0989,20.0267,9.8978,24.9898,27.3425,20.8775,32.88,25.6523,0.0,4.9661,95.0339
Tripura,age_18_21,16,11.4,55.1573,45.825,55.8563,44.6629,46.2265,45.5331,43.5731,47.7116,43.358,37.1158,46.5128,45.1838,0.0,7.6697,92.3303
Tripura,age_22_25,16,14.3322,14.2942,10.8858,16.1127,12.3125,12.5529,16.4919,24.9906,14.8422,14.3023,17.9514,10.1611,14.5006,4.6088,8.6828,91.3172
Tripura,age_26_29,16,17.7864,3.5366,2.5076,4.1079,3.3626,3.0621,7.2132,10.1339,4.2696,4.5089,10.3851,2.2518,4.7092,6.5743,11.0426,88.9574
Tripura,age_30_33,16,19.6781,1.479,1.0115,1.6903,1.5692,1.3827,3.4365,3.7744,1.3247,1.6166,5.1485,0.7451,1.8072,6.2293,12.694,87.306
Tripura,age_34_plus,16,30.8202,0.5716,0.3906,0.7572,0.5691,0.7135,1.4798,1.3161,0.4346,0.5843,2.2439,0.2243,0.6922,5.451,30.4009,69.5991
Tripura,age_below10,16,96.846,0.9764,1.2803,0.9182,1.1899,1.3898,1.0478,1.0034,1.1542,1.3148,1.1214,1.2252,1.2567,0.0,72.3998,27.6002
Meghalaya,age_10_13,17,52.1966,0.7884,0.9271,0.9428,1.5711,1.2955,0.8307,0.4407,0.7733,1.1091,0.6326,1.0641,0.9892,0.0,13.0655,86.9345
Meghalaya,age_14_17,17,17.4995,12.3133,13.4717,10.5221,11.8684,14.2504,10.5468,5.9685,10.9596,13.829,9.8034,13.9608,12.1932,0.0,9.6499,90.3501
Meghalaya,age_18_21,17,16.2734,53.0931,52.3413,51.5871,47.3248,48.5533,48.4555,40.66,48.6997,45.5604,41.6861,51.0287,47.6467,0.0,13.8515,86.1485
Meghalaya,age_22_25,17,19.3557,17.2349,16.3517,17.7846,17.0276,16.3894,19.3207,24.9476,18.7104,17.2829,22.7108,15.6972,18.1088,7.222,17.9198,82.0802
Meghalaya,age_26_29,17,22.6109,4.7009,4.5472,5.2914,6.1783,5.0857,6.9927,8.9607,5.6649,5.4585,10.6515,4.2085,6.0109,11.7808,23.4067,76.5933
Meghalaya,age_30_33,17,24.5506,2.2953,1.9186,2.2734,1.9321,2.5391,3.0206,3.3939,1.8988,2.2792,4.5511,1.621,2.5372,11.5702,27.1713,72.8287
Meghalaya,age_34_plus,17,32.1027,1.2432,1.1343,1.5282,1.7197,1.8291,1.6725,1.4867,0.8559,1.3048,2.0719,0.8199,1.445,8.1325,45.2967,54.7033
Meghalaya,age_below10,17,93.1652,1.5311,1.5807,1.8196,3.0998,1.8241,1.5567,1.2685,1.5411,1.6337,1.0724,1.7115,1.6682,0.0,80.4338,19.5662
Assam,age_10_13,18,31.4471,1.2223,1.6806,0.9075,1.2755,1.5174,1.0188,0.4206,0.827,1.3288,1.0008,1.5262,1.2351,0.0,12.2241,87.7759
Assam,age_14_17,18,7.779,18.3403,22.3048,14.4978,15.3954,20.9761,15.1196,9.1184,18.1963,19.6541,14.6703,22.6502,18.5874,0.0,12.7851,87.2149
Assam,age_18_21,18,9.5428,51.011,50.026,48.4235,48.628,50.8828,46.49,43.0166,49.9011,48.3611,44.2565,50.3304,48.3568,0.0,19.5641,80.4359
Assam,age_22_25,18,10.8527,15.6028,13.3488,19.1648,17.7389,13.3797,18.537,24.4792,16.317,15.2639,18.9744,12.6235,15.9814,6.1419,24.8194,75.1806
Assam,age_26_29,18,11.9446,4.4547,3.807,6.2667,5.7827,3.8431,7.3491,9.2256,4.6461,4.8586,8.722,3.437,5.3077,8.9298,30.6997,69.3003
Assam,age_30_33,18,12.7141,2.1972,1.7609,2.9578,2.7475,2.0244,3.5259,3.3656,1.5921,2.0006,4.1984,1.3617,2.2621,8.8538,35.0153,64.9847
Assam,age_34_plus,18,21.9222,0.9823,0.7695,1.4605,1.2335,1.0113,1.5097,1.098,0.5088,0.7963,1.6843,0.5271,0.9189,6.7373,53.0976,46.9024
Assam,age_below10,18,93.4391,1.9765,1.8347,1.7947,2.1445,1.9962,1.8294,1.4984,1.7574,1.8988,1.7794,1.9007,1.9119,0.0,75.6457,24.3543
West Bengal,age_10_13,19,29.9223,3.967,5.0018,3.5671,4.5991,6.6053,3.7428,0.7201,1.8856,4.4387,3.3925,3.5471,4.2355,0.0,7.1077,92.8923
West Bengal,age_14_17,19,9.2898,37.7337,41.3068,30.9585,41.0803,40.1322,31.5248,16.5651,32.5569,34.7355,25.6844,39.8744,34.5751,0.0,8.7799,91.2201
West Bengal,age_18_21,19,12.893,43.0102,40.5368,42.1717,41.1625,38.4928,38.781,48.5983,46.1229,40.6671,35.603,41.9716,40.8906,0.0,13.5991,86.4009
West Bengal,age_22_25,19,15.9576,8.1329,6.3698,11.5248,6.5906,6.8317,12.1212,18.7048,10.0353,10.1204,15.8072,6.8633,10.0872,8.7525,18.4057,81.5943
West Bengal,age_26_29,19,19.0439,1.9347,1.4038,3.7947,1.5215,1.5818,5.1302,5.6022,2.488,2.7798,7.9375,1.521,2.9667,11.47,23.7985,76.2015
West Bengal,age_30_33,19,20.9563,0.8393,0.5421,1.8022,0.5878,0.7362,2.2772,1.982,0.8638,0.9769,3.5447,0.5262,1.1053,11.0366,28.3799,71.6201
West Bengal,age_34_plus,19,27.5281,0.356,0.2505,0.8338,0.2675,0.4203,0.9741,0.7286,0.324,0.409,1.5046,0.2088,0.4654,9.48,47.3179,52.6821
West Bengal,age_below10,19,93.3332,1.447,1.4214,1.4232,1.2795,1.7014,1.3547,1.1146,1.2288,1.4897,1.3257,1.3153,1.4637,0.0,72.4028,27.5972
Jharkhand,age_10_13,20,42.6687,2.4878,3.1907,2.3541,3.2433,3.6468,2.5637,1.3377,2.1002,3.3899,2.7226,2.6716,3.0359,0.0,11.5444,88.4556
Jharkhand,age_14_17,20,7.2206,28.3864,34.2323,25.5253,31.406,33.7108,26.8447,21.5929,28.9277,31.2251,26.091,32.1106,30.8184,0.0,15.0599,84.9401
Jharkhand,age_18_21,20,7.3892,52.6888,47.6061,52.0216,51.2144,48.2821,49.868,52.1992,50.9245,46.7947,44.7097,49.7099,48.5259,0.0,27.4172,72.5828
Jharkhand,age_22_25,20,8.9965,8.7326,6.3044,11.3268,7.2173,7.1904,11.0068,13.5695,8.8934,9.1422,13.3666,7.1864,8.9139,10.8214,37.0016,62.9984
Jharkhand,age_26_29,20,10.3929,1.6915,1.1546,2.5256,1.5191,1.3971,2.9968,2.9853,1.6357,1.9352,4.9598,1.2665,1.9679,14.6214,45.556,54.444
Jharkhand,age_30_33,20,11.2413,0.7601,0.4076,1.1088,0.58,0.6386,1.3117,0.908,0.4908,0.6263,2.169,0.4251,0.7338,12.9932,52.9177,47.0823
Jharkhand,age_34_plus,20,12.8758,0.3009,0.152,0.4327,0.2356,0.2718,0.4885,0.2697,0.1375,0.2196,0.7656,0.1415,0.2682,10.506,70.6756,29.3244
Jharkhand,age_below10,20,95.5796,1.9592,1.7413,1.933,1.6059,1.9991,1.8004,1.3938,1.5731,1.8277,1.5556,1.6502,1.888,0.0,75.9468,24.0532
Odisha,age_10_13,21,25.3659,0.9408,1.6385,0.9776,1.1921,1.6595,1.0181,0.3074,0.5168,1.4395,1.083,1.142,1.2627,0.0,9.4324,90.5676
Odisha,age_14_17,21,5.7465,22.5328,25.2585,21.0496,22.4179,26.1065,20.4279,9.4241,15.9158,21.7678,17.8128,22.4496,21.7039,0.0,12.4142,87.5858
Odisha,age_18_21,21,7.1753,57.7111,54.1488,56.2591,54.8155,54.2088,51.7672,48.507,54.464,50.4897,43.4029,54.8415,52.5577,0.0,18.3367,81.6633
Odisha,age_22_25,21,8.5509,11.1704,11.5517,12.9345,12.2346,10.1974,14.7796,25.9701,18.1519,15.6502,19.5205,13.2028,14.4322,8.4147,22.3225,77.6775
Odisha,age_26_29,21,11.7265,2.0027,1.9886,2.728,2.7646,1.7566,4.6368,6.3732,2.9821,3.2428,8.3866,2.1629,3.1047,11.1663,27.7059,72.2941
Odisha,age_30_33,21,15.5412,0.7766,0.5626,1.0669,0.9467,0.7075,1.6577,1.233,0.5406,0.7399,2.9014,0.4981,0.838,12.0079,34.2682,65.7318
Odisha,age_34_plus,21,26.7055,0.2718,0.1958,0.3413,0.304,0.321,0.4723,0.2376,0.1035,0.2358,0.7547,0.139,0.2659,6.6125,57.2423,42.7577
Odisha,age_below10,21,95.0043,1.0804,1.0701,1.0444,1.1732,1.1448,1.0809,0.9968,0.977,1.1196,1.0849,1.0068,1.1062,0.0,74.0498,25.9502
Chhattisgarh,age_10_13,22,41.0364,4.8609,4.7832,5.1743,4.3505,6.528,4.8067,0.7371,1.5393,4.9975,3.9289,2.9708,4.6491,0.0,7.396,92.604
Chhattisgarh,age_14_17,22,6.2192,34.9263,35.1491,32.8201,32.4976,36.9046,32.7353,12.5201,24.5775,29.7276,27.346,30.6038,31.2258,0.0,10.0386,89.9614
Chhattisgarh,age_18_21,22,6.6005,50.6689,49.1235,50.9503,49.3588,46.11,49.1919,57.7322,58.7012,45.8065,41.8647,54.5161,49.1662,0.0,15.3725,84.6275
Chhattisgarh,age_22_25,22,7.5308,4.7324,4.887,5.8054,7.3286,4.6894,6.8782,18.1456,8.3773,10.1432,14.267,6.0174,7.8056,7.9317,22.0057,77.9943
Chhattisgarh,age_26_29,22,9.8303,0.6358,0.7156,0.837,1.3725,0.6869,1.625,3.6222,1.2145,2.0834,5.7066,0.821,1.5765,12.953,31.3251,68.6749
Chhattisgarh,age_30_33,22,13.6979,0.1836,0.2121,0.2271,0.3607,0.2542,0.4971,0.8715,0.2503,0.5004,1.8397,0.2017,0.4303,12.3822,42.2822,57.7178
Chhattisgarh,age_34_plus,22,22.6029,0.0881,0.0959,0.0928,0.1628,0.1336,0.1838,0.2494,0.0704,0.1695,0.6099,0.0695,0.1583,9.8667,69.0959,30.9041
Chhattisgarh,age_below10,22,97.5305,2.291,2.0704,2.638,2.3919,2.7266,2.314,0.9835,1.2962,2.2087,1.6639,1.5876,2.1977,0.0,74.8055,25.1945
Madhya Pradesh,age_10_13,23,36.8724,4.8078,5.0439,5.4353,6.8393,6.6667,5.0637,1.5153,2.4023,4.9084,4.5779,3.8444,5.0505,0.0,8.6424,91.3576
Madhya Pradesh,age_14_17,23,7.0768,34.3784,34.4878,34.2983,37.2075,38.0554,33.0475,15.9368,26.3276,30.5759,27.1723,32.1377,32.3883,0.0,11.7092,88.2908
Madhya Pradesh,age_18_21,23,6.35,52.4575,49.0406,51.8028,44.6081,46.6234,49.9759,56.086,55.6464,46.8121,42.5489,51.6566,48.589,0.0,20.5146,79.4854
Madhya Pradesh,age_22_25,23,7.2734,3.5798,4.2877,3.6757,5.6325,3.2013,5.6309,15.137,7.3331,8.4794,13.4557,5.0808,6.5406,11.3393,29.6112,70.3888
Madhya Pradesh,age_26_29,23,9.3189,0.507,0.6317,0.5164,1.0648,0.4837,1.3932,2.8309,1.0418,1.6833,4.897,0.716,1.3398,15.5406,39.2987,60.7013
Madhya Pradesh,age_30_33,23,11.5855,0.1445,0.1827,0.1468,0.2753,0.1634,0.408,0.618,0.2043,0.362,1.4573,0.1735,0.326,14.3326,47.4156,52.5844
Madhya Pradesh,age_34_plus,23,16.211,0.0748,0.0787,0.0803,0.1157,0.1056,0.1539,0.1706,0.0586,0.1335,0.4604,0.0596,0.1258,12.3028,66.9673,33.0327
Madhya Pradesh,age_below10,23,95.6379,2.1403,1.978,2.3816,2.0112,2.4075,2.1885,1.3309,1.5642,2.0049,1.9774,1.7633,2.1223,0.0,74.0555,25.9445
Gujarat,age_10_13,24,25.2432,1.7928,2.4784,1.4322,2.3212,2.3549,1.7923,0.9352,1.4853,1.924,1.9344,1.9416,1.8748,0.0,7.1077,92.8923
Gujarat,age_14_17,24,7.3465,16.9109,18.9672,13.9297,14.4087,19.7238,15.098,6.9082,12.4375,14.7882,13.8897,15.9071,15.1352,0.0,9.1653,90.8347
Gujarat,age_18_21,24,8.1307,63.8772,60.3477,65.4149,57.7232,61.1767,59.1889,57.781,59.4572,57.1158,51.7969,60.5135,58.4071,0.0,13.5188,86.4812
Gujarat,age_22_25,24,9.627,8.9209,9.1079,11.1228,14.2372,8.4275,13.2615,20.7885,13.568,14.4297,18.4544,10.7273,13.4336,12.0086,18.7053,81.2947
Gujarat,age_26_29,24,11.7258,1.0859,1.1669,1.3768,2.0336,1.0317,2.4927,3.0603,1.7935,2.1392,4.4041,1.3445,2.0615,15.3208,23.7964,76.2036
Gujarat,age_30_33,24,14.3126,0.3108,0.3515,0.3344,0.6011,0.3449,0.6442,0.6721,0.4094,0.5168,1.1151,0.3447,0.5071,13.0374,29.8819,70.1181
Gujarat,age_34_plus,24,22.5952,0.1292,0.1345,0.1335,0.2113,0.1565,0.209,0.1914,0.1157,0.1756,0.3217,0.1066,0.1717,9.5357,48.991,51.009
Gujarat,age_below10,24,94.0174,3.1545,2.6862,2.8437,2.3905,3.063,2.7564,1.7809,2.2165,2.5342,2.3424,2.4343,2.6836,0.0,73.3384,26.6616
Daman & Diu,age_10_13,25,23.52,1.0204,1.8361,0.6369,5.3333,2.9783,1.6891,0.5654,1.2752,1.5574,1.7099,1.426,1.5853,0.0,3.7179,96.2821
Daman & Diu,age_14_17,25,2.8027,22.449,22.9615,17.5159,17.3333,27.9986,18.8187,10.0935,16.8843,17.8768,18.7976,19.5416,18.2074,0.0,4.0426,95.9574
Daman & Diu,age_18_21,25,4.1593,56.6327,55.0247,65.2866,48.0,52.1574,51.0674,59.0532,57.9659,55.271,50.4799,57.3888,54.4796,0.0,7.102,92.898
Daman & Diu,age_22_25,25,5.3765,12.7551,12.3593,9.8726,14.6667,9.0366,16.8808,19.0939,14.5644,15.3365,17.2311,12.8657,15.5475,8.9608,11.5302,88.4698
Daman & Diu,age_26_29,25,6.7096,3.5714,2.4284,1.2739,2.6667,1.5332,4.0829,4.0479,2.919,3.364,4.203,2.852,3.4599,12.1302,15.022,84.978
Daman & Diu,age_30_33,25,7.7984,0.5102,0.9674,0.9554,2.6667,0.536,1.5544,1.1307,0.9679,0.8952,1.5885,1.0563,1.0068,12.0735,17.6207,82.3793
Daman & Diu,age_34_plus,25,19.8963,0.0,0.2962,0.0,1.3333,0.2985,0.3523,0.3844,0.2919,0.3392,0.364,0.2958,0.3442,8.5254,37.5392,62.4608
Daman & Diu,age_below10,25,94.7894,2.0408,1.1056,1.9108,2.6667,1.9742,1.7513,1.2287,1.352,1.4767,1.7319,1.3732,1.5304,0.0,74.6857,25.3143
Dadra & Nagar Haveli,age_10_13,26,29.2564,1.2251,2.1189,1.6513,0.2778,1.7113,1.3885,0.614,1.294,1.4101,1.3035,1.3904,1.3495,0.0,6.0066,93.9934
Dadra & Nagar Haveli,age_14_17,26,10.6729,19.6401,24.5046,20.7695,20.0,24.8616,18.0561,10.5207,18.8354,19.5379,15.5943,22.7926,19.7474,0.0,13.0261,86.9739
Dadra & Nagar Haveli,age_18_21,26,10.7746,59.5712,55.8564,60.2315,49.1667,55.7152,54.2204,59.0313,58.3465,53.928,48.5958,55.0802,54.4764,0.0,22.3053,77.6947
Dadra & Nagar Haveli,age_22_25,26,9.8301,9.7626,7.6712,9.8229,16.9444,8.7075,14.6717,18.4264,10.1653,13.9965,19.4691,9.9228,13.3768,10.7714,28.1456,71.8544
Dadra & Nagar Haveli,age_26_29,26,8.9633,1.1868,1.2556,1.0725,1.9444,1.2382,3.315,3.0698,1.4378,2.513,5.5931,1.3785,2.516,16.7044,32.6072,67.3928
Dadra & Nagar Haveli,age_30_33,26,9.6947,0.4211,0.3924,0.2383,0.5556,0.3523,0.619,0.5685,0.3163,0.4863,0.948,0.3684,0.5056,20.0664,38.2766,61.7234
Dadra & Nagar Haveli,age_34_plus,26,15.6435,0.268,0.2943,0.1532,0.2778,0.1711,0.2603,0.144,0.0719,0.1653,0.3318,0.1664,0.1782,15.8569,64.3278,35.6722
Dadra & Nagar Haveli,age_below10,26,94.7762,3.7136,2.4917,2.9452,1.6667,3.4654,2.7943,2.327,2.5593,3.0595,2.4529,2.8283,3.0842,0.0,73.1384,26.8616
Maharashtra,age_10_13,27,30.8837,2.4675,2.9761,2.3289,2.8435,4.667,2.3613,0.7364,1.2296,2.7281,2.1877,2.1788,2.564,0.0,4.9715,95.0285
Maharashtra,age_14_17,27,4.1358,27.3922,27.5165,27.5719,22.0687,34.0277,24.306,10.5218,18.6571,21.4461,15.643,24.2142,22.6443,0.0,5.0203,94.9797
Maharashtra,age_18_21,27,4.5425,56.3965,53.5764,57.0235,52.5021,47.2967,52.2733,55.9519,56.9645,48.3344,39.8472,55.1611,50.3294,0.0,6.9338,93.0662
Maharashtra,age_22_25,27,5.6157,6.0212,7.0727,5.9522,11.6898,5.212,10.167,17.8567,11.1395,13.7456,21.7464,8.4847,12.0634,14.9692,9.6736,90.3264
Maharashtra,age_26_29,27,7.549,0.8126,1.1189,0.8602,2.6233,0.8155,2.8898,3.9934,1.961,2.9701,8.6993,1.3679,2.8402,19.0325,13.5945,86.4055
Maharashtra,age_30_33,27,10.9379,0.2369,0.3859,0.2172,0.7267,0.3129,0.7896,1.0499,0.5191,0.7461,2.376,0.411,0.74,16.8135,19.1123,80.8877
Maharashtra,age_34_plus,27,21.2503,0.0937,0.1605,0.0898,0.2683,0.1643,0.2471,0.3195,0.1625,0.2625,0.6813,0.1495,0.2493,11.5049,42.0074,57.9926
Maharashtra,age_below10,27,95.5064,3.3955,2.6846,3.2333,2.7603,3.2946,3.1253,2.1495,2.2743,2.6281,2.6141,2.4339,2.8555,0.0,73.2317,26.7683
Andhra Pradesh,age_10_13,28,19.4036,6.1564,6.1109,6.7624,6.4688,8.3935,6.0305,1.3036,2.783,5.7768,5.0167,4.3358,5.8925,0.0,6.5295,93.4705
Andhra Pradesh,age_14_17,28,2.4617,36.7492,37.9733,33.8569,32.0405,36.6991,34.0007,21.079,31.8932,29.8216,27.4419,34.7786,31.9571,0.0,8.1859,91.8141
Andhra Pradesh,age_18_21,28,3.1087,44.1678,42.0997,43.9869,44.0395,39.9315,43.0455,51.4901,45.7319,41.7104,39.138,45.649,42.5189,0.0,14.2067,85.7933
Andhra Pradesh,age_22_25,28,4.2826,4.9364,4.8063,6.1081,6.5471,4.8951,6.9258,11.8312,6.9179,8.8866,12.8415,5.9665,7.7876,17.9247,22.4082,77.5918
Andhra Pradesh,age_26_29,28,6.6401,0.6337,0.6772,0.8632,0.9646,0.7144,1.4381,2.0286,0.997,1.6138,4.1017,0.8032,1.4704,18.7768,34.0296,65.9704
Andhra Pradesh,age_30_33,28,8.4844,0.2419,0.234,0.295,0.3288,0.323,0.4426,0.4646,0.2463,0.4249,1.1093,0.2369,0.4219,15.6407,42.8661,57.1339
Andhra Pradesh,age_34_plus,28,12.895,0.1477,0.1536,0.1864,0.166,0.2785,0.2033,0.1578,0.1089,0.2746,0.3705,0.1279,0.2392,10.4607,66.1725,33.8275
Andhra Pradesh,age_below10,28,91.4431,3.338,2.9302,3.8611,4.2414,3.6958,3.3822,2.2496,2.4906,3.0825,2.9084,2.6219,3.227,0.0,72.4074,27.5926
Karnataka,age_10_13,29,26.2932,3.0983,2.723,2.6486,1.8995,4.1009,2.5719,0.6162,1.5009,2.5668,2.0781,2.2731,2.5768,0.0,5.3609,94.6391
Karnataka,age_14_17,29,2.7477,22.3456,20.4619,21.059,15.585,24.4899,19.1829,11.1449,19.2773,18.4984,15.2938,20.3124,18.9278,0.0,6.5934,93.4066
Karnataka,age_18_21,29,3.5984,57.1682,54.3083,56.7642,48.3961,52.9818,51.7229,51.6409,51.6271,49.3179,43.5487,53.2991,50.8197,0.0,10.6072,89.3928
Karnataka,age_22_25,29,4.6922,8.6083,11.6013,10.5647,18.5385,8.5149,13.4453,19.0792,12.5966,14.7688,19.4531,12.1842,13.8672,14.8672,14.7501,85.2499
Karnataka,age_26_29,29,7.1395,1.4358,2.4648,2.042,5.4892,1.516,4.1042,5.144,2.7756,3.6102,7.8917,2.6539,3.6197,17.4265,22.2633,77.7367
Karnataka,age_30_33,29,9.5973,0.4707,0.8236,0.6575,1.6711,0.617,1.2383,1.3149,0.6904,0.9467,2.3158,0.7502,1.01,15.7744,29.5443,70.4557
Karnataka,age_34_plus,29,17.1654,0.1471,0.2795,0.208,0.508,0.2618,0.3694,0.3739,0.2035,0.3255,0.6756,0.2365,0.3262,10.2012,54.2149,45.7851
Karnataka,age_below10,29,95.3904,3.5644,3.0789,3.2941,2.9835,3.4677,3.1325,2.3659,2.7842,2.9766,2.6152,2.9506,3.09,0.0,73.07,26.93
Goa,age_10_13,30,27.9698,1.7128,1.3279,1.0589,0.9653,3.5619,1.1475,0.2992,0.4804,1.2865,1.1343,1.0744,1.284,0.0,3.0846,96.9154
Goa,age_14_17,30,2.1317,10.2198,11.0314,9.8732,9.2146,18.1355,6.4351,2.1074,4.7288,8.0965,5.8551,9.5621,7.7827,0.0,2.6481,97.3519
Goa,age_18_21,30,3.0723,38.8524,38.9863,34.5265,27.6876,41.6934,22.5385,22.5034,27.9323,30.8242,20.5084,36.0693,29.3252,0.0,3.856,96.144
Goa,age_22_25,30,3.2491,25.5495,25.6538,26.4728,28.9162,18.4658,27.8191,32.9946,30.4693,28.5268,28.0159,25.9659,28.1866,22.8175,5.5098,94.4902
Goa,age_26_29,30,3.9305,9.9343,9.4754,12.3192,14.9188,5.8828,20.1039,21.2558,16.6239,14.8031,21.4591,11.4616,15.6995,24.9434,7.4196,92.5804
Goa,age_30_33,30,5.0036,3.8538,4.6123,5.0708,6.6257,2.9781,8.0313,7.7721,6.4755,5.4594,8.5439,4.7882,5.9455,20.7289,8.2532,91.7468
Goa,age_34_plus,30,14.0588,1.4844,1.7157,1.7002,2.3695,1.3578,2.8263,2.318,2.0921,1.7802,3.0071,1.6602,1.973,13.5253,24.7664,75.2336
Goa,age_below10,30,95.0107,2.4265,2.1591,2.4907,2.3695,2.7813,2.102,1.8233,1.9128,2.2478,2.0428,2.2197,2.253,0.0,72.5135,27.4865
Lakshadweep,age_10_13,31,25.0499,,3.6916,,0.0,4.7768,0.7828,0.4346,0.502,2.4297,0.7979,2.374,2.2019,0.0,2.6786,97.3214
Lakshadweep,age_14_17,31,1.8679,,28.2302,,31.0345,30.8926,9.7847,6.2093,13.3575,21.4591,9.375,26.1936,20.0651,0.0,1.2864,98.7136
Lakshadweep,age_18_21,31,2.2287,,49.6924,,27.5862,46.2343,34.1161,45.5449,52.3146,49.1539,34.242,49.0108,47.6685,0.0,1.9011,98.0989
Lakshadweep,age_22_25,31,2.5508,,10.7492,,20.6897,9.1353,34.1813,28.8109,20.0781,15.6186,34.4415,13.2419,17.6922,10.0555,1.9217,98.0783
Lakshadweep,age_26_29,31,4.1397,,2.5335,,20.6897,2.5802,12.9159,8.4756,5.6609,4.2536,12.766,3.6138,5.1101,10.9071,1.9068,98.0932
Lakshadweep,age_30_33,31,8.8657,,1.1582,,0.0,1.0112,2.6093,1.8007,1.4222,1.0338,2.6596,0.8705,1.2748,5.3813,2.8947,97.1053
Lakshadweep,age_34_plus,31,26.7135,,0.5067,,0.0,0.523,1.2394,0.5899,0.4741,0.3358,1.2633,0.2374,0.4194,1.373,23.2238,76.7762
Lakshadweep,age_below10,31,97.026,,1.5925,,0.0,1.7085,1.3046,0.7451,1.1712,1.4881,1.3298,1.7937,1.4569,0.0,73.3716,26.6284
Kerala,age_10_13,32,21.9173,1.0141,2.5588,0.7835,0.6149,3.4297,0.4807,0.1306,0.461,1.2164,0.3637,1.7263,1.0428,0.0,1.2161,98.7839
Kerala,age_14_17,32,6.1426,16.9856,26.0068,11.8136,11.0068,28.5387,8.9078,7.9098,17.1758,16.96,7.216,22.7273,15.1476,0.0,0.8027,99.1973
Kerala,age_18_21,32,3.741,48.5895,45.6101,42.8981,43.3557,44.2529,37.4312,45.1852,46.8811,44.4609,34.9018,45.9436,43.2633,0.0,0.8598,99.1402
Kerala,age_22_25,32,1.4526,21.2336,14.9697,28.4515,28.3122,12.8567,31.8716,29.3235,22.5614,23.1915,34.1118,18.0196,25.0182,23.6375,1.1048,98.8952
Kerala,age_26_29,32,1.4548,5.8826,3.8247,9.0571,9.3748,3.1072,12.869,9.5532,6.2995,6.703,14.463,4.8917,7.8917,23.3634,1.5166,98.4834
Kerala,age_30_33,32,2.2666,2.0183,1.5771,2.4615,2.5743,1.6148,3.4112,2.3048,1.7052,1.7483,3.7438,1.6941,2.0809,16.5764,2.0439,97.9561
Kerala,age_34_plus,32,17.736,0.9887,1.0433,1.0963,1.1467,0.9666,1.3718,0.8499,0.7943,0.7933,1.4638,1.0047,0.9135,7.6933,13.5645,86.4355
Kerala,age_below10,32,96.3131,1.41,1.5443,1.2664,1.2265,1.7357,1.1844,1.2487,1.4251,1.5063,1.1378,1.4449,1.4364,0.0,71.1992,28.8008
Tamil Nadu,age_10_13,33,10.7019,1.6656,1.5964,1.4707,1.1738,2.5195,1.4212,0.2552,0.7703,1.2906,1.1827,1.2284,1.358,0.0,2.3611,97.6389
Tamil Nadu,age_14_17,33,0.7708,24.2034,21.9789,22.7913,18.3171,26.5222,20.5669,9.9907,18.0806,17.0955,16.1159,20.3918,18.6569,0.0,2.2826,97.7174
Tamil Nadu,age_18_21,33,1.1649,53.6887,51.7987,53.4936,51.2143,50.3542,49.2943,47.7716,51.33,46.7789,42.4109,51.8652,48.0836,0.0,3.7353,96.2647
Tamil Nadu,age_22_25,33,1.7552,12.9454,15.5774,14.31,19.5736,11.7445,16.9419,24.1046,18.156,20.1382,21.8842,16.6085,18.5698,19.6556,6.9013,93.0987
Tamil Nadu,age_26_29,33,3.3729,2.2603,2.9739,2.6463,3.8073,2.0451,4.7783,6.764,3.8864,5.1311,8.5815,3.3212,4.8324,20.1932,12.9694,87.0306
Tamil Nadu,age_30_33,33,5.1019,0.7211,0.8831,0.7671,0.8636,0.827,1.3191,1.5136,0.8485,1.1878,2.2834,0.8555,1.2077,17.0083,19.675,80.325
Tamil Nadu,age_34_plus,33,10.5391,0.2351,0.313,0.2658,0.2753,0.3588,0.4034,0.4128,0.2347,0.3744,0.6671,0.2659,0.3792,9.1874,46.5867,53.4133
Tamil Nadu,age_below10,33,90.6303,1.4221,1.2878,1.3865,1.4735,1.4039,1.4258,1.2649,1.3187,1.3667,1.4377,1.2969,1.3925,0.0,71.5019,28.4981
Puducherry,age_10_13,34,13.1346,2.3485,2.995,1.7791,1.7878,4.0391,1.4125,0.2987,0.7775,1.7377,1.1224,1.7348,1.6926,0.0,2.4111,97.5889
Puducherry,age_14_17,34,0.5277,23.3372,26.8942,16.4566,19.5512,28.2353,15.9774,8.4224,17.4379,17.414,13.7249,22.6166,17.2776,0.0,1.5307,98.4693
Puducherry,age_18_21,34,0.7325,50.601,46.7016,45.1446,46.4055,46.6036,39.3647,44.955,47.9038,44.1742,35.7348,47.7379,43.359,0.0,2.2337,97.7663
Puducherry,age_22_25,34,1.023,15.4472,14.335,20.9044,20.426,12.0486,23.1208,27.3773,20.9556,21.8276,25.4625,17.1604,21.9228,24.8007,3.8361,96.1639
Puducherry,age_26_29,34,2.0541,3.5628,3.4682,7.3388,5.9338,2.7459,11.1941,9.6405,6.0901,7.0731,13.6796,4.5746,7.7906,28.3379,6.7809,93.2191
Puducherry,age_30_33,34,3.1743,1.1897,1.2359,2.5204,1.8258,1.1756,3.3708,2.3658,1.5825,1.7417,4.0773,1.4042,2.0495,23.1563,10.8936,89.1064
Puducherry,age_34_plus,34,8.8365,0.3267,0.4899,0.6672,0.3804,0.4261,1.0326,0.7196,0.5086,0.5325,1.2703,0.4833,0.6278,12.0147,35.1748,64.8252
Puducherry,age_below10,34,93.2449,0.8691,1.0633,1.0378,0.7227,1.0443,0.9592,0.9612,0.9933,1.0594,0.9936,0.9162,1.0397,0.0,72.8444,27.1556
Andaman & Nicobar Islands,age_10_13,35,24.5138,4.4068,6.6027,4.7592,2.2727,7.001,2.7124,0.4619,1.4245,3.5479,2.4712,3.8736,3.3567,0.0,2.2863,97.7137
Andaman & Nicobar Islands,age_14_17,35,1.9137,36.2712,35.7802,28.6124,15.9091,32.2194,18.3156,9.2899,21.9768,24.3381,16.9347,32.6666,23.1428,0.0,1.7364,98.2636
Andaman & Nicobar Islands,age_18_21,35,2.1516,42.0339,40.8213,42.4312,36.9318,39.3928,33.3118,44.9169,49.1392,44.178,32.0947,44.5997,42.1119,0.0,2.7331,97.2669
Andaman & Nicobar Islands,age_22_25,35,3.7308,9.8305,9.8611,13.8761,23.2955,10.9579,23.3752,25.9486,16.4429,16.3245,24.6441,10.7319,17.612,11.0905,5.2027,94.7973
Andaman & Nicobar Islands,age_26_29,35,4.8929,3.0508,2.4837,3.7271,11.9318,3.3183,12.837,9.877,4.7499,4.969,14.0137,2.8946,6.443,15.0022,8.0443,91.9557
Andaman & Nicobar Islands,age_30_33,35,6.5216,1.0169,1.0451,1.9495,3.4091,1.6024,4.0552,2.6635,1.4193,1.3987,4.3508,1.0002,1.9554,13.3433,10.4192,89.5808
Andaman & Nicobar Islands,age_34_plus,35,14.1493,1.0169,0.4303,0.7454,1.9886,0.8266,1.4556,0.8634,0.4612,0.5307,1.5283,0.5133,0.7435,9.8554,34.9404,65.0596
Andaman & Nicobar Islands,age_below10,35,95.7145,1.0169,1.0205,1.0894,0.8523,1.7316,0.8379,0.708,0.7788,1.1027,0.8073,0.979,1.0573,0.0,71.8912,28.1088
