state_name,age_bracket,state_code,Below_primary_share_buddhist_female,Below_primary_share_christian_female,Below_primary_share_hindu_female,Below_primary_share_jain_female,Below_primary_share_muslim_female,Below_primary_share_sikh_female,Illiteracy_rate_buddhist_female,Illiteracy_rate_buddhist_male,Illiteracy_rate_christian_female,Illiteracy_rate_christian_male,Illiteracy_rate_hindu_female,Illiteracy_rate_hindu_male,Illiteracy_rate_jain_female,Illiteracy_rate_jain_male,Illiteracy_rate_muslim_female,Illiteracy_rate_muslim_male,Illiteracy_rate_sikh_female,Illiteracy_rate_sikh_male,Literacy_rate_buddhist_female,Literacy_rate_buddhist_male,Literacy_rate_christian_female,Literacy_rate_christian_male,Literacy_rate_hindu_female,Literacy_rate_hindu_male,Literacy_rate_jain_female,Literacy_rate_jain_male,Literacy_rate_muslim_female,Literacy_rate_muslim_male,Literacy_rate_sikh_female,Literacy_rate_sikh_male,Middle_school_share_buddhist_female,Middle_school_share_christian_female,Middle_school_share_hindu_female,Middle_school_share_jain_female,Middle_school_share_muslim_female,Middle_school_share_sikh_female
INDIA,age_below10,00,97.277,96.0714,96.5072,96.3508,95.1018,97.3683,74.5376,74.0724,77.115,76.5939,78.3451,76.2442,69.8147,70.2542,81.5382,79.8965,72.3682,72.3616,25.4624,25.9276,22.885,23.4061,21.6549,23.7558,30.1853,29.7458,18.4618,20.1035,27.6318,27.6384,0.0,0.0,0.0,0.0,0.0,0.0
INDIA,age_10_13,00,37.372,34.4128,41.1577,24.2432,47.3565,42.5514,8.9318,5.9207,14.3094,12.3293,22.1867,12.784,1.7797,1.2856,30.0052,23.3147,11.3285,8.6647,91.0682,94.0793,85.6906,87.6707,77.8133,87.216,98.2203,98.7144,69.9948,76.6853,88.6715,91.3353,5.8034,8.9225,7.0882,12.9119,5.7851,5.782
INDIA,age_14_17,00,8.0336,8.2926,10.4522,1.6451,14.9335,5.2762,9.9364,5.94,12.3583,10.0532,23.9937,12.6788,1.554,1.1583,31.5615,23.6582,13.2288,10.3962,90.0636,94.06,87.6417,89.9468,76.0063,87.3212,98.446,98.8417,68.4385,76.3418,86.7712,89.6038,41.7801,38.8387,35.8943,40.5937,31.384,38.2232
INDIA,age_18_21,00,8.5651,6.8206,9.5143,1.8814,12.854,3.6203,14.982,6.9654,14.3333,10.4613,30.5605,14.1549,1.9911,1.4531,35.7161,24.7876,16.9787,13.1542,85.018,93.0346,85.6667,89.5387,69.4395,85.8451,98.0089,98.5469,64.2839,75.2124,83.0213,86.8458,25.3902,19.786,20.1688,8.2272,21.4448,17.576
Jammu & Kashmir,age_below10,01,94.7771,96.4286,95.696,90.9091,92.2759,95.5205,76.4853,75.4902,77.1787,76.3214,76.8485,75.189,75.9563,74.5455,82.9265,79.3189,68.9699,69.7962,23.5147,24.5098,22.8213,23.6786,23.1515,24.811,24.0437,25.4545,17.0735,20.6811,31.0301,30.2038,0.0,0.0,0.0,0.0,0.0,0.0
Jammu & Kashmir,age_10_13,01,43.9851,47.069,37.0936,21.1765,36.633,29.3121,18.2547,12.3551,20.5479,16.1168,18.2026,9.4045,6.5934,5.6075,40.2203,25.6327,5.2529,3.7053,81.7453,87.6449,79.4521,83.8832,81.7974,90.5955,93.4066,94.3925,59.7797,74.3673,94.7471,96.2947,5.2791,5.8621,7.478,15.2941,5.0561,10.2028
Jammu & Kashmir,age_14_17,01,6.2835,9.4162,4.2401,3.4091,4.055,1.6515,16.933,10.7292,20.7463,16.3328,17.8867,8.5919,15.3846,4.1667,43.0579,23.6939,5.6705,3.4762,83.067,89.2708,79.2537,83.6672,82.1133,91.4081,84.6154,95.8333,56.9421,76.3061,94.3295,96.5238,41.3054,41.0546,45.4696,37.5,46.2454,49.5706
Jammu & Kashmir,age_18_21,01,3.7809,6.2241,2.8974,5.0,3.2048,1.5267,22.7919,11.4878,21.7532,16.9399,20.5166,10.4809,9.0909,6.25,50.8297,27.9844,6.2053,4.6684,77.2081,88.5122,78.2468,83.0601,79.4834,89.5191,90.9091,93.75,49.1703,72.0156,93.7947,95.3316,32.3316,31.5353,34.1701,15.0,24.1852,25.9825
Himachal Pradesh,age_below10,02,98.1828,97.7143,98.3829,96.5517,98.4656,98.2933,68.4805,67.9565,73.8416,74.9656,70.1252,70.0305,67.0455,72.4409,77.4148,74.9469,68.6087,68.288,31.5195,32.0435,26.1584,25.0344,29.8748,29.9695,32.9545,27.5591,22.5852,25.0531,31.3913,31.712,0.0,0.0,0.0,0.0,0.0,0.0
Himachal Pradesh,age_10_13,02,42.7756,33.3333,39.9652,24.0,55.1886,35.4422,2.9163,2.5195,7.3684,7.047,3.5332,1.9514,1.9608,0.0,21.7839,11.4723,2.5173,2.0694,97.0837,97.4805,92.6316,92.953,96.4668,98.0486,98.0392,100.0,78.2161,88.5277,97.4827,97.9306,4.7161,8.3333,5.1205,10.0,3.102,6.1653
Himachal Pradesh,age_14_17,02,7.7513,7.0866,4.3839,1.7857,10.8124,2.3977,3.6353,3.635,4.5113,10.7884,5.2568,2.6275,1.7544,0.0,29.2824,16.5655,2.9764,2.9324,96.3647,96.365,95.4887,89.2116,94.7432,97.3725,98.2456,100.0,70.7176,83.4345,97.0236,97.0676,42.2635,40.9449,41.4821,35.7143,30.293,42.5599
Himachal Pradesh,age_18_21,02,6.4917,3.5398,3.7619,0.0,6.5925,2.4115,7.476,6.7916,11.0236,11.1675,9.0355,4.5158,5.5556,6.25,40.6132,25.9016,5.0787,3.338,92.524,93.2084,88.9764,88.8325,90.9645,95.4842,94.4444,93.75,59.3868,74.0984,94.9213,96.662,23.5497,23.0088,19.0768,0.0,21.8427,14.8455
Punjab,age_below10,03,98.2309,96.8954,97.0964,96.0809,96.648,97.569,71.6248,72.4847,77.9161,76.5267,73.6149,73.1114,69.1858,69.1738,79.434,78.0309,72.2345,72.3116,28.3752,27.5153,22.0839,23.4733,26.3851,26.8886,30.8142,30.8262,20.566,21.9691,27.7655,27.6884,0.0,0.0,0.0,0.0,0.0,0.0
Punjab,age_10_13,03,40.9475,49.3271,39.5335,25.4717,51.1902,43.4746,7.6563,7.4127,24.9064,19.0086,11.3847,9.4844,1.7819,2.3159,26.2781,22.9249,11.4016,9.1248,92.3438,92.5873,75.0936,80.9914,88.6153,90.5156,98.2181,97.6841,73.7219,77.0751,88.5984,90.8752,4.8505,4.1694,7.3995,13.3527,3.8347,5.1651
Punjab,age_14_17,03,3.5669,8.5038,3.988,0.988,8.3746,4.8036,6.2687,7.2989,30.1701,22.4828,11.3408,11.0891,1.7337,1.9512,31.2836,28.8282,13.2552,11.1243,93.7313,92.7011,69.8299,77.5172,88.6592,88.9109,98.2663,98.0488,68.7164,71.1718,86.7448,88.8757,41.0828,32.6907,38.893,35.7798,32.1619,38.4042
Punjab,age_18_21,03,3.8095,5.7465,2.8477,0.7937,7.1515,3.1596,6.8441,10.8108,34.5526,27.4324,14.6899,14.3986,1.5625,2.1713,39.5576,33.9574,17.1928,14.2264,93.1559,89.1892,65.4474,72.5676,85.3101,85.6014,98.4375,97.8287,60.4424,66.0426,82.8072,85.7736,22.8571,18.053,15.7474,1.8519,20.2986,17.4513
Chandigarh,age_below10,04,100.0,99.3056,97.7162,100.0,97.4138,97.9035,64.0,71.5909,76.6234,73.6686,74.483,73.3208,73.5632,66.8342,77.8995,75.5752,66.5963,65.8814,36.0,28.4091,23.3766,26.3314,25.517,26.6792,26.4368,33.1658,22.1005,24.4248,33.4037,34.1186,0.0,0.0,0.0,0.0,0.0,0.0
Chandigarh,age_10_13,04,32.0755,36.8821,38.2277,17.7215,49.6302,29.9176,3.6364,7.4074,10.8475,7.837,10.352,8.1195,2.4691,0.0,17.9366,16.1514,2.4112,2.3623,96.3636,92.5926,89.1525,92.163,89.648,91.8805,97.5309,100.0,82.0634,83.8486,97.5888,97.6377,3.7736,6.0837,7.2666,11.3924,4.2728,8.734
Chandigarh,age_14_17,04,3.9216,2.3529,3.8699,0.0,8.3243,1.5236,3.7736,2.7397,14.1414,5.7971,9.3504,9.7913,1.9417,0.0,19.0726,21.2329,2.2989,1.7753,96.2264,97.2603,85.8586,94.2029,90.6496,90.2087,98.0583,100.0,80.9274,78.7671,97.7011,98.2247,35.2941,43.1373,40.7291,36.6337,35.4595,43.0858
Chandigarh,age_18_21,04,1.1236,2.1739,2.1887,0.0,4.0767,0.8191,2.1978,2.0833,14.2857,10.7527,13.6878,12.8746,0.0,0.0,25.5357,28.1879,2.4322,2.4421,97.8022,97.9167,85.7143,89.2473,86.3122,87.1254,100.0,100.0,74.4643,71.8121,97.5678,97.5579,5.618,18.8406,12.3774,2.0,26.3789,7.5142
State - UTTARANCHAL  05,age_below10,05,93.3099,96.3397,97.3701,95.2632,94.2556,96.5209,66.2708,66.7996,70.8493,69.2685,73.5775,72.9161,69.0554,70.6612,82.4515,79.6943,74.094,72.7389,33.7292,33.2004,29.1507,30.7315,26.4225,27.0839,30.9446,29.3388,17.5485,20.3057,25.906,27.2611,0.0,0.0,0.0,0.0,0.0,0.0
State - UTTARANCHAL  05,age_10_13,05,33.1361,35.7081,45.3421,19.5906,57.8325,42.7012,7.4818,3.6295,5.9641,4.5296,8.0455,3.9792,1.1561,1.0929,33.3293,22.1942,13.143,7.7108,92.5182,96.3705,94.0359,95.4704,91.9545,96.0208,98.8439,98.9071,66.6707,77.8058,86.857,92.2892,8.6785,11.3814,5.8873,19.883,4.4206,7.7498
State - UTTARANCHAL  05,age_14_17,05,4.5858,4.2039,6.2562,0.8621,20.2839,9.1073,4.9226,2.9377,6.2867,4.6904,10.9403,4.3481,0.8547,1.2788,41.5741,27.3151,18.4905,9.052,95.0774,97.0623,93.7133,95.3096,89.0597,95.6519,99.1453,98.7212,58.4259,72.6849,81.5095,90.948,33.284,43.1127,40.9831,38.7931,24.2461,37.564
State - UTTARANCHAL  05,age_18_21,05,3.6474,2.0513,3.9087,0.0,15.6526,5.9185,8.6111,3.3333,6.25,6.9272,16.1291,6.6278,2.7778,0.0,48.4146,31.3807,22.5902,10.4457,91.3889,96.6667,93.75,93.0728,83.8709,93.3722,97.2222,100.0,51.5854,68.6193,77.4098,89.5543,14.5897,15.5556,26.0823,1.7143,16.9111,20.0117
Haryana,age_below10,06,97.093,97.1726,97.9931,97.4173,93.3957,97.836,77.1277,75.082,71.9415,73.0996,74.2896,73.6633,70.4719,69.6633,90.2087,83.6734,72.42,72.6921,22.8723,24.918,28.0585,26.9004,25.7104,26.3367,29.5281,30.3367,9.7913,16.3266,27.58,27.3079,0.0,0.0,0.0,0.0,0.0,0.0
Haryana,age_10_13,06,53.5714,43.1689,47.0981,24.1634,67.4828,44.6463,17.1598,7.4742,7.7058,5.6465,10.4644,6.4099,1.5027,1.3765,57.4316,24.9094,11.0212,7.6731,82.8402,92.5258,92.2942,94.3535,89.5356,93.5901,98.4973,98.6235,42.5684,75.0906,88.9788,92.3269,6.7857,7.0209,5.0835,13.3366,1.6709,5.7134
Haryana,age_14_17,06,10.4072,4.4932,6.8409,0.8692,24.8214,6.545,19.3431,11.9186,9.375,6.3126,12.7114,7.4109,1.6202,0.7031,65.142,28.1434,12.7791,9.5921,80.6569,88.0814,90.625,93.6874,87.2886,92.5891,98.3798,99.2969,34.858,71.8566,87.2209,90.4079,36.1991,41.7973,35.6189,40.5764,16.6481,36.6837
Haryana,age_18_21,06,3.6697,1.8797,4.3157,0.766,15.6205,4.5403,23.7762,27.1654,10.1351,8.8015,19.8457,9.8925,1.2605,1.4226,73.4948,31.7981,16.4516,12.8927,76.2238,72.8346,89.8649,91.1985,80.1543,90.1075,98.7395,98.5774,26.5052,68.2019,83.5484,87.1073,16.5138,14.4737,18.7416,3.9149,15.457,20.3705
State - DELHI  07,age_below10,07,97.6103,97.2057,97.5685,97.7565,96.1563,97.8028,74.4841,70.7901,72.5002,72.5665,73.1319,72.8131,69.296,69.9035,78.1141,77.163,69.0225,70.0569,25.5159,29.2099,27.4998,27.4335,26.8681,27.1869,30.704,30.0965,21.8859,22.837,30.9775,29.9431,0.0,0.0,0.0,0.0,0.0,0.0
State - DELHI  07,age_10_13,07,35.9244,30.3922,36.6441,23.8588,46.2984,29.4558,4.8,4.1627,4.1265,2.7003,7.0452,5.5993,0.9012,1.0174,17.9755,16.7987,3.4135,3.0348,95.2,95.8373,95.8735,97.2997,92.9548,94.4007,99.0988,98.9826,82.0245,83.2013,96.5865,96.9652,5.6723,7.6518,7.1137,11.6084,5.5466,9.038
State - DELHI  07,age_14_17,07,4.914,3.8576,3.8536,0.8361,9.0328,2.181,6.3291,5.8423,8.07,2.844,7.2198,6.9465,0.7218,0.9694,19.7647,20.7145,3.6822,3.3023,93.6709,94.1577,91.93,97.156,92.7802,93.0535,99.2782,99.0306,80.2353,79.2855,96.3178,96.6977,42.2604,42.0623,41.311,43.0934,34.4295,42.4165
State - DELHI  07,age_18_21,07,2.5586,3.3346,2.5898,0.8819,6.672,1.8884,7.8585,5.638,8.7443,4.0465,11.4574,9.2636,0.8742,1.6076,26.2759,24.5456,4.5898,3.6491,92.1415,94.362,91.2557,95.9535,88.5426,90.7364,99.1258,98.3924,73.7241,75.4544,95.4102,96.3509,18.7633,14.7183,19.7183,4.1028,24.2867,10.6446
Rajasthan,age_below10,08,95.2077,97.0094,96.3855,94.5106,94.6333,96.5833,74.7377,76.0365,74.9441,73.0374,80.1624,75.8182,68.6604,68.8891,83.3466,78.9172,74.6163,73.4826,25.2623,23.9635,25.0559,26.9626,19.8376,24.1818,31.3396,31.1109,16.6534,21.0828,25.3837,26.5174,0.0,0.0,0.0,0.0,0.0,0.0
Rajasthan,age_10_13,08,57.5,39.1144,55.103,23.25,58.9006,49.705,13.6069,4.0619,14.9671,6.9865,28.9656,9.1052,1.4801,0.8606,37.5712,17.3,16.3573,8.3982,86.3931,95.9381,85.0329,93.0135,71.0344,90.8948,98.5199,99.1394,62.4288,82.7,83.6427,91.6018,5.5,7.4908,4.7775,15.6407,3.6983,5.9501
Rajasthan,age_14_17,08,16.0305,7.9612,19.8861,2.1966,24.3643,14.4454,24.058,4.1002,18.9933,8.8906,35.6501,9.823,1.1567,0.6679,42.5043,18.2449,22.0204,10.598,75.942,95.8998,81.0067,91.1094,64.3499,90.177,98.8433,99.3321,57.4957,81.7551,77.9796,89.402,27.0992,39.4175,25.9725,40.014,20.5357,29.1108
Rajasthan,age_18_21,08,9.7087,7.3099,18.0016,3.1228,21.0877,11.7626,31.7881,4.7826,20.7722,9.8747,44.4672,12.1399,1.6347,1.029,48.8876,20.3196,28.1196,13.7113,68.2119,95.2174,79.2278,90.1253,55.5328,87.8601,98.3653,98.971,51.1124,79.6804,71.8804,86.2887,16.5049,10.039,17.9817,11.7338,17.5174,22.6648
Uttar Pradesh,age_below10,09,95.4705,93.1133,95.4049,92.8676,93.0317,94.5544,80.6868,78.4178,79.2844,77.2169,81.5308,78.4404,71.4056,72.8235,85.2192,82.4666,75.741,74.7001,19.3132,21.5822,20.7156,22.7831,18.4692,21.5596,28.5944,27.1765,14.7808,17.5334,24.259,25.2999,0.0,0.0,0.0,0.0,0.0,0.0
Uttar Pradesh,age_10_13,09,49.3021,39.5892,47.1854,21.2868,54.9015,37.8201,25.243,14.7277,24.618,18.4967,29.4601,16.2814,4.9445,3.7278,41.7713,30.4734,16.4071,10.7218,74.757,85.2723,75.382,81.5033,70.5399,83.7186,95.0555,96.2722,58.2287,69.5266,83.5929,89.2782,6.0685,10.6742,7.2618,19.2243,5.3929,9.9643
Uttar Pradesh,age_14_17,09,10.6724,7.1696,9.033,1.4288,17.9759,6.6538,32.0182,14.8882,23.5553,17.1237,33.5953,16.1926,3.6421,2.7736,46.3083,33.1815,18.6405,10.8373,67.9818,85.1118,76.4447,82.8763,66.4047,83.8074,96.3579,97.2264,53.6917,66.8185,81.3595,89.1627,35.6835,35.6453,37.2405,38.8492,25.1844,37.444
Uttar Pradesh,age_18_21,09,6.5739,4.3887,5.6028,1.0277,12.4213,4.9215,44.2192,18.6412,23.8482,18.3528,42.1438,18.4164,3.2803,2.9497,51.0798,35.5117,21.935,12.0902,55.7808,81.3588,76.1518,81.6472,57.8562,81.5836,96.7197,97.0503,48.9202,64.4883,78.065,87.9098,26.7595,15.0784,24.2486,6.7061,17.5965,20.3761
Bihar,age_below10,10,95.8904,92.8328,94.6024,93.7158,90.4277,91.6859,84.8673,81.1703,79.1719,77.0796,88.2013,84.2229,70.5077,71.8059,89.4587,86.7409,78.7014,78.2273,15.1327,18.8297,20.8281,22.9204,11.7987,15.7771,29.4923,28.1941,10.5413,13.2591,21.2986,21.7727,0.0,0.0,0.0,0.0,0.0,0.0
Bihar,age_10_13,10,42.9084,36.161,46.9408,21.626,54.4579,31.0757,31.3194,18.6916,26.6161,20.0667,48.5208,31.4185,7.0997,4.9858,53.7054,42.1506,21.7256,16.7173,68.6806,81.3084,73.3839,79.9333,51.4792,68.5815,92.9003,95.0142,46.2946,57.8494,78.2744,83.2827,8.6176,12.1805,8.2157,20.9756,5.614,14.741
Bihar,age_14_17,10,8.4615,9.1922,10.5564,1.209,22.8579,3.7821,32.6425,17.5258,25.9412,17.9126,46.0646,28.1341,3.9801,4.2484,52.2347,40.7868,12.2178,12.1453,67.3575,82.4742,74.0588,82.0874,53.9354,71.8659,96.0199,95.7516,47.7653,59.2132,87.7822,87.8547,39.7436,37.0474,33.3431,40.0691,20.6433,37.0651
Bihar,age_18_21,10,4.8485,5.6483,7.7746,0.3401,18.7807,2.5723,46.2541,18.0693,25.0241,17.5423,55.0274,27.7031,5.4662,6.9061,58.4824,40.276,18.799,10.9589,53.7459,81.9307,74.9759,82.4577,44.9726,72.2969,94.5338,93.0939,41.5176,59.724,81.201,89.0411,20.6061,13.8639,18.7535,6.8027,13.9478,12.2186
Sikkim,age_below10,11,97.4265,97.2571,97.5037,100.0,100.0,100.0,78.3797,78.3782,77.5353,78.3904,78.6148,78.728,64.2857,70.0,83.2138,79.4643,76.1905,75.0,21.6203,21.6218,22.4647,21.6096,21.3852,21.272,35.7143,30.0,16.7862,20.5357,23.8095,25.0,0.0,0.0,0.0,0.0,0.0,0.0
Sikkim,age_10_13,11,61.5074,61.3806,64.0441,66.6667,62.5,22.2222,15.5223,15.353,14.9206,12.2816,16.7309,14.0728,25.0,0.0,30.9904,33.0882,10.0,5.8824,84.4777,84.647,85.0794,87.7184,83.2691,85.9272,75.0,100.0,69.0096,66.9118,90.0,94.1176,3.7037,3.4204,3.0473,0.0,3.2407,0.0
Sikkim,age_14_17,11,21.4968,20.7054,22.0163,0.0,21.8543,10.0,14.7666,12.2929,14.8972,9.5593,15.3679,12.0701,14.2857,0.0,31.0502,38.1743,0.0,9.5238,85.2334,87.7071,85.1028,90.4407,84.6321,87.9299,85.7143,100.0,68.9498,61.8257,100.0,90.4762,25.207,24.6244,24.6308,66.6667,25.8278,50.0
Sikkim,age_18_21,11,15.4239,14.8784,16.2374,50.0,14.0,0.0,18.4846,13.3403,17.4734,10.7311,19.2535,14.052,0.0,0.0,46.2366,37.8049,0.0,1.4706,81.5154,86.6597,82.5266,89.2689,80.7465,85.948,100.0,100.0,53.7634,62.1951,100.0,98.5294,26.4556,25.7511,25.5671,0.0,22.0,0.0
Arunachal Pradesh,age_below10,12,97.5762,96.7341,96.9409,100.0,96.1929,100.0,87.0925,85.2077,87.6808,85.9311,83.4302,81.0604,85.7143,64.8649,85.7246,83.9875,69.7917,73.6842,12.9075,14.7923,12.3192,14.0689,16.5698,18.9396,14.2857,35.1351,14.2754,16.0125,30.2083,26.3158,0.0,0.0,0.0,0.0,0.0,0.0
Arunachal Pradesh,age_10_13,12,60.5885,64.8059,52.5562,60.0,51.4957,24.3243,43.9654,31.7986,42.309,32.6456,32.8858,22.5528,44.4444,22.2222,44.6809,36.5736,15.9091,13.1579,56.0346,68.2014,57.691,67.3544,67.1142,77.4472,55.5556,77.7778,55.3191,63.4264,84.0909,86.8421,2.6773,2.904,5.4334,0.0,4.7009,13.5135
Arunachal Pradesh,age_14_17,12,20.6755,23.8411,17.5414,0.0,13.6213,10.3448,43.2689,29.4529,33.6774,22.1054,32.5524,19.1373,0.0,0.0,40.396,29.4311,6.4516,10.0,56.7311,70.5471,66.3226,77.8946,67.4476,80.8627,100.0,100.0,59.604,70.5689,93.5484,90.0,27.6946,25.1159,30.83,16.6667,31.8937,24.1379
Arunachal Pradesh,age_18_21,12,18.9281,15.9149,14.1662,0.0,19.1083,0.0,51.7196,32.7112,38.1773,22.5356,37.8289,22.4608,0.0,0.0,49.3548,33.4513,0.0,4.0,48.2804,67.2888,61.8227,77.4644,62.1711,77.5392,100.0,100.0,50.6452,66.5487,100.0,96.0,27.5441,25.3025,23.4668,0.0,19.1083,9.0909
Nagaland,age_below10,13,96.1538,93.1083,93.9923,92.4528,90.8867,84.2105,76.3636,79.0698,79.2132,77.6953,79.1418,78.0208,67.6829,73.7113,91.4001,90.0616,74.3243,81.0811,23.6364,20.9302,20.7868,22.3047,20.8582,21.9792,32.3171,26.2887,8.5999,9.9384,25.6757,18.9189,0.0,0.0,0.0,0.0,0.0,0.0
Nagaland,age_10_13,13,35.0,36.687,40.4485,17.1053,45.9016,18.1818,13.0435,21.5686,25.2527,22.7951,23.8799,20.226,9.5238,2.8169,63.8786,56.5679,37.1429,21.4286,86.9565,78.4314,74.7473,77.2049,76.1201,79.774,90.4762,97.1831,36.1214,43.4321,62.8571,78.5714,11.6667,8.0503,9.2281,17.1053,4.918,18.1818
Nagaland,age_14_17,13,6.1224,8.6125,11.5774,3.2787,16.8022,3.3333,16.9492,14.7059,22.7848,19.618,20.4824,18.6207,1.6129,3.4884,55.914,46.6495,26.8293,29.5455,83.0508,85.2941,77.2152,80.382,79.5176,81.3793,98.3871,96.5116,44.086,53.3505,73.1707,70.4545,40.8163,38.916,37.7149,37.7049,31.9783,43.3333
Nagaland,age_18_21,13,11.5385,6.6529,8.607,3.125,12.3153,16.6667,13.3333,8.1081,25.8268,21.914,23.6489,21.3265,5.8824,2.439,59.481,40.0786,53.8462,15.7895,86.6667,91.8919,74.1732,78.086,76.3511,78.6735,94.1176,97.561,40.519,59.9214,46.1538,84.2105,30.7692,28.1395,23.1597,9.375,26.1084,16.6667
Manipur,age_below10,14,95.6522,92.7026,94.5655,91.6667,93.4588,100.0,90.1288,88.1481,84.2494,82.806,80.3331,79.545,73.3333,69.2308,84.3179,82.6293,81.1881,77.3585,9.8712,11.8519,15.7506,17.194,19.6669,20.455,26.6667,30.7692,15.6821,17.3707,18.8119,22.6415,0.0,0.0,0.0,0.0,0.0,0.0
Manipur,age_10_13,14,50.0,46.7443,35.0635,15.3846,42.2056,33.3333,41.2844,20.6186,30.1323,25.982,13.7787,11.2784,1.8868,5.3571,31.9718,21.1069,10.6383,12.5,58.7156,79.3814,69.8677,74.018,86.2213,88.7216,98.1132,94.6429,68.0282,78.8931,89.3617,87.5,3.125,6.0807,11.1526,25.0,8.8359,19.0476
Manipur,age_14_17,14,20.8333,12.7131,4.5195,2.2222,9.083,7.1429,39.2405,18.4211,21.8433,17.0469,10.274,5.9791,4.2553,1.6129,32.0057,15.0666,12.5,8.8235,60.7595,81.5789,78.1567,82.9531,89.726,94.0209,95.7447,98.3871,67.9943,84.9334,87.5,91.1765,31.25,34.1096,50.7559,48.8889,44.3689,50.0
Manipur,age_18_21,14,20.0,8.8619,3.0552,0.0,6.1723,7.1429,53.4884,22.6415,23.7903,16.9041,13.1395,6.4114,6.8966,7.1429,41.5143,14.522,12.5,8.0,46.5116,77.3585,76.2097,83.0959,86.8605,93.5886,93.1034,92.8571,58.4857,85.478,87.5,92.0,15.0,30.2322,34.5866,0.0,38.6373,21.4286
Mizoram,age_below10,15,91.6745,98.6675,98.0932,85.7143,100.0,100.0,89.1659,86.8198,75.224,75.5189,75.4933,75.2343,69.5652,94.1176,89.2909,88.6486,75.8621,76.4706,10.8341,13.1802,24.776,24.4811,24.5067,24.7657,30.4348,5.8824,10.7091,11.3514,24.1379,23.5294,0.0,0.0,0.0,0.0,0.0,0.0
Mizoram,age_10_13,15,81.6154,57.2422,55.54,100.0,61.194,44.4444,54.6473,41.7955,4.6267,4.6103,12.7295,9.8434,60.0,41.6667,44.856,47.1186,0.0,0.0,45.3527,58.2045,95.3733,95.3897,87.2705,90.1566,40.0,58.3333,55.144,52.8814,100.0,100.0,0.2411,1.9344,2.3843,0.0,2.2388,0.0
Mizoram,age_14_17,15,45.0457,13.9568,12.6496,66.6667,33.0189,50.0,53.9811,35.7938,2.9871,2.213,12.5561,10.4497,40.0,25.0,43.617,30.8559,33.3333,0.0,46.0189,64.2062,97.0129,97.787,87.4439,89.5503,60.0,75.0,56.383,69.1441,66.6667,100.0,5.4878,33.7541,37.9487,0.0,19.8113,0.0
Mizoram,age_18_21,15,30.5634,13.7686,9.8485,0.0,41.2698,,54.0453,31.199,3.0959,2.359,17.2414,22.1037,0.0,40.0,25.8824,18.4433,,33.3333,45.9547,68.801,96.9041,97.641,82.7586,77.8963,100.0,60.0,74.1176,81.5567,,66.6667,14.0845,33.9909,31.8182,50.0,19.0476,
Tripura,age_below10,16,98.597,97.3243,98.2815,86.6667,98.443,100.0,83.9394,80.2822,77.0076,74.7815,75.179,73.9589,69.3878,67.4419,78.5173,77.2564,85.7143,80.0,16.0606,19.7178,22.9924,25.2185,24.821,26.0411,30.6122,32.5581,21.4827,22.7436,14.2857,20.0,0.0,0.0,0.0,0.0,0.0,0.0
Tripura,age_10_13,16,62.4928,48.17,51.535,21.0526,64.5179,50.0,36.5342,24.9589,23.3624,16.5053,13.9232,9.6976,5.0,7.1429,18.1153,15.0395,0.0,9.0909,63.4658,75.0411,76.6376,83.4947,86.0768,90.3024,95.0,92.8571,81.8847,84.9605,100.0,90.9091,2.2029,4.1146,3.4403,0.0,1.5503,16.6667
Tripura,age_14_17,16,27.1615,15.6786,15.7273,10.5263,26.9032,0.0,39.6617,22.4707,23.417,13.0648,14.3999,8.0431,13.6364,0.0,23.5809,15.7384,16.6667,0.0,60.3383,77.5293,76.583,86.9352,85.6001,91.9569,86.3636,100.0,76.4191,84.2616,83.3333,100.0,26.4114,35.3094,35.6994,36.8421,24.6366,60.0
Tripura,age_18_21,16,24.6407,16.0912,15.7142,0.0,27.0095,0.0,53.7512,29.0909,27.8791,12.8811,18.5843,9.3503,0.0,27.2727,32.2251,17.9141,0.0,0.0,46.2488,70.9091,72.1209,87.1189,81.4157,90.6497,100.0,72.7273,67.7749,82.0859,100.0,100.0,25.9754,30.7028,28.3718,50.0,23.3156,0.0
Meghalaya,age_below10,17,96.875,95.3595,94.9274,88.2353,93.7333,96.5517,85.1163,82.4528,86.0549,86.8793,81.024,79.8886,79.5181,85.0,89.8717,89.7505,77.4319,73.7374,14.8837,17.5472,13.9451,13.1207,18.976,20.1114,20.4819,15.0,10.1283,10.2495,22.5681,26.2626,0.0,0.0,0.0,0.0,0.0,0.0
Meghalaya,age_10_13,17,47.7419,65.7381,49.3342,31.8182,61.6129,62.2222,31.4159,28.91,27.7613,31.5743,26.0401,21.931,38.8889,48.3871,53.6102,48.7336,16.6667,11.6883,68.5841,71.09,72.2387,68.4257,73.9599,78.069,61.1111,51.6129,46.3898,51.2664,83.3333,88.3117,10.9677,3.105,7.4971,18.1818,4.6774,1.1111
Meghalaya,age_14_17,17,18.6441,31.2688,17.1531,5.5556,22.9693,15.5963,18.4332,17.316,18.9543,23.7576,23.0634,18.2076,25.0,30.303,46.2561,44.1292,14.1732,21.3115,81.5668,82.684,81.0457,76.2424,76.9366,81.7924,75.0,69.697,53.7439,55.8708,85.8268,78.6885,30.5085,22.5529,33.7203,27.7778,30.2313,30.2752
Meghalaya,age_18_21,17,6.1224,25.2087,13.6824,22.2222,16.469,13.2075,16.9492,16.0256,21.7038,22.8876,27.2089,18.0475,35.7143,44.4444,53.0322,40.1322,30.2632,8.2645,83.0508,83.9744,78.2962,77.1124,72.7911,81.9525,64.2857,55.5556,46.9678,59.8678,69.7368,91.7355,27.551,22.4949,24.3967,11.1111,23.3202,30.1887
Assam,age_below10,18,95.1747,95.7667,95.4243,95.3206,96.1416,92.8717,77.4653,75.5306,82.2651,80.6295,77.3927,75.7565,68.3662,70.0367,85.8491,85.0715,68.3226,70.1156,22.5347,24.4694,17.7349,19.3705,22.6073,24.2435,31.6338,29.9633,14.1509,14.9285,31.6774,29.8844,0.0,0.0,0.0,0.0,0.0,0.0
Assam,age_10_13,18,40.6904,53.3875,35.3601,21.2911,49.0675,26.0749,20.532,17.8558,33.8357,27.8925,21.9154,15.9741,3.3917,2.6804,38.8308,36.8212,8.3863,4.0046,79.468,82.1442,66.1643,72.1075,78.0846,84.0259,96.6083,97.3196,61.1692,63.1788,91.6137,95.9954,9.0481,4.8881,10.6674,14.3828,6.0585,12.344
Assam,age_14_17,18,12.0631,20.3875,10.4692,1.0381,17.7652,4.3956,19.0324,14.4535,34.1941,26.2358,21.209,14.3493,2.2548,3.1938,37.1216,35.229,7.278,3.9642,80.9676,85.5465,65.8059,73.7642,78.791,85.6507,97.7452,96.8062,62.8784,64.771,92.722,96.0358,38.726,31.4718,43.6575,45.7901,37.7533,44.427
Assam,age_18_21,18,10.9541,17.5609,9.7272,1.432,18.097,4.1667,23.9928,13.4862,39.4083,27.7073,24.6775,14.9936,4.3379,2.5948,45.6267,35.1846,11.8644,2.7778,76.0072,86.5138,60.5917,72.2927,75.3225,85.0064,95.6621,97.4052,54.3733,64.8154,88.1356,97.2222,26.1484,27.351,27.8111,9.0692,25.7085,20.1923
West Bengal,age_below10,19,94.571,97.3747,97.8324,96.7343,97.5472,96.2138,73.073,71.384,76.425,74.5962,75.1204,73.7021,70.1842,68.6535,79.7435,79.4053,71.0509,69.7321,26.927,28.616,23.575,25.4038,24.8796,26.2979,29.8158,31.3465,20.2565,20.5947,28.9491,30.2679,0.0,0.0,0.0,0.0,0.0,0.0
West Bengal,age_10_13,19,49.4106,57.7473,51.6604,35.753,65.1107,39.7248,10.6982,8.6614,18.8865,14.2653,17.0721,10.9206,4.5008,2.6328,24.0757,23.6577,7.2458,5.2371,89.3018,91.3386,81.1135,85.7347,82.9279,89.0794,95.4992,97.3672,75.9243,76.3423,92.7542,94.7629,5.4106,3.305,3.8377,7.9632,2.0212,7.3236
West Bengal,age_14_17,19,15.2183,20.1042,17.625,4.3165,28.1338,6.0947,11.6215,7.9476,20.7339,14.3167,19.5998,11.8276,4.2794,2.741,29.1802,26.2987,7.5423,5.5097,88.3785,92.0524,79.2661,85.6833,80.4002,88.1724,95.7206,97.259,70.8198,73.7013,92.4577,94.4903,34.7609,30.0694,32.3609,46.5057,22.4292,42.6629
West Bengal,age_18_21,19,15.2961,17.4074,17.9601,4.3571,28.4252,4.1978,16.2832,9.9877,28.4894,15.9666,24.5852,13.3627,5.332,2.0739,37.6108,28.6025,8.766,4.6414,83.7168,90.0123,71.5106,84.0334,75.4148,86.6373,94.668,97.9261,62.3892,71.3975,91.234,95.3586,26.4167,26.7531,23.3009,12.1148,19.705,21.0821
Jharkhand,age_below10,20,96.6942,95.8711,95.5033,94.7644,92.1617,95.2505,81.1526,82.0,80.5841,79.668,84.1099,80.3766,70.4334,73.0035,84.4428,81.6347,71.0661,71.1318,18.8474,18.0,19.4159,20.332,15.8901,19.6234,29.5666,26.9965,15.5572,18.3653,28.9339,28.8682,0.0,0.0,0.0,0.0,0.0,0.0
Jharkhand,age_10_13,20,44.2424,45.3753,45.1373,27.5923,52.5247,32.0972,33.4677,17.5439,21.858,17.7282,38.5367,22.1711,10.1106,4.9062,37.7392,25.6756,8.1568,6.8827,66.5323,82.4561,78.142,82.2718,61.4633,77.8289,89.8894,95.0938,62.2608,74.3244,91.8432,93.1173,7.8788,8.5637,8.7964,13.7083,7.1003,12.7142
Jharkhand,age_14_17,20,9.322,10.5669,11.0627,2.9038,21.2015,3.7355,31.3953,19.1057,18.8952,12.9719,38.8451,18.6473,7.5503,2.4653,37.5948,23.4551,7.1801,5.4023,68.6047,80.8943,81.1048,87.0281,61.1549,81.3527,92.4497,97.5347,62.4052,76.5449,92.8199,94.5977,32.2034,39.9493,36.8536,42.6497,26.5819,41.2231
Jharkhand,age_18_21,20,5.9701,7.0122,8.8444,0.9709,18.6553,2.3179,30.9278,13.4454,21.2504,12.9286,48.3557,18.6845,6.9277,3.1447,45.4135,22.8753,8.7062,3.4816,69.0722,86.5546,78.7496,87.0714,51.6443,81.3155,93.0723,96.8553,54.5865,77.1247,91.2938,96.5184,16.4179,27.7738,20.6236,13.9159,16.0566,14.7682
State - ORISSA  21,age_below10,21,94.9612,96.9976,96.6765,96.2264,95.8203,97.2222,73.2365,75.8974,82.5932,79.3297,78.919,76.5731,69.8435,71.4834,76.6941,75.0643,70.1807,69.8558,26.7635,24.1026,17.4068,20.6703,21.081,23.4269,30.1565,28.5166,23.3059,24.9357,29.8193,30.1442,0.0,0.0,0.0,0.0,0.0,0.0
State - ORISSA  21,age_10_13,21,38.6861,40.2157,34.8714,18.883,36.3115,32.3029,10.0656,6.0484,33.3109,20.0544,25.8003,15.1173,2.8424,2.1978,19.964,15.5135,3.7202,3.8667,89.9344,93.9516,66.6891,79.9456,74.1997,84.8827,97.1576,97.8022,80.036,84.4865,96.2798,96.1333,7.056,7.4661,8.83,15.9574,9.6189,8.6553
State - ORISSA  21,age_14_17,21,11.9632,11.8962,11.6395,1.0582,12.2759,2.2767,13.5279,5.6604,35.1481,19.6576,27.9848,14.3212,2.8278,1.3736,21.6465,14.6112,5.7756,2.2255,86.4721,94.3396,64.8519,80.3424,72.0152,85.6788,97.1722,98.6264,78.3535,85.3888,94.2244,97.7745,33.4356,38.6639,37.3771,40.2116,35.0211,43.0823
State - ORISSA  21,age_18_21,21,9.1503,10.964,12.0987,1.4706,12.4339,2.5974,14.0449,11.1702,41.6712,21.4056,31.3956,14.7525,1.9231,1.9608,23.32,15.0693,4.3478,2.7431,85.9551,88.8298,58.3288,78.5944,68.6044,85.2475,98.0769,98.0392,76.68,84.9307,95.6522,97.2569,17.6471,22.3935,19.2425,8.3333,18.7947,10.7143
Chhattisgarh,age_below10,22,98.4154,98.4716,98.475,98.1329,96.9862,97.9118,71.5367,72.4384,74.9018,74.6871,78.3331,76.7197,70.6166,70.3599,73.6069,73.2213,70.6952,71.5971,28.4633,27.5616,25.0982,25.3129,21.6669,23.2803,29.3834,29.6401,26.3931,26.7787,29.3048,28.4029,0.0,0.0,0.0,0.0,0.0,0.0
Chhattisgarh,age_10_13,22,40.2788,43.7101,53.1511,25.5461,41.3378,33.894,2.6783,2.0171,7.0172,4.3181,17.7692,9.4374,1.1268,0.7155,6.9167,4.6502,4.2032,3.0868,97.3217,97.9829,92.9828,95.6819,82.2308,90.5626,98.8732,99.2845,93.0833,95.3498,95.7968,96.9132,4.4675,3.8913,2.3791,10.7312,5.7195,7.4954
Chhattisgarh,age_14_17,22,5.5288,6.2223,15.1281,1.0345,8.0711,3.3456,3.0303,2.3165,7.7637,4.5205,22.7065,10.3421,1.0721,0.4715,8.1657,4.7834,4.4072,2.9504,96.9697,97.6835,92.2363,95.4795,77.2935,89.6579,98.9279,99.5285,91.8343,95.2166,95.5928,97.0496,39.0625,42.2425,29.3109,40.9852,37.0727,41.5749
Chhattisgarh,age_18_21,22,4.5455,5.3022,14.4135,0.999,8.0328,2.7295,4.3478,2.4642,11.9044,6.5188,30.8955,11.6324,1.5733,1.0027,11.2126,5.9202,3.6653,3.3613,95.6522,97.5358,88.0956,93.4812,69.1045,88.3676,98.4267,98.9973,88.7874,94.0798,96.3347,96.6387,28.4512,26.905,23.8903,7.4925,24.6973,13.8131
Madhya Pradesh,age_below10,23,98.0829,97.385,97.7759,96.2736,96.8177,97.1244,74.2683,73.2603,75.4036,74.706,79.7536,77.5508,69.6182,69.9815,76.9595,75.9069,72.4207,72.4247,25.7317,26.7397,24.5964,25.294,20.2464,22.4492,30.3818,30.0185,23.0405,24.0931,27.5793,27.5753,0.0,0.0,0.0,0.0,0.0,0.0
Madhya Pradesh,age_10_13,23,46.4515,40.3035,55.6412,25.4186,51.1774,38.3747,8.0804,5.3058,13.1521,8.721,22.8193,12.2664,1.3152,0.9285,16.452,12.0288,9.6627,5.2646,91.9196,94.6942,86.8479,91.279,77.1807,87.7336,98.6848,99.0715,83.548,87.9712,90.3373,94.7354,3.9558,6.3259,3.3515,13.1364,4.8014,8.3174
Madhya Pradesh,age_14_17,23,8.5467,5.9154,17.022,1.18,14.895,7.8175,9.0616,5.7553,10.8869,7.3244,27.6703,13.2256,0.9567,0.7224,19.4525,13.9276,11.3456,6.0116,90.9384,94.2447,89.1131,92.6756,72.3297,86.7744,99.0433,99.2776,80.5475,86.0724,88.6544,93.9884,37.0487,40.0562,29.8523,40.5925,30.6801,35.8532
Madhya Pradesh,age_18_21,23,6.9644,3.7926,14.4373,0.8532,11.7516,6.6331,12.4968,6.6312,12.9091,7.2111,37.638,14.5376,0.9051,0.6713,24.626,15.5512,14.0383,7.2533,87.5032,93.3688,87.0909,92.7889,62.362,85.4624,99.0949,99.3287,75.374,84.4488,85.9617,92.7467,27.2113,15.4141,22.2033,10.1777,24.1847,13.0563
Gujarat,age_below10,24,97.5728,98.0406,98.1013,97.693,97.7452,97.8175,79.7144,78.3652,73.4284,72.4241,76.4715,74.5612,68.5586,69.7073,75.6796,74.6471,73.3615,74.2754,20.2856,21.6348,26.5716,27.5759,23.5285,25.4388,31.4414,30.2927,24.3204,25.3529,26.6385,25.7246,0.0,0.0,0.0,0.0,0.0,0.0
Gujarat,age_10_13,24,41.7549,31.5153,38.9011,23.0669,40.1066,36.606,17.4782,11.5906,10.4675,6.4745,18.5688,9.602,1.2411,0.8994,14.9353,9.8194,12.4644,8.7864,82.5218,88.4094,89.5325,93.5255,81.4312,90.398,98.7589,99.1006,85.0647,90.1806,87.5356,91.2136,6.354,9.1577,6.8337,13.7383,5.604,8.8427
Gujarat,age_14_17,24,13.4228,6.7205,12.2304,1.4074,13.7836,7.1529,22.931,15.8708,10.575,7.0491,21.1035,10.7354,1.0137,0.6647,17.6322,11.0525,10.0883,8.4015,77.069,84.1292,89.425,92.9509,78.8965,89.2646,98.9863,99.3353,82.3678,88.9475,89.9117,91.5985,29.5302,39.2892,34.0015,39.1928,27.5703,36.0449
Gujarat,age_18_21,24,15.7447,6.9834,11.6578,1.3721,13.7136,6.6971,22.6974,14.3805,14.7428,6.8457,26.0998,11.9086,1.3535,0.8332,21.787,12.2094,14.5644,8.0594,77.3026,85.6195,85.2572,93.1543,73.9002,88.0914,98.6465,99.1668,78.213,87.7906,85.4356,91.9406,23.8298,15.4632,17.8073,6.5423,18.4232,10.1979
Daman & Diu,age_below10,25,,100.0,98.4503,100.0,98.2079,100.0,100.0,91.6667,76.7442,72.2892,74.1822,73.8884,69.5652,78.9474,73.6295,74.4374,66.6667,71.4286,0.0,8.3333,23.2558,27.7108,25.8178,26.1116,30.4348,21.0526,26.3705,25.5626,33.3333,28.5714,,0.0,0.0,0.0,0.0,0.0
Daman & Diu,age_10_13,25,0.0,23.8532,28.5842,28.5714,41.1483,33.3333,33.3333,0.0,3.5398,3.8835,6.9603,4.5582,0.0,0.0,6.4877,3.9623,0.0,0.0,66.6667,100.0,96.4602,96.1165,93.0397,95.4418,100.0,100.0,93.5123,96.0377,100.0,100.0,0.0,16.5138,8.5753,0.0,8.3732,33.3333
Daman & Diu,age_14_17,25,0.0,1.2346,5.8252,0.0,6.0,0.0,0.0,0.0,6.8966,3.0303,12.7498,8.462,0.0,0.0,11.8388,9.2632,0.0,0.0,100.0,100.0,93.1034,96.9697,87.2502,91.538,100.0,100.0,88.1612,90.7368,100.0,100.0,0.0,48.1481,42.9674,50.0,43.7143,75.0
Daman & Diu,age_18_21,25,0.0,4.2553,6.817,0.0,6.0109,,0.0,11.1111,7.8431,10.1449,19.778,12.0014,0.0,0.0,16.055,17.8899,,0.0,100.0,88.8889,92.1569,89.8551,80.222,87.9986,100.0,100.0,83.945,82.1101,,100.0,0.0,14.8936,25.2178,14.2857,19.1257,
Dadra & Nagar Haveli,age_below10,26,100.0,97.973,97.7562,100.0,96.6102,100.0,90.3846,83.3333,81.5461,76.1733,83.0816,79.9623,77.1429,70.5263,75.4508,76.8,66.6667,66.6667,9.6154,16.6667,18.4539,23.8267,16.9184,20.0377,22.8571,29.4737,24.5492,23.2,33.3333,33.3333,0.0,0.0,0.0,0.0,0.0,0.0
Dadra & Nagar Haveli,age_10_13,26,50.0,36.7816,39.6731,11.5385,30.916,,57.1429,23.0769,29.8387,11.7216,35.5364,15.2327,3.7037,2.8571,6.4286,6.1151,,0.0,42.8571,76.9231,70.1613,88.2784,64.4636,84.7673,96.2963,97.1429,93.5714,93.8849,,100.0,0.0,5.1724,6.5379,19.2308,6.4885,
Dadra & Nagar Haveli,age_14_17,26,0.0,13.7931,14.4641,0.0,10.0629,,33.3333,28.5714,29.8387,9.1873,48.8553,20.6647,0.0,0.0,11.6667,13.0612,,0.0,66.6667,71.4286,70.1613,90.8127,51.1447,79.3353,100.0,100.0,88.3333,86.9388,,100.0,50.0,33.908,34.3179,41.6667,36.478,
Dadra & Nagar Haveli,age_18_21,26,0.0,10.3448,13.723,0.0,7.4627,,36.3636,14.2857,38.9474,12.3894,54.5481,19.5409,0.0,0.0,11.8421,24.5614,,0.0,63.6364,85.7143,61.0526,87.6106,45.4519,80.4591,100.0,100.0,88.1579,75.4386,,100.0,14.2857,44.8276,22.1728,16.6667,20.8955,
Maharashtra,age_below10,27,97.4943,96.9991,97.5395,97.0898,96.3607,96.4441,72.9893,72.9583,71.0763,70.976,73.457,73.3444,69.877,70.2788,73.1559,73.1657,71.426,72.3,27.0107,27.0417,28.9237,29.024,26.543,26.6556,30.123,29.7212,26.8441,26.8343,28.574,27.7,0.0,0.0,0.0,0.0,0.0,0.0
Maharashtra,age_10_13,27,34.1689,25.8629,33.6013,22.5872,34.9383,29.1667,4.4887,2.7496,3.2013,2.4924,6.5098,4.0346,1.0651,0.8656,7.087,6.2202,4.8327,4.1157,95.5113,97.2504,96.7987,97.5076,93.4902,95.9654,98.9349,99.1344,92.913,93.7798,95.1673,95.8843,6.0467,10.0495,6.4575,11.8996,7.1928,9.4401
Maharashtra,age_14_17,27,6.5611,3.6921,7.4939,1.3084,9.376,3.9412,5.5174,3.1586,4.0385,2.8073,8.5974,4.9479,0.9505,0.7457,9.6541,8.6832,4.9217,3.9466,94.4826,96.8414,95.9615,97.1927,91.4026,95.0521,99.0495,99.2543,90.3459,91.3168,95.0783,96.0534,43.983,40.7817,40.7075,41.308,35.2471,40.7941
Maharashtra,age_18_21,27,7.9633,3.854,8.649,1.5495,10.2407,4.2992,9.8764,3.8323,5.9525,3.2134,14.3479,5.9767,1.1755,0.8201,14.6954,11.073,7.6923,4.7593,90.1236,96.1677,94.0475,96.7866,85.6521,94.0233,98.8245,99.1799,85.3046,88.927,92.3077,95.2407,25.6233,12.6364,19.8106,6.5263,19.0486,10.5418
Andhra Pradesh,age_below10,28,95.4724,95.3748,95.7314,93.968,93.8707,93.9439,74.3434,73.4745,70.9283,70.4695,72.2477,70.8189,68.9494,69.2536,72.3357,72.1061,74.4913,75.2798,25.6566,26.5255,29.0717,29.5305,27.7523,29.1811,31.0506,30.7464,27.6643,27.8939,25.5087,24.7202,0.0,0.0,0.0,0.0,0.0,0.0
Andhra Pradesh,age_10_13,28,41.4696,25.4584,29.5375,18.985,29.6026,27.5754,24.2482,13.5851,11.3847,7.6146,19.2499,10.5463,4.0865,2.7057,15.9502,12.771,16.6522,15.2457,75.7518,86.4149,88.6153,92.3854,80.7501,89.4537,95.9135,97.2943,84.0498,87.229,83.3478,84.7543,6.5878,12.6479,10.0836,16.9799,10.7891,13.3195
Andhra Pradesh,age_14_17,28,15.5433,6.6594,9.9692,1.4815,7.9206,3.5032,30.4306,17.2144,14.0244,10.3219,25.7551,14.7507,2.8194,1.7042,19.5068,15.0043,19.5559,13.212,69.5694,82.7856,85.9756,89.6781,74.2449,85.2493,97.1806,98.2958,80.4932,84.9957,80.4441,86.788,28.0605,32.0661,29.7196,35.8025,27.6471,36.3057
Andhra Pradesh,age_18_21,28,9.6953,7.3088,10.5632,0.8037,7.4217,3.3175,41.868,17.9331,19.1443,11.8118,35.5724,17.584,3.4368,2.7322,25.0963,16.0264,24.1007,12.5967,58.132,82.0669,80.8557,88.1882,64.4276,82.416,96.5632,97.2678,74.9037,83.9736,75.8993,87.4033,12.4654,8.5618,9.9497,3.2147,9.1752,8.0569
Karnataka,age_below10,29,97.3559,97.2892,97.699,97.8558,96.8381,97.8102,76.5314,75.0905,72.0019,72.0647,73.9935,73.3655,71.5358,71.5234,73.0898,73.33,77.1094,75.7796,23.4686,24.9095,27.9981,27.9353,26.0065,26.6345,28.4642,28.4766,26.9102,26.67,22.8906,24.2204,0.0,0.0,0.0,0.0,0.0,0.0
Karnataka,age_10_13,29,38.3396,28.8398,35.9294,32.654,36.9051,33.1224,21.8803,12.9917,5.2869,4.4155,15.6867,9.1852,2.5997,1.6439,13.4934,11.2102,12.5461,10.3161,78.1197,87.0083,94.7131,95.5845,84.3133,90.8148,97.4003,98.3561,86.5066,88.7898,87.4539,89.6839,5.7241,8.7299,6.0902,6.4488,6.4448,9.4937
Karnataka,age_14_17,29,9.3213,3.2802,8.5764,2.9002,10.7819,6.5963,26.7194,14.5077,5.5644,4.586,19.2502,11.786,3.5847,2.7453,17.5782,14.9117,11.4486,10.2467,73.2806,85.4923,94.4356,95.414,80.7498,88.214,96.4153,97.2547,82.4218,85.0883,88.5514,89.7533,36.8185,41.6592,37.8148,42.0794,30.0381,35.8839
Karnataka,age_18_21,29,8.227,3.4996,9.0937,3.9144,11.1377,4.5627,37.2695,17.3296,6.6247,5.5145,25.8068,14.7385,5.8501,3.9868,22.1131,17.0247,12.6246,7.6923,62.7305,82.6704,93.3753,94.4855,74.1932,85.2615,94.1499,96.0132,77.8869,82.9753,87.3754,92.3077,18.0036,10.8446,16.1986,10.4336,13.5672,4.5627
Goa,age_below10,30,92.8571,94.6922,96.3685,94.7368,96.6797,96.0,75.4386,72.7273,70.3653,71.0322,72.6347,72.3419,64.8148,79.2208,74.0022,73.5993,66.6667,73.5294,24.5614,27.2727,29.6347,28.9678,27.3653,27.6581,35.1852,20.7792,25.9978,26.4007,33.3333,26.4706,0.0,0.0,0.0,0.0,0.0,0.0
Goa,age_10_13,30,20.0,17.5467,27.5453,19.4444,34.2781,25.9259,9.0909,20.8333,2.1081,1.7491,6.0445,3.4786,2.7027,0.0,9.988,8.1377,0.0,2.5641,90.9091,79.1667,97.8919,98.2509,93.9555,96.5214,97.2973,100.0,90.012,91.8623,100.0,97.4359,5.0,16.7198,11.058,25.0,8.8503,14.8148
Goa,age_14_17,30,0.0,2.12,5.2611,0.0,9.1329,0.0,0.0,12.5,2.7032,1.2619,6.0223,4.089,4.5455,13.6364,12.7696,12.3933,0.0,3.5714,100.0,87.5,97.2968,98.7381,93.9777,95.911,95.4545,86.3636,87.2304,87.6067,100.0,96.4286,63.1579,42.6398,42.0124,42.8571,35.6413,52.6316
Goa,age_18_21,30,0.0,3.1459,6.6129,0.0,10.1887,0.0,7.6923,0.0,3.4922,1.7335,9.1722,6.2528,0.0,0.0,18.8361,16.909,11.7647,6.6667,92.3077,100.0,96.5078,98.2665,90.8278,93.7472,100.0,100.0,81.1639,83.091,88.2353,93.3333,33.3333,14.5069,21.6552,20.0,17.7987,6.6667
Lakshadweep,age_below10,31,,100.0,100.0,,98.4808,,,,80.0,80.0,70.0,66.6667,,,76.0557,75.8111,,,,,20.0,20.0,30.0,33.3333,,,23.9443,24.1889,,,,0.0,0.0,,0.0,
Lakshadweep,age_10_13,31,,100.0,9.5238,,39.5441,,,,0.0,0.0,2.3256,0.0,,,2.9153,2.0342,,,,,100.0,100.0,97.6744,100.0,,,97.0847,97.9658,,,,0.0,9.5238,,3.4732,
Lakshadweep,age_14_17,31,,16.6667,0.0,,6.3089,,,,0.0,6.25,2.0,1.3699,,,3.2501,1.8904,,,,,100.0,93.75,98.0,98.6301,,,96.7499,98.1096,,,,50.0,42.8571,,46.9889,
Lakshadweep,age_18_21,31,,0.0,12.5,,7.9966,,,,0.0,13.3333,0.0,2.7027,,,3.0833,3.0645,,,,,100.0,86.6667,100.0,97.2973,,,96.9167,96.9355,,,,0.0,25.0,,47.0335,
Kerala,age_below10,32,100.0,98.0529,97.7893,100.0,98.0739,94.7368,81.1321,73.743,73.698,73.8274,73.9655,74.1857,70.7904,73.3333,73.913,74.1371,70.0,70.4545,18.8679,26.257,26.302,26.1726,26.0345,25.8143,29.2096,26.6667,26.087,25.8629,30.0,29.5455,0.0,0.0,0.0,0.0,0.0,0.0
Kerala,age_10_13,32,19.3548,22.1855,21.9789,27.2727,26.2266,25.0,0.0,0.0,0.9695,0.9853,1.4711,1.3563,1.3793,1.4184,1.195,1.1366,1.2987,3.1579,100.0,100.0,99.0305,99.0147,98.5289,98.6437,98.6207,98.5816,98.805,98.8634,98.7013,96.8421,6.4516,9.9547,10.2981,9.0909,8.0581,14.4737
Kerala,age_14_17,32,1.5625,0.982,1.5077,1.3514,1.2995,3.1915,0.0,1.2821,0.9491,0.9296,1.5014,1.2548,2.6316,0.0,1.0846,0.8731,0.0,2.2222,100.0,98.7179,99.0509,99.0704,98.4986,98.7452,97.3684,100.0,98.9154,99.1269,100.0,97.7778,53.125,47.9,50.8887,51.3514,57.6593,45.7447
Kerala,age_18_21,32,0.0,1.0377,1.8861,3.75,1.7926,6.25,5.5556,2.7778,1.2075,1.3088,2.1439,1.5439,1.2346,0.0,1.3657,1.037,0.0,1.5873,94.4444,97.2222,98.7925,98.6912,97.8561,98.4561,98.7654,100.0,98.6343,98.963,100.0,98.4127,38.2353,16.6621,26.5526,21.25,43.6257,12.5
Tamil Nadu,age_below10,33,94.2623,93.65,93.3978,92.4385,92.7655,91.6667,72.949,72.1116,72.5799,72.6589,72.4836,72.3232,72.4839,72.9984,73.1956,73.2999,72.2543,76.1394,27.051,27.8884,27.4201,27.3411,27.5164,27.6768,27.5161,27.0016,26.8044,26.7001,27.7457,23.8606,0.0,0.0,0.0,0.0,0.0,0.0
Tamil Nadu,age_10_13,33,17.6471,17.7185,18.8805,16.0547,20.9844,19.0265,5.5556,3.0568,3.2125,2.6294,7.0934,4.5604,3.2056,3.1347,5.9145,4.6143,10.3175,7.3171,94.4444,96.9432,96.7875,97.3706,92.9066,95.4396,96.7944,96.8653,94.0855,95.3857,89.6825,92.6829,14.2157,14.7993,13.183,18.4305,13.2441,15.9292
Tamil Nadu,age_14_17,33,1.7647,3.906,5.5766,2.5696,5.2835,4.0909,8.1081,2.9915,3.6538,2.639,10.0355,5.7067,2.5052,2.3755,7.0773,4.8496,7.173,6.5868,91.8919,97.0085,96.3462,97.361,89.9645,94.2933,97.4948,97.6245,92.9227,95.1504,92.827,93.4132,44.7059,38.8874,38.8183,36.1884,37.0235,36.8182
Tamil Nadu,age_18_21,33,1.0753,4.3039,5.9305,2.3537,5.6179,2.1898,7.9208,0.0,5.3322,3.4745,15.0269,7.248,2.9373,1.7493,9.5643,5.3235,9.8684,6.4655,92.0792,100.0,94.6678,96.5255,84.9731,92.752,97.0627,98.2507,90.4357,94.6765,90.1316,93.5345,8.6022,17.168,21.4425,7.5319,23.8351,20.438
State - PONDICHERRY  34,age_below10,34,100.0,96.5178,96.9146,100.0,96.1969,,40.0,80.0,74.708,74.9215,74.9513,74.4359,67.6471,73.3333,75.2811,75.2882,100.0,80.0,60.0,20.0,25.292,25.0785,25.0487,25.5641,32.3529,26.6667,24.7189,24.7118,0.0,20.0,0.0,0.0,0.0,0.0,0.0,
State - PONDICHERRY  34,age_10_13,34,50.0,23.1209,22.258,27.5862,24.5832,0.0,0.0,,2.9342,2.5735,3.7631,3.2733,0.0,2.9412,4.2179,3.271,25.0,0.0,100.0,,97.0658,97.4265,96.2369,96.7267,100.0,97.0588,95.7821,96.729,75.0,100.0,0.0,9.518,9.4325,6.8966,9.5767,0.0
State - PONDICHERRY  34,age_14_17,34,0.0,2.7157,2.8177,0.0,2.8147,0.0,0.0,0.0,2.7573,1.8586,4.2208,3.0157,0.0,0.0,2.5152,1.9067,0.0,0.0,100.0,100.0,97.2427,98.1414,95.7792,96.9843,100.0,100.0,97.4848,98.0933,100.0,100.0,66.6667,45.4473,45.5881,28.5714,44.3706,50.0
State - PONDICHERRY  34,age_18_21,34,0.0,3.0199,3.1308,0.0,3.9099,,0.0,0.0,4.459,2.4096,7.6328,3.7313,0.0,0.0,4.6144,2.7778,,0.0,100.0,100.0,95.541,97.5904,92.3672,96.2687,100.0,100.0,95.3856,97.2222,,100.0,0.0,21.3452,25.3965,11.7647,27.3028,
Andaman & Nicobar Islands,age_below10,35,100.0,96.6452,97.7328,100.0,96.9739,100.0,75.0,82.3529,77.4085,76.0665,72.5042,72.7413,50.0,66.6667,70.1437,70.3106,70.3704,71.5232,25.0,17.6471,22.5915,23.9335,27.4958,27.2587,50.0,33.3333,29.8563,29.6894,29.6296,28.4768,0.0,0.0,0.0,0.0,0.0,0.0
Andaman & Nicobar Islands,age_10_13,35,27.2727,39.2585,40.3737,0.0,30.7377,30.0,0.0,0.0,8.8413,7.7738,6.0036,4.0807,0.0,0.0,2.0867,2.617,3.8462,0.0,100.0,100.0,91.1587,92.2262,93.9964,95.9193,100.0,100.0,97.9133,97.383,96.1538,100.0,9.0909,5.859,5.9809,100.0,8.8525,6.0
Andaman & Nicobar Islands,age_14_17,35,0.0,6.8484,6.5986,0.0,2.3274,0.0,0.0,20.0,5.7349,4.9014,5.5237,3.2276,0.0,,1.1111,3.2695,0.0,0.0,100.0,80.0,94.2651,95.0986,94.4763,96.7724,100.0,,98.8889,96.7305,100.0,100.0,0.0,43.7168,42.801,50.0,50.1605,47.3684
Andaman & Nicobar Islands,age_18_21,35,20.0,5.3045,6.6986,,1.7036,0.0,16.6667,11.1111,9.2692,6.6841,8.2602,5.2864,,,2.9752,4.439,0.0,0.0,83.3333,88.8889,90.7308,93.3159,91.7398,94.7136,,,97.0248,95.561,100.0,100.0,0.0,40.6025,35.1892,,33.0494,37.5
