state_name,age_bracket,state_code,Illiteracy_rate_buddhist_male,Illiteracy_rate_christian_male,Illiteracy_rate_hindu_male,Illiteracy_rate_jain_male,Illiteracy_rate_muslim_male,Illiteracy_rate_sikh_male,Literacy_rate_buddhist_male,Literacy_rate_christian_male,Literacy_rate_hindu_male,Literacy_rate_jain_male,Literacy_rate_muslim_male,Literacy_rate_sikh_male
INDIA,age_below10,00,74.0724,76.5939,76.2442,70.2542,79.8965,72.3616,25.9276,23.4061,23.7558,29.7458,20.1035,27.6384
INDIA,age_10_13,00,5.9207,12.3293,12.784,1.2856,23.3147,8.6647,94.0793,87.6707,87.216,98.7144,76.6853,91.3353
INDIA,age_14_17,00,5.94,10.0532,12.6788,1.1583,23.6582,10.3962,94.06,89.9468,87.3212,98.8417,76.3418,89.6038
INDIA,age_18_21,00,6.9654,10.4613,14.1549,1.4531,24.7876,13.1542,93.0346,89.5387,85.8451,98.5469,75.2124,86.8458
INDIA,age_22_25,00,7.5561,10.4117,15.5611,1.4003,25.5952,15.7267,92.4439,89.5883,84.4389,98.5997,74.4048,84.2733
INDIA,age_26_29,00,10.0698,12.1637,19.927,1.6687,30.0103,20.4465,89.9302,87.8363,80.073,98.3313,69.9897,79.5535
INDIA,age_30_33,00,14.4845,13.5382,24.2771,1.8894,34.6324,24.6443,85.5155,86.4618,75.7229,98.1106,65.3676,75.3557
INDIA,age_34_plus,00,30.3342,19.1667,34.5568,3.2727,42.1041,38.9361,69.6658,80.8333,65.4432,96.7273,57.8959,61.0639
Jammu & Kashmir,age_below10,01,75.4902,76.3214,75.189,74.5455,79.3189,69.7962,24.5098,23.6786,24.811,25.4545,20.6811,30.2038
Jammu & Kashmir,age_10_13,01,12.3551,16.1168,9.4045,5.6075,25.6327,3.7053,87.6449,83.8832,90.5955,94.3925,74.3673,96.2947
Jammu & Kashmir,age_14_17,01,10.7292,16.3328,8.5919,4.1667,23.6939,3.4762,89.2708,83.6672,91.4081,95.8333,76.3061,96.5238
Jammu & Kashmir,age_18_21,01,11.4878,16.9399,10.4809,6.25,27.9844,4.6684,88.5122,83.0601,89.5191,93.75,72.0156,95.3316
Jammu & Kashmir,age_22_25,01,16.0307,13.2911,10.4572,10.2941,31.6342,4.3361,83.9693,86.7089,89.5428,89.7059,68.3658,95.6639
Jammu & Kashmir,age_26_29,01,20.5182,12.0347,11.7266,6.3063,37.1454,4.1104,79.4818,87.9653,88.2734,93.6937,62.8546,95.8896
Jammu & Kashmir,age_30_33,01,26.0405,9.5051,13.5227,9.7087,43.0619,4.5849,73.9595,90.4949,86.4773,90.2913,56.9381,95.4151
Jammu & Kashmir,age_34_plus,01,49.2274,23.4236,30.4747,11.6412,59.0546,13.0507,50.7726,76.5764,69.5253,88.3588,40.9454,86.9493
Himachal Pradesh,age_below10,02,67.9565,74.9656,70.0305,72.4409,74.9469,68.288,32.0435,25.0344,29.9695,27.5591,25.0531,31.712
Himachal Pradesh,age_10_13,02,2.5195,7.047,1.9514,0.0,11.4723,2.0694,97.4805,92.953,98.0486,100.0,88.5277,97.9306
Himachal Pradesh,age_14_17,02,3.635,10.7884,2.6275,0.0,16.5655,2.9324,96.365,89.2116,97.3725,100.0,83.4345,97.0676
Himachal Pradesh,age_18_21,02,6.7916,11.1675,4.5158,6.25,25.9016,3.338,93.2084,88.8325,95.4842,93.75,74.0984,96.662
Himachal Pradesh,age_22_25,02,8.0943,13.6201,5.3902,3.0303,27.0772,4.2989,91.9057,86.3799,94.6098,96.9697,72.9228,95.7011
Himachal Pradesh,age_26_29,02,11.3235,13.9216,7.4509,0.0,31.4346,4.6823,88.6765,86.0784,92.5491,100.0,68.5654,95.3177
Himachal Pradesh,age_30_33,02,12.6139,15.641,10.2634,3.125,35.3372,6.386,87.3861,84.359,89.7366,96.875,64.6628,93.614
Himachal Pradesh,age_34_plus,02,34.69,17.8849,28.1072,2.4561,55.1596,20.0475,65.31,82.1151,71.8928,97.5439,44.8404,79.9525
Punjab,age_below10,03,72.4847,76.5267,73.1114,69.1738,78.0309,72.3116,27.5153,23.4733,26.8886,30.8262,21.9691,27.6884
Punjab,age_10_13,03,7.4127,19.0086,9.4844,2.3159,22.9249,9.1248,92.5873,80.9914,90.5156,97.6841,77.0751,90.8752
Punjab,age_14_17,03,7.2989,22.4828,11.0891,1.9512,28.8282,11.1243,92.7011,77.5172,88.9109,98.0488,71.1718,88.8757
Punjab,age_18_21,03,10.8108,27.4324,14.3986,2.1713,33.9574,14.2264,89.1892,72.5676,85.6014,97.8287,66.0426,85.7736
Punjab,age_22_25,03,11.9409,31.5618,15.1787,1.8576,35.6171,17.2857,88.0591,68.4382,84.8213,98.1424,64.3829,82.7143
Punjab,age_26_29,03,13.5294,38.8588,17.9598,2.0382,40.4808,22.6611,86.4706,61.1412,82.0402,97.9618,59.5192,77.3389
Punjab,age_30_33,03,17.2653,42.9727,20.1107,1.7391,43.7168,27.4493,82.7347,57.0273,79.8893,98.2609,56.2832,72.5507
Punjab,age_34_plus,03,34.5197,56.4884,28.462,2.5274,62.937,43.0986,65.4803,43.5116,71.538,97.4726,37.063,56.9014
Chandigarh,age_below10,04,71.5909,73.6686,73.3208,66.8342,75.5752,65.8814,28.4091,26.3314,26.6792,33.1658,24.4248,34.1186
Chandigarh,age_10_13,04,7.4074,7.837,8.1195,0.0,16.1514,2.3623,92.5926,92.163,91.8805,100.0,83.8486,97.6377
Chandigarh,age_14_17,04,2.7397,5.7971,9.7913,0.0,21.2329,1.7753,97.2603,94.2029,90.2087,100.0,78.7671,98.2247
Chandigarh,age_18_21,04,2.0833,10.7527,12.8746,0.0,28.1879,2.4421,97.9167,89.2473,87.1254,100.0,71.8121,97.5579
Chandigarh,age_22_25,04,2.8902,6.7538,12.2582,2.8169,27.6943,2.3511,97.1098,93.2462,87.7418,97.1831,72.3057,97.6489
Chandigarh,age_26_29,04,8.1395,6.5217,15.0619,2.1053,30.7073,3.0491,91.8605,93.4783,84.9381,97.8947,69.2927,96.9509
Chandigarh,age_30_33,04,12.0,6.7332,17.6043,1.1236,36.5395,3.7132,88.0,93.2668,82.3957,98.8764,63.4605,96.2868
Chandigarh,age_34_plus,04,6.993,9.7852,18.3953,1.6187,46.0595,7.3399,93.007,90.2148,81.6047,98.3813,53.9405,92.6601
State - UTTARANCHAL  05,age_below10,05,66.7996,69.2685,72.9161,70.6612,79.6943,72.7389,33.2004,30.7315,27.0839,29.3388,20.3057,27.2611
State - UTTARANCHAL  05,age_10_13,05,3.6295,4.5296,3.9792,1.0929,22.1942,7.7108,96.3705,95.4704,96.0208,98.9071,77.8058,92.2892
State - UTTARANCHAL  05,age_14_17,05,2.9377,4.6904,4.3481,1.2788,27.3151,9.052,97.0623,95.3096,95.6519,98.7212,72.6849,90.948
State - UTTARANCHAL  05,age_18_21,05,3.3333,6.9272,6.6278,0.0,31.3807,10.4457,96.6667,93.0728,93.3722,100.0,68.6193,89.5543
State - UTTARANCHAL  05,age_22_25,05,7.5314,8.2481,8.2946,1.3274,34.1069,11.8371,92.4686,91.7519,91.7054,98.6726,65.8931,88.1629
State - UTTARANCHAL  05,age_26_29,05,7.799,7.3338,10.9105,0.9231,40.5027,15.5505,92.201,92.6662,89.0895,99.0769,59.4973,84.4495
State - UTTARANCHAL  05,age_30_33,05,9.6847,8.6111,12.8395,1.4577,46.2322,18.8482,90.3153,91.3889,87.1605,98.5423,53.7678,81.1518
State - UTTARANCHAL  05,age_34_plus,05,40.3855,12.7402,22.4206,1.9918,57.9997,29.5071,59.6145,87.2598,77.5794,98.0082,42.0003,70.4929
Haryana,age_below10,06,75.082,73.0996,73.6633,69.6633,83.6734,72.6921,24.918,26.9004,26.3367,30.3367,16.3266,27.3079
Haryana,age_10_13,06,7.4742,5.6465,6.4099,1.3765,24.9094,7.6731,92.5258,94.3535,93.5901,98.6235,75.0906,92.3269
Haryana,age_14_17,06,11.9186,6.3126,7.4109,0.7031,28.1434,9.5921,88.0814,93.6874,92.5891,99.2969,71.8566,90.4079
Haryana,age_18_21,06,27.1654,8.8015,9.8925,1.4226,31.7981,12.8927,72.8346,91.1985,90.1075,98.5774,68.2019,87.1073
Haryana,age_22_25,06,17.3611,7.385,11.7902,1.0492,34.4482,15.6387,82.6389,92.615,88.2098,98.9508,65.5518,84.3613
Haryana,age_26_29,06,19.5335,9.589,16.0458,1.8085,40.1852,20.9435,80.4665,90.411,83.9542,98.1915,59.8148,79.0565
Haryana,age_30_33,06,20.4778,10.3741,20.894,2.1739,48.7938,26.5129,79.5222,89.6259,79.106,97.8261,51.2062,73.4871
Haryana,age_34_plus,06,35.9841,15.8992,34.7804,3.1734,65.6765,39.6012,64.0159,84.1008,65.2196,96.8266,34.3235,60.3988
State - DELHI  07,age_below10,07,70.7901,72.5665,72.8131,69.9035,77.163,70.0569,29.2099,27.4335,27.1869,30.0965,22.837,29.9431
State - DELHI  07,age_10_13,07,4.1627,2.7003,5.5993,1.0174,16.7987,3.0348,95.8373,97.2997,94.4007,98.9826,83.2013,96.9652
State - DELHI  07,age_14_17,07,5.8423,2.844,6.9465,0.9694,20.7145,3.3023,94.1577,97.156,93.0535,99.0306,79.2855,96.6977
State - DELHI  07,age_18_21,07,5.638,4.0465,9.2636,1.6076,24.5456,3.6491,94.362,95.9535,90.7364,98.3924,75.4544,96.3509
State - DELHI  07,age_22_25,07,5.4619,2.8714,9.0289,0.9037,24.2618,3.4395,94.5381,97.1286,90.9711,99.0963,75.7382,96.5605
State - DELHI  07,age_26_29,07,6.3262,2.7088,10.2526,0.753,26.4779,3.9121,93.6738,97.2912,89.7474,99.247,73.5221,96.0879
State - DELHI  07,age_30_33,07,8.0762,2.8536,11.6735,0.754,30.3419,4.2869,91.9238,97.1464,88.3265,99.246,69.6581,95.7131
State - DELHI  07,age_34_plus,07,15.7505,3.9253,14.8453,1.5678,38.5267,6.2968,84.2495,96.0747,85.1547,98.4322,61.4733,93.7032
Rajasthan,age_below10,08,76.0365,73.0374,75.8182,68.8891,78.9172,73.4826,23.9635,26.9626,24.1818,31.1109,21.0828,26.5174
Rajasthan,age_10_13,08,4.0619,6.9865,9.1052,0.8606,17.3,8.3982,95.9381,93.0135,90.8948,99.1394,82.7,91.6018
Rajasthan,age_14_17,08,4.1002,8.8906,9.823,0.6679,18.2449,10.598,95.8998,91.1094,90.177,99.3321,81.7551,89.402
Rajasthan,age_18_21,08,4.7826,9.8747,12.1399,1.029,20.3196,13.7113,95.2174,90.1253,87.8601,98.971,79.6804,86.2887
Rajasthan,age_22_25,08,8.4507,9.2218,14.093,0.7883,21.7271,16.7107,91.5493,90.7782,85.907,99.2117,78.2729,83.2893
Rajasthan,age_26_29,08,9.1778,9.8117,18.6132,0.7409,25.1682,22.4189,90.8222,90.1883,81.3868,99.2591,74.8318,77.5811
Rajasthan,age_30_33,08,12.6033,11.2322,24.2099,0.9465,29.6632,26.778,87.3967,88.7678,75.7901,99.0535,70.3368,73.222
Rajasthan,age_34_plus,08,31.9149,14.0624,41.9237,1.3522,42.701,41.5788,68.0851,85.9376,58.0763,98.6478,57.299,58.4212
Uttar Pradesh,age_below10,09,78.4178,77.2169,78.4404,72.8235,82.4666,74.7001,21.5822,22.7831,21.5596,27.1765,17.5334,25.2999
Uttar Pradesh,age_10_13,09,14.7277,18.4967,16.2814,3.7278,30.4734,10.7218,85.2723,81.5033,83.7186,96.2722,69.5266,89.2782
Uttar Pradesh,age_14_17,09,14.8882,17.1237,16.1926,2.7736,33.1815,10.8373,85.1118,82.8763,83.8074,97.2264,66.8185,89.1627
Uttar Pradesh,age_18_21,09,18.6412,18.3528,18.4164,2.9497,35.5117,12.0902,81.3588,81.6472,81.5836,97.0503,64.4883,87.9098
Uttar Pradesh,age_22_25,09,22.1035,18.1969,21.117,2.7179,37.6308,13.9766,77.8965,81.8031,78.883,97.2821,62.3692,86.0234
Uttar Pradesh,age_26_29,09,25.7268,18.7849,25.3177,2.8177,41.988,17.874,74.2732,81.2151,74.6823,97.1823,58.012,82.126
Uttar Pradesh,age_30_33,09,29.3398,21.2534,29.0986,3.0125,46.2614,20.0902,70.6602,78.7466,70.9014,96.9875,53.7386,79.9098
Uttar Pradesh,age_34_plus,09,45.4835,24.7266,41.1778,4.2063,54.8882,29.8215,54.5165,75.2734,58.8222,95.7937,45.1118,70.1785
Bihar,age_below10,10,81.1703,77.0796,84.2229,71.8059,86.7409,78.2273,18.8297,22.9204,15.7771,28.1941,13.2591,21.7727
Bihar,age_10_13,10,18.6916,20.0667,31.4185,4.9858,42.1506,16.7173,81.3084,79.9333,68.5815,95.0142,57.8494,83.2827
Bihar,age_14_17,10,17.5258,17.9126,28.1341,4.2484,40.7868,12.1453,82.4742,82.0874,71.8659,95.7516,59.2132,87.8547
Bihar,age_18_21,10,18.0693,17.5423,27.7031,6.9061,40.276,10.9589,81.9307,82.4577,72.2969,93.0939,59.724,89.0411
Bihar,age_22_25,10,21.3731,18.4529,29.9175,3.2366,41.2533,11.4497,78.6269,81.5471,70.0825,96.7634,58.7467,88.5503
Bihar,age_26_29,10,25.4076,22.8751,34.4554,3.438,45.335,8.5489,74.5924,77.1249,65.5446,96.562,54.665,91.4511
Bihar,age_30_33,10,25.6449,25.0651,39.4223,1.6234,49.4843,12.3457,74.3551,74.9349,60.5777,98.3766,50.5157,87.6543
Bihar,age_34_plus,10,35.2194,27.8912,47.0027,3.7634,54.1994,14.6328,64.7806,72.1088,52.9973,96.2366,45.8006,85.3672
Sikkim,age_below10,11,78.3782,78.3904,78.728,70.0,79.4643,75.0,21.6218,21.6096,21.272,30.0,20.5357,25.0
Sikkim,age_10_13,11,15.353,12.2816,14.0728,0.0,33.0882,5.8824,84.647,87.7184,85.9272,100.0,66.9118,94.1176
Sikkim,age_14_17,11,12.2929,9.5593,12.0701,0.0,38.1743,9.5238,87.7071,90.4407,87.9299,100.0,61.8257,90.4762
Sikkim,age_18_21,11,13.3403,10.7311,14.052,0.0,37.8049,1.4706,86.6597,89.2689,85.948,100.0,62.1951,98.5294
Sikkim,age_22_25,11,13.6233,11.1362,13.3718,14.2857,39.0667,0.0,86.3767,88.8638,86.6282,85.7143,60.9333,100.0
Sikkim,age_26_29,11,14.3732,13.7549,14.4685,0.0,44.0922,0.5155,85.6268,86.2451,85.5315,100.0,55.9078,99.4845
Sikkim,age_30_33,11,19.7755,14.6998,16.8094,0.0,40.4806,1.1111,80.2245,85.3002,83.1906,100.0,59.5194,98.8889
Sikkim,age_34_plus,11,41.4237,31.9202,36.382,9.7561,42.117,2.8037,58.5763,68.0798,63.618,90.2439,57.883,97.1963
Arunachal Pradesh,age_below10,12,85.2077,85.9311,81.0604,64.8649,83.9875,73.6842,14.7923,14.0689,18.9396,35.1351,16.0125,26.3158
Arunachal Pradesh,age_10_13,12,31.7986,32.6456,22.5528,22.2222,36.5736,13.1579,68.2014,67.3544,77.4472,77.7778,63.4264,86.8421
Arunachal Pradesh,age_14_17,12,29.4529,22.1054,19.1373,0.0,29.4311,10.0,70.5471,77.8946,80.8627,100.0,70.5689,90.0
Arunachal Pradesh,age_18_21,12,32.7112,22.5356,22.4608,0.0,33.4513,4.0,67.2888,77.4644,77.5392,100.0,66.5487,96.0
Arunachal Pradesh,age_22_25,12,35.7458,26.918,19.8838,10.0,29.8307,1.1111,64.2542,73.082,80.1162,90.0,70.1693,98.8889
Arunachal Pradesh,age_26_29,12,39.1091,32.5197,22.3042,11.1111,31.7382,2.193,60.8909,67.4803,77.6958,88.8889,68.2618,97.807
Arunachal Pradesh,age_30_33,12,43.023,37.1157,21.3843,0.0,31.0165,1.5873,56.977,62.8843,78.6157,100.0,68.9835,98.4127
Arunachal Pradesh,age_34_plus,12,61.2289,64.1271,32.113,6.6667,37.2856,6.9498,38.7711,35.8729,67.887,93.3333,62.7144,93.0502
Nagaland,age_below10,13,79.0698,77.6953,78.0208,73.7113,90.0616,81.0811,20.9302,22.3047,21.9792,26.2887,9.9384,18.9189
Nagaland,age_10_13,13,21.5686,22.7951,20.226,2.8169,56.5679,21.4286,78.4314,77.2049,79.774,97.1831,43.4321,78.5714
Nagaland,age_14_17,13,14.7059,19.618,18.6207,3.4884,46.6495,29.5455,85.2941,80.382,81.3793,96.5116,53.3505,70.4545
Nagaland,age_18_21,13,8.1081,21.914,21.3265,2.439,40.0786,15.7895,91.8919,78.086,78.6735,97.561,59.9214,84.2105
Nagaland,age_22_25,13,10.7143,24.368,18.5689,2.3622,34.2977,18.3908,89.2857,75.632,81.4311,97.6378,65.7023,81.6092
Nagaland,age_26_29,13,9.5745,25.944,17.1349,0.0,32.4239,9.1954,90.4255,74.056,82.8651,100.0,67.5761,90.8046
Nagaland,age_30_33,13,14.2857,26.4893,14.8062,3.3333,37.6151,5.1852,85.7143,73.5107,85.1938,96.6667,62.3849,94.8148
Nagaland,age_34_plus,13,36.1111,39.7679,21.2727,3.9267,44.4752,9.0301,63.8889,60.2321,78.7273,96.0733,55.5248,90.9699
Manipur,age_below10,14,88.1481,82.806,79.545,69.2308,82.6293,77.3585,11.8519,17.194,20.455,30.7692,17.3707,22.6415
Manipur,age_10_13,14,20.6186,25.982,11.2784,5.3571,21.1069,12.5,79.3814,74.018,88.7216,94.6429,78.8931,87.5
Manipur,age_14_17,14,18.4211,17.0469,5.9791,1.6129,15.0666,8.8235,81.5789,82.9531,94.0209,98.3871,84.9334,91.1765
Manipur,age_18_21,14,22.6415,16.9041,6.4114,7.1429,14.522,8.0,77.3585,83.0959,93.5886,92.8571,85.478,92.0
Manipur,age_22_25,14,29.703,17.5155,6.7824,4.2857,13.5945,3.4483,70.297,82.4845,93.2176,95.7143,86.4055,96.5517
Manipur,age_26_29,14,19.4175,20.0503,8.086,2.4096,16.3265,4.7945,80.5825,79.9497,91.914,97.5904,83.6735,95.2055
Manipur,age_30_33,14,39.4366,22.388,9.1547,1.3699,20.0872,3.4146,60.5634,77.612,90.8453,98.6301,79.9128,96.5854
Manipur,age_34_plus,14,41.1067,32.8684,20.7621,3.8328,33.594,8.134,58.8933,67.1316,79.2379,96.1672,66.406,91.866
Mizoram,age_below10,15,86.8198,75.5189,75.2343,94.1176,88.6486,76.4706,13.1802,24.4811,24.7657,5.8824,11.3514,23.5294
Mizoram,age_10_13,15,41.7955,4.6103,9.8434,41.6667,47.1186,0.0,58.2045,95.3897,90.1566,58.3333,52.8814,100.0
Mizoram,age_14_17,15,35.7938,2.213,10.4497,25.0,30.8559,0.0,64.2062,97.787,89.5503,75.0,69.1441,100.0
Mizoram,age_18_21,15,31.199,2.359,22.1037,40.0,18.4433,33.3333,68.801,97.641,77.8963,60.0,81.5567,66.6667
Mizoram,age_22_25,15,31.9293,2.6192,36.4804,28.5714,17.0797,0.0,68.0707,97.3808,63.5196,71.4286,82.9203,100.0
Mizoram,age_26_29,15,34.4828,2.7992,28.6918,33.3333,17.0588,2.439,65.5172,97.2008,71.3082,66.6667,82.9412,97.561
Mizoram,age_30_33,15,40.7028,3.1695,15.5222,14.2857,18.2819,4.878,59.2972,96.8305,84.4778,85.7143,81.7181,95.122
Mizoram,age_34_plus,15,53.7232,5.429,13.805,35.8974,20.1777,9.322,46.2768,94.571,86.195,64.1026,79.8223,90.678
Tripura,age_below10,16,80.2822,74.7815,73.9589,67.4419,77.2564,80.0,19.7178,25.2185,26.0411,32.5581,22.7436,20.0
Tripura,age_10_13,16,24.9589,16.5053,9.6976,7.1429,15.0395,9.0909,75.0411,83.4947,90.3024,92.8571,84.9605,90.9091
Tripura,age_14_17,16,22.4707,13.0648,8.0431,0.0,15.7384,0.0,77.5293,86.9352,91.9569,100.0,84.2616,100.0
Tripura,age_18_21,16,29.0909,12.8811,9.3503,27.2727,17.9141,0.0,70.9091,87.1189,90.6497,72.7273,82.0859,100.0
Tripura,age_22_25,16,30.6094,14.1329,9.7358,13.3333,21.0231,1.1628,69.3906,85.8671,90.2642,86.6667,78.9769,98.8372
Tripura,age_26_29,16,34.7462,16.2913,12.672,12.5,27.2993,0.0,65.2538,83.7087,87.328,87.5,72.7007,100.0
Tripura,age_30_33,16,43.4587,16.7657,15.1487,10.0,33.949,0.3759,56.5413,83.2343,84.8513,90.0,66.051,99.6241
Tripura,age_34_plus,16,55.9,33.8389,25.4124,15.7407,47.3015,1.0204,44.1,66.1611,74.5876,84.2593,52.6985,98.9796
Meghalaya,age_below10,17,82.4528,86.8793,79.8886,85.0,89.7505,73.7374,17.5472,13.1207,20.1114,15.0,10.2495,26.2626
Meghalaya,age_10_13,17,28.91,31.5743,21.931,48.3871,48.7336,11.6883,71.09,68.4257,78.069,51.6129,51.2664,88.3117
Meghalaya,age_14_17,17,17.316,23.7576,18.2076,30.303,44.1292,21.3115,82.684,76.2424,81.7924,69.697,55.8708,78.6885
Meghalaya,age_18_21,17,16.0256,22.8876,18.0475,44.4444,40.1322,8.2645,83.9744,77.1124,81.9525,55.5556,59.8678,91.7355
Meghalaya,age_22_25,17,9.4915,24.5178,17.1797,19.3548,41.4939,13.913,90.5085,75.4822,82.8203,80.6452,58.5061,86.087
Meghalaya,age_26_29,17,22.0994,27.6428,20.4241,15.3846,46.178,18.125,77.9006,72.3572,79.5759,84.6154,53.822,81.875
Meghalaya,age_30_33,17,17.1779,28.6661,20.1531,16.0,50.5203,13.1868,82.8221,71.3339,79.8469,84.0,49.4797,86.8132
Meghalaya,age_34_plus,17,27.907,35.9478,26.3475,18.6335,54.916,24.0296,72.093,64.0522,73.6525,81.3665,45.084,75.9704
Assam,age_below10,18,75.5306,80.6295,75.7565,70.0367,85.0715,70.1156,24.4694,19.3705,24.2435,29.9633,14.9285,29.8844
Assam,age_10_13,18,17.8558,27.8925,15.9741,2.6804,36.8212,4.0046,82.1442,72.1075,84.0259,97.3196,63.1788,95.9954
Assam,age_14_17,18,14.4535,26.2358,14.3493,3.1938,35.229,3.9642,85.5465,73.7642,85.6507,96.8062,64.771,96.0358
Assam,age_18_21,18,13.4862,27.7073,14.9936,2.5948,35.1846,2.7778,86.5138,72.2927,85.0064,97.4052,64.8154,97.2222
Assam,age_22_25,18,13.7465,28.279,15.078,2.2189,35.1767,3.3694,86.2535,71.721,84.922,97.7811,64.8233,96.6306
Assam,age_26_29,18,17.3292,32.7461,19.082,2.4876,41.0738,3.4763,82.6708,67.2539,80.918,97.5124,58.9262,96.5237
Assam,age_30_33,18,18.8199,37.0784,22.514,2.3593,46.8943,3.7206,81.1801,62.9216,77.486,97.6407,53.1057,96.2794
Assam,age_34_plus,18,27.5111,42.9582,27.7557,2.6683,51.2832,7.303,72.4889,57.0418,72.2443,97.3317,48.7168,92.697
West Bengal,age_below10,19,71.384,74.5962,73.7021,68.6535,79.4053,69.7321,28.616,25.4038,26.2979,31.3465,20.5947,30.2679
West Bengal,age_10_13,19,8.6614,14.2653,10.9206,2.6328,23.6577,5.2371,91.3386,85.7347,89.0794,97.3672,76.3423,94.7629
West Bengal,age_14_17,19,7.9476,14.3167,11.8276,2.741,26.2987,5.5097,92.0524,85.6833,88.1724,97.259,73.7013,94.4903
West Bengal,age_18_21,19,9.9877,15.9666,13.3627,2.0739,28.6025,4.6414,90.0123,84.0334,86.6373,97.9261,71.3975,95.3586
West Bengal,age_22_25,19,10.8169,17.6355,14.3591,2.1477,30.9929,5.4851,89.1831,82.3645,85.6409,97.8523,69.0071,94.5149
West Bengal,age_26_29,19,12.3852,21.1857,17.6999,2.6373,35.9755,6.7272,87.6148,78.8143,82.3001,97.3627,64.0245,93.2728
West Bengal,age_30_33,19,14.0649,23.4893,20.7719,3.0822,40.7087,7.0517,85.9351,76.5107,79.2281,96.9178,59.2913,92.9483
West Bengal,age_34_plus,19,25.2179,29.234,23.6105,3.7261,44.0083,11.2834,74.7821,70.766,76.3895,96.2739,55.9917,88.7166
Jharkhand,age_below10,20,82.0,79.668,80.3766,73.0035,81.6347,71.1318,18.0,20.332,19.6234,26.9965,18.3653,28.8682
Jharkhand,age_10_13,20,17.5439,17.7282,22.1711,4.9062,25.6756,6.8827,82.4561,82.2718,77.8289,95.0938,74.3244,93.1173
Jharkhand,age_14_17,20,19.1057,12.9719,18.6473,2.4653,23.4551,5.4023,80.8943,87.0281,81.3527,97.5347,76.5449,94.5977
Jharkhand,age_18_21,20,13.4454,12.9286,18.6845,3.1447,22.8753,3.4816,86.5546,87.0714,81.3155,96.8553,77.1247,96.5184
Jharkhand,age_22_25,20,15.4676,13.7272,21.2155,2.4204,24.387,3.4797,84.5324,86.2728,78.7845,97.5796,75.613,96.5203
Jharkhand,age_26_29,20,18.107,18.1053,26.9762,1.8336,28.4486,5.2304,81.893,81.8947,73.0238,98.1664,71.5514,94.7696
Jharkhand,age_30_33,20,23.348,23.0233,33.0567,3.653,33.6303,6.188,76.652,76.9767,66.9433,96.347,66.3697,93.812
Jharkhand,age_34_plus,20,33.7209,31.1078,41.6487,4.8758,40.7486,10.0538,66.2791,68.8922,58.3513,95.1242,59.2514,89.9462
State - ORISSA  21,age_below10,21,75.8974,79.3297,76.5731,71.4834,75.0643,69.8558,24.1026,20.6703,23.4269,28.5166,24.9357,30.1442
State - ORISSA  21,age_10_13,21,6.0484,20.0544,15.1173,2.1978,15.5135,3.8667,93.9516,79.9456,84.8827,97.8022,84.4865,96.1333
State - ORISSA  21,age_14_17,21,5.6604,19.6576,14.3212,1.3736,14.6112,2.2255,94.3396,80.3424,85.6788,98.6264,85.3888,97.7745
State - ORISSA  21,age_18_21,21,11.1702,21.4056,14.7525,1.9608,15.0693,2.7431,88.8298,78.5944,85.2475,98.0392,84.9307,97.2569
State - ORISSA  21,age_22_25,21,13.5632,23.2431,15.7271,2.1401,14.978,2.9167,86.4368,76.7569,84.2729,97.8599,85.022,97.0833
State - ORISSA  21,age_26_29,21,9.589,31.219,21.2948,3.4965,17.6306,4.1758,90.411,68.781,78.7052,96.5035,82.3694,95.8242
State - ORISSA  21,age_30_33,21,14.5503,37.3098,25.7268,1.7544,21.1269,4.7315,85.4497,62.6902,74.2732,98.2456,78.8731,95.2685
State - ORISSA  21,age_34_plus,21,28.2573,46.1199,32.3401,3.0502,25.5684,7.5638,71.7427,53.8801,67.6599,96.9498,74.4316,92.4362
Chhattisgarh,age_below10,22,72.4384,74.6871,76.7197,70.3599,73.2213,71.5971,27.5616,25.3129,23.2803,29.6401,26.7787,28.4029
Chhattisgarh,age_10_13,22,2.0171,4.3181,9.4374,0.7155,4.6502,3.0868,97.9829,95.6819,90.5626,99.2845,95.3498,96.9132
Chhattisgarh,age_14_17,22,2.3165,4.5205,10.3421,0.4715,4.7834,2.9504,97.6835,95.4795,89.6579,99.5285,95.2166,97.0496
Chhattisgarh,age_18_21,22,2.4642,6.5188,11.6324,1.0027,5.9202,3.3613,97.5358,93.4812,88.3676,98.9973,94.0798,96.6387
Chhattisgarh,age_22_25,22,2.7768,7.7367,13.4759,0.8632,5.7932,3.6522,97.2232,92.2633,86.5241,99.1368,94.2068,96.3478
Chhattisgarh,age_26_29,22,3.0229,10.7795,18.2434,0.9164,7.6003,4.5352,96.9771,89.2205,81.7566,99.0836,92.3997,95.4648
Chhattisgarh,age_30_33,22,4.7327,15.8414,23.6446,0.9398,9.122,4.8732,95.2673,84.1586,76.3554,99.0602,90.878,95.1268
Chhattisgarh,age_34_plus,22,12.1704,29.7025,36.6427,1.3703,14.0632,10.9174,87.8296,70.2975,63.3573,98.6297,85.9368,89.0826
Madhya Pradesh,age_below10,23,73.2603,74.706,77.5508,69.9815,75.9069,72.4247,26.7397,25.294,22.4492,30.0185,24.0931,27.5753
Madhya Pradesh,age_10_13,23,5.3058,8.721,12.2664,0.9285,12.0288,5.2646,94.6942,91.279,87.7336,99.0715,87.9712,94.7354
Madhya Pradesh,age_14_17,23,5.7553,7.3244,13.2256,0.7224,13.9276,6.0116,94.2447,92.6756,86.7744,99.2776,86.0724,93.9884
Madhya Pradesh,age_18_21,23,6.6312,7.2111,14.5376,0.6713,15.5512,7.2533,93.3688,92.7889,85.4624,99.3287,84.4488,92.7467
Madhya Pradesh,age_22_25,23,7.2033,6.6925,16.5049,0.8326,15.9589,8.1865,92.7967,93.3075,83.4951,99.1674,84.0411,91.8135
Madhya Pradesh,age_26_29,23,9.1387,6.7393,20.7407,0.942,18.6648,9.5521,90.8613,93.2607,79.2593,99.058,81.3352,90.4479
Madhya Pradesh,age_30_33,23,12.4424,8.0568,25.1774,0.9956,22.0303,10.5675,87.5576,91.9432,74.8226,99.0044,77.9697,89.4325
Madhya Pradesh,age_34_plus,23,24.668,11.5909,36.6208,1.4915,27.5121,16.0132,75.332,88.4091,63.3792,98.5085,72.4879,83.9868
Gujarat,age_below10,24,78.3652,72.4241,74.5612,69.7073,74.6471,74.2754,21.6348,27.5759,25.4388,30.2927,25.3529,25.7246
Gujarat,age_10_13,24,11.5906,6.4745,9.602,0.8994,9.8194,8.7864,88.4094,93.5255,90.398,99.1006,90.1806,91.2136
Gujarat,age_14_17,24,15.8708,7.0491,10.7354,0.6647,11.0525,8.4015,84.1292,92.9509,89.2646,99.3353,88.9475,91.5985
Gujarat,age_18_21,24,14.3805,6.8457,11.9086,0.8332,12.2094,8.0594,85.6195,93.1543,88.0914,99.1668,87.7906,91.9406
Gujarat,age_22_25,24,15.0685,8.7849,13.5486,0.7785,13.2462,8.2904,84.9315,91.2151,86.4514,99.2215,86.7538,91.7096
Gujarat,age_26_29,24,18.6517,14.3018,18.0123,1.0353,16.1688,8.4211,81.3483,85.6982,81.9877,98.9647,83.8312,91.5789
Gujarat,age_30_33,24,24.5098,17.3612,21.9984,1.0269,18.4376,9.0014,75.4902,82.6388,78.0016,98.9731,81.5624,90.9986
Gujarat,age_34_plus,24,29.8345,22.6732,31.6761,1.8791,23.6995,11.8159,70.1655,77.3268,68.3239,98.1209,76.3005,88.1841
Daman & Diu,age_below10,25,91.6667,72.2892,73.8884,78.9474,74.4374,71.4286,8.3333,27.7108,26.1116,21.0526,25.5626,28.5714
Daman & Diu,age_10_13,25,0.0,3.8835,4.5582,0.0,3.9623,0.0,100.0,96.1165,95.4418,100.0,96.0377,100.0
Daman & Diu,age_14_17,25,0.0,3.0303,8.462,0.0,9.2632,0.0,100.0,96.9697,91.538,100.0,90.7368,100.0
Daman & Diu,age_18_21,25,11.1111,10.1449,12.0014,0.0,17.8899,0.0,88.8889,89.8551,87.9986,100.0,82.1101,100.0
Daman & Diu,age_22_25,25,3.3333,5.4726,10.2456,7.6923,15.4316,0.0,96.6667,94.5274,89.7544,92.3077,84.5684,100.0
Daman & Diu,age_26_29,25,8.6957,5.7292,10.7254,0.0,13.4434,11.1111,91.3043,94.2708,89.2746,100.0,86.5566,88.8889
Daman & Diu,age_30_33,25,0.0,8.2418,13.9665,7.6923,11.8492,0.0,100.0,91.7582,86.0335,92.3077,88.1508,100.0
Daman & Diu,age_34_plus,25,25.0,6.4669,23.1024,0.0,15.398,7.5,75.0,93.5331,76.8976,100.0,84.602,92.5
Dadra & Nagar Haveli,age_below10,26,83.3333,76.1733,79.9623,70.5263,76.8,66.6667,16.6667,23.8267,20.0377,29.4737,23.2,33.3333
Dadra & Nagar Haveli,age_10_13,26,23.0769,11.7216,15.2327,2.8571,6.1151,0.0,76.9231,88.2784,84.7673,97.1429,93.8849,100.0
Dadra & Nagar Haveli,age_14_17,26,28.5714,9.1873,20.6647,0.0,13.0612,0.0,71.4286,90.8127,79.3353,100.0,86.9388,100.0
Dadra & Nagar Haveli,age_18_21,26,14.2857,12.3894,19.5409,0.0,24.5614,0.0,85.7143,87.6106,80.4591,100.0,75.4386,100.0
Dadra & Nagar Haveli,age_22_25,26,10.5263,12.9568,19.7193,2.5641,15.7815,9.0909,89.4737,87.0432,80.2807,97.4359,84.2185,90.9091
Dadra & Nagar Haveli,age_26_29,26,20.0,22.3164,22.2672,1.7241,15.0905,16.6667,80.0,77.6836,77.7328,98.2759,84.9095,83.3333
Dadra & Nagar Haveli,age_30_33,26,4.7619,23.1373,29.5959,0.0,13.1661,6.25,95.2381,76.8627,70.4041,100.0,86.8339,93.75
Dadra & Nagar Haveli,age_34_plus,26,52.0,39.9225,50.4737,2.649,14.1291,11.4286,48.0,60.0775,49.5263,97.351,85.8709,88.5714
Maharashtra,age_below10,27,72.9583,70.976,73.3444,70.2788,73.1657,72.3,27.0417,29.024,26.6556,29.7212,26.8343,27.7
Maharashtra,age_10_13,27,2.7496,2.4924,4.0346,0.8656,6.2202,4.1157,97.2504,97.5076,95.9654,99.1344,93.7798,95.8843
Maharashtra,age_14_17,27,3.1586,2.8073,4.9479,0.7457,8.6832,3.9466,96.8414,97.1927,95.0521,99.2543,91.3168,96.0534
Maharashtra,age_18_21,27,3.8323,3.2134,5.9767,0.8201,11.073,4.7593,96.1677,96.7866,94.0233,99.1799,88.927,95.2407
Maharashtra,age_22_25,27,4.3878,3.4093,7.0618,0.7554,11.8236,4.4212,95.6122,96.5907,92.9382,99.2446,88.1764,95.5788
Maharashtra,age_26_29,27,6.5387,4.0601,9.9836,0.8882,14.1469,5.7687,93.4613,95.9399,90.0164,99.1118,85.8531,94.2313
Maharashtra,age_30_33,27,11.1503,4.9094,13.6286,0.9487,17.1379,6.7954,88.8497,95.0906,86.3714,99.0513,82.8621,93.2046
Maharashtra,age_34_plus,27,26.2362,7.0969,24.1984,2.1657,23.7773,10.3334,73.7638,92.9031,75.8016,97.8343,76.2227,89.6666
Andhra Pradesh,age_below10,28,73.4745,70.4695,70.8189,69.2536,72.1061,75.2798,26.5255,29.5305,29.1811,30.7464,27.8939,24.7202
Andhra Pradesh,age_10_13,28,13.5851,7.6146,10.5463,2.7057,12.771,15.2457,86.4149,92.3854,89.4537,97.2943,87.229,84.7543
Andhra Pradesh,age_14_17,28,17.2144,10.3219,14.7507,1.7042,15.0043,13.212,82.7856,89.6781,85.2493,98.2958,84.9957,86.788
Andhra Pradesh,age_18_21,28,17.9331,11.8118,17.584,2.7322,16.0264,12.5967,82.0669,88.1882,82.416,97.2678,83.9736,87.4033
Andhra Pradesh,age_22_25,28,20.0755,12.9,19.9219,2.7027,16.99,11.129,79.9245,87.1,80.0781,97.2973,83.01,88.871
Andhra Pradesh,age_26_29,28,24.6066,16.3626,27.7906,2.9141,21.5584,15.9309,75.3934,83.6374,72.2094,97.0859,78.4416,84.0691
Andhra Pradesh,age_30_33,28,37.1009,20.6132,35.1249,2.8013,27.278,13.9406,62.8991,79.3868,64.8751,97.1987,72.722,86.0594
Andhra Pradesh,age_34_plus,28,51.9846,27.8311,47.3026,3.9689,34.7631,19.4571,48.0154,72.1689,52.6974,96.0311,65.2369,80.5429
Karnataka,age_below10,29,75.0905,72.0647,73.3655,71.5234,73.33,75.7796,24.9095,27.9353,26.6345,28.4766,26.67,24.2204
Karnataka,age_10_13,29,12.9917,4.4155,9.1852,1.6439,11.2102,10.3161,87.0083,95.5845,90.8148,98.3561,88.7898,89.6839
Karnataka,age_14_17,29,14.5077,4.586,11.786,2.7453,14.9117,10.2467,85.4923,95.414,88.214,97.2547,85.0883,89.7533
Karnataka,age_18_21,29,17.3296,5.5145,14.7385,3.9868,17.0247,7.6923,82.6704,94.4855,85.2615,96.0132,82.9753,92.3077
Karnataka,age_22_25,29,18.2521,4.9242,15.2521,4.4697,16.9495,5.564,81.7479,95.0758,84.7479,95.5303,83.0505,94.436
Karnataka,age_26_29,29,23.2206,6.7216,21.004,6.2326,22.0713,10.596,76.7794,93.2784,78.996,93.7674,77.9287,89.404
Karnataka,age_30_33,29,32.9152,8.01,26.9228,8.3383,27.352,10.3316,67.0848,91.99,73.0772,91.6617,72.648,89.6684
Karnataka,age_34_plus,29,60.5316,13.0771,37.3562,14.7248,35.0235,15.3873,39.4684,86.9229,62.6438,85.2752,64.9765,84.6127
Goa,age_below10,30,72.7273,71.0322,72.3419,79.2208,73.5993,73.5294,27.2727,28.9678,27.6581,20.7792,26.4007,26.4706
Goa,age_10_13,30,20.8333,1.7491,3.4786,0.0,8.1377,2.5641,79.1667,98.2509,96.5214,100.0,91.8623,97.4359
Goa,age_14_17,30,12.5,1.2619,4.089,13.6364,12.3933,3.5714,87.5,98.7381,95.911,86.3636,87.6067,96.4286
Goa,age_18_21,30,0.0,1.7335,6.2528,0.0,16.909,6.6667,100.0,98.2665,93.7472,100.0,83.091,93.3333
Goa,age_22_25,30,4.4444,2.6501,6.5632,3.0303,16.6723,3.4884,95.5556,97.3499,93.4368,96.9697,83.3277,96.5116
Goa,age_26_29,30,8.6957,4.2977,7.9061,2.1277,20.0245,3.8961,91.3043,95.7023,92.0939,97.8723,79.9755,96.1039
Goa,age_30_33,30,5.0,6.9412,9.5023,5.1282,24.9207,2.0833,95.0,93.0588,90.4977,94.8718,75.0793,97.9167
Goa,age_34_plus,30,17.7966,19.3323,17.6947,3.4286,29.0034,4.2056,82.2034,80.6677,82.3053,96.5714,70.9966,95.7944
Lakshadweep,age_below10,31,,80.0,66.6667,,75.8111,,,20.0,33.3333,,24.1889,
Lakshadweep,age_10_13,31,,0.0,0.0,,2.0342,,,100.0,100.0,,97.9658,
Lakshadweep,age_14_17,31,,6.25,1.3699,,1.8904,,,93.75,98.6301,,98.1096,
Lakshadweep,age_18_21,31,,13.3333,2.7027,,3.0645,,,86.6667,97.2973,,96.9355,
Lakshadweep,age_22_25,31,,1.4706,3.4014,,3.5314,,,98.5294,96.5986,,96.4686,
Lakshadweep,age_26_29,31,,1.2048,3.1915,,3.4065,0.0,,98.7952,96.8085,,96.5935,100.0
Lakshadweep,age_30_33,31,,3.6364,2.9412,,4.0614,0.0,,96.3636,97.0588,,95.9386,100.0
Lakshadweep,age_34_plus,31,,1.8405,4.3424,,12.429,0.0,,98.1595,95.6576,,87.571,100.0
Kerala,age_below10,32,73.743,73.8274,74.1857,73.3333,74.1371,70.4545,26.257,26.1726,25.8143,26.6667,25.8629,29.5455
Kerala,age_10_13,32,0.0,0.9853,1.3563,1.4184,1.1366,3.1579,100.0,99.0147,98.6437,98.5816,98.8634,96.8421
Kerala,age_14_17,32,1.2821,0.9296,1.2548,0.0,0.8731,2.2222,98.7179,99.0704,98.7452,100.0,99.1269,97.7778
Kerala,age_18_21,32,2.7778,1.3088,1.5439,0.0,1.037,1.5873,97.2222,98.6912,98.4561,100.0,98.963,98.4127
Kerala,age_22_25,32,1.5267,1.4419,1.7927,2.6738,1.3042,2.2727,98.4733,98.5581,98.2073,97.3262,98.6958,97.7273
Kerala,age_26_29,32,2.9703,1.798,2.6258,2.1505,1.9514,2.0979,97.0297,98.202,97.3742,97.8495,98.0486,97.9021
Kerala,age_30_33,32,2.1505,2.2595,3.3618,1.0,3.1266,2.6846,97.8495,97.7405,96.6382,99.0,96.8734,97.3154
Kerala,age_34_plus,32,8.7071,5.6798,10.2357,3.0244,13.9256,7.855,91.2929,94.3202,89.7643,96.9756,86.0744,92.145
Tamil Nadu,age_below10,33,72.1116,72.6589,72.3232,72.9984,73.2999,76.1394,27.8884,27.3411,27.6768,27.0016,26.7001,23.8606
Tamil Nadu,age_10_13,33,3.0568,2.6294,4.5604,3.1347,4.6143,7.3171,96.9432,97.3706,95.4396,96.8653,95.3857,92.6829
Tamil Nadu,age_14_17,33,2.9915,2.639,5.7067,2.3755,4.8496,6.5868,97.0085,97.361,94.2933,97.6245,95.1504,93.4132
Tamil Nadu,age_18_21,33,0.0,3.4745,7.248,1.7493,5.3235,6.4655,100.0,96.5255,92.752,98.2507,94.6765,93.5345
Tamil Nadu,age_22_25,33,4.5872,4.3037,8.8303,2.7832,5.9734,4.8658,95.4128,95.6963,91.1697,97.2168,94.0266,95.1342
Tamil Nadu,age_26_29,33,6.4394,6.0806,13.5612,2.5959,7.6806,8.0992,93.5606,93.9194,86.4388,97.4041,92.3194,91.9008
Tamil Nadu,age_30_33,33,9.9099,8.0095,17.3378,2.0431,9.027,9.9609,90.0901,91.9905,82.6622,97.9569,90.973,90.0391
Tamil Nadu,age_34_plus,33,12.9274,15.6572,29.7899,4.5742,15.1299,15.9357,87.0726,84.3428,70.2101,95.4258,84.8701,84.0643
State - PONDICHERRY  34,age_below10,34,80.0,74.9215,74.4359,73.3333,75.2882,80.0,20.0,25.0785,25.5641,26.6667,24.7118,20.0
State - PONDICHERRY  34,age_10_13,34,,2.5735,3.2733,2.9412,3.271,0.0,,97.4265,96.7267,97.0588,96.729,100.0
State - PONDICHERRY  34,age_14_17,34,0.0,1.8586,3.0157,0.0,1.9067,0.0,100.0,98.1414,96.9843,100.0,98.0933,100.0
State - PONDICHERRY  34,age_18_21,34,0.0,2.4096,3.7313,0.0,2.7778,0.0,100.0,97.5904,96.2687,100.0,97.2222,100.0
State - PONDICHERRY  34,age_22_25,34,0.0,3.4235,4.9264,0.0,3.124,0.0,100.0,96.5765,95.0736,100.0,96.876,100.0
State - PONDICHERRY  34,age_26_29,34,0.0,4.2732,7.7954,0.0,4.0705,0.0,100.0,95.7268,92.2046,100.0,95.9295,100.0
State - PONDICHERRY  34,age_30_33,34,0.0,6.7265,10.4048,2.2222,5.6965,0.0,100.0,93.2735,89.5952,97.7778,94.3035,100.0
State - PONDICHERRY  34,age_34_plus,34,6.6667,11.5733,19.8922,1.2195,8.3498,4.7619,93.3333,88.4267,80.1078,98.7805,91.6502,95.2381
Andaman & Nicobar Islands,age_below10,35,82.3529,76.0665,72.7413,66.6667,70.3106,71.5232,17.6471,23.9335,27.2587,33.3333,29.6894,28.4768
Andaman & Nicobar Islands,age_10_13,35,0.0,7.7738,4.0807,0.0,2.617,0.0,100.0,92.2262,95.9193,100.0,97.383,100.0
Andaman & Nicobar Islands,age_14_17,35,20.0,4.9014,3.2276,,3.2695,0.0,80.0,95.0986,96.7724,,96.7305,100.0
Andaman & Nicobar Islands,age_18_21,35,11.1111,6.6841,5.2864,,4.439,0.0,88.8889,93.3159,94.7136,,95.561,100.0
Andaman & Nicobar Islands,age_22_25,35,1.6129,6.3813,6.5448,0.0,7.0402,1.3699,98.3871,93.6187,93.4552,100.0,92.9598,98.6301
Andaman & Nicobar Islands,age_26_29,35,6.7797,8.2173,9.2363,0.0,5.7377,3.6145,93.2203,91.7827,90.7637,100.0,94.2623,96.3855
Andaman & Nicobar Islands,age_30_33,35,5.2632,13.3741,11.3991,0.0,6.3301,0.0,94.7368,86.6259,88.6009,100.0,93.6699,100.0
Andaman & Nicobar Islands,age_34_plus,35,5.8824,31.4496,22.2425,0.0,11.5555,5.5046,94.1176,68.5504,77.7575,100.0,88.4445,94.4954
