state_name,age_bracket,state_code,Below_primary_share_ST_male,CMPR_ST_male,CMPR_ST_persons,Child_labour_attending_ST_male,Child_labour_dropout_ST_male,Dropout_rate_ST_male,Illiteracy_rate_ST_male,Literacy_rate_ST_male,School_attendance_rate_ST_male
INDIA,age_10_13,00,50.7693,0.6653,1.2277,70.2798,24.3703,24.3703,23.6971,76.3029,75.6297
INDIA,age_14_17,00,17.3272,6.2144,15.5724,50.7178,26.8434,26.8434,24.3882,75.6118,73.1566
INDIA,age_18_21,00,15.7289,45.712,62.2182,30.2975,27.984,27.984,27.241,72.759,72.016
INDIA,age_22_25,00,16.5863,45.712,62.2182,,,,30.9166,69.0834,
INDIA,age_26_29,00,19.7367,78.9459,84.7721,,,,37.8509,62.1491,
INDIA,age_30_33,00,24.0765,91.2186,91.8402,,,,44.9904,55.0096,
INDIA,age_34_plus,00,34.7485,90.9494,83.2694,,,,57.6871,42.3129,
INDIA,age_below10,00,97.0161,0.0,0.0,51.2643,47.965,47.965,80.1779,19.8221,52.035
Jammu & Kashmir,age_10_13,01,49.57,1.2152,1.7439,62.4144,33.2254,33.2254,36.2545,63.7455,66.7746
Jammu & Kashmir,age_14_17,01,9.5892,4.9816,10.821,51.6838,32.0708,32.0708,36.1175,63.8825,67.9292
Jammu & Kashmir,age_18_21,01,6.162,34.3055,49.5119,31.2192,34.9932,34.9932,38.8224,61.1776,65.0068
Jammu & Kashmir,age_22_25,01,5.5284,34.3055,49.5119,,,,41.0652,58.9348,
Jammu & Kashmir,age_26_29,01,5.576,70.3967,79.2471,,,,46.2273,53.7727,
Jammu & Kashmir,age_30_33,01,5.6209,87.2604,90.5447,,,,51.764,48.236,
Jammu & Kashmir,age_34_plus,01,9.9063,88.1472,86.6475,,,,69.3955,30.6045,
Jammu & Kashmir,age_below10,01,92.8652,0.0,0.0,40.0658,58.9887,58.9887,84.4266,15.5734,41.0113
Himachal Pradesh,age_10_13,02,42.0537,0.5858,0.7289,94.7623,4.132,4.132,3.5671,96.4329,95.868
Himachal Pradesh,age_14_17,02,5.2053,2.9841,6.8529,83.2959,8.7409,8.7409,4.6093,95.3907,91.2591
Himachal Pradesh,age_18_21,02,5.3867,28.5208,45.3364,54.4328,18.6798,18.6798,7.6461,92.3539,81.3202
Himachal Pradesh,age_22_25,02,6.2274,28.5208,45.3364,,,,9.4525,90.5475,
Himachal Pradesh,age_26_29,02,7.8932,69.3953,77.5053,,,,12.5271,87.4729,
Himachal Pradesh,age_30_33,02,11.5504,88.862,89.6674,,,,18.0191,81.9809,
Himachal Pradesh,age_34_plus,02,21.4224,87.3427,80.1267,,,,43.74,56.26,
Himachal Pradesh,age_below10,02,98.3903,0.0,0.0,72.1681,27.6237,27.6237,70.6447,29.3553,72.3763
State - UTTARANCHAL  05,age_10_13,05,44.7905,0.7058,1.2388,91.5071,6.5779,6.5779,6.0511,93.9489,93.4221
State - UTTARANCHAL  05,age_14_17,05,7.7421,5.164,11.1985,74.7376,13.3896,13.3896,7.5435,92.4565,86.6104
State - UTTARANCHAL  05,age_18_21,05,6.5808,41.503,57.0516,51.4352,18.0014,18.0014,10.613,89.387,81.9986
State - UTTARANCHAL  05,age_22_25,05,7.4284,41.503,57.0516,,,,14.3971,85.6029,
State - UTTARANCHAL  05,age_26_29,05,9.6799,75.8425,84.3172,,,,19.3071,80.6929,
State - UTTARANCHAL  05,age_30_33,05,11.3963,89.2256,92.3311,,,,24.3444,75.6556,
State - UTTARANCHAL  05,age_34_plus,05,22.2598,86.3949,83.0782,,,,42.3167,57.6833,
State - UTTARANCHAL  05,age_below10,05,97.0849,0.0,0.0,69.2893,30.2075,30.2075,73.1134,26.8866,69.7925
Rajasthan,age_10_13,08,55.1686,2.3507,3.8131,77.3869,19.0466,19.0466,17.2429,82.7571,80.9534
Rajasthan,age_14_17,08,17.6257,16.0175,28.057,55.8302,24.3619,24.3619,19.6044,80.3956,75.6381
Rajasthan,age_18_21,08,16.0605,67.1349,80.1856,34.3101,23.9802,23.9802,23.7441,76.2559,76.0198
Rajasthan,age_22_25,08,16.3991,67.1349,80.1856,,,,27.4571,72.5429,
Rajasthan,age_26_29,08,18.4147,90.686,94.1175,,,,33.2228,66.7772,
Rajasthan,age_30_33,08,20.9211,94.6612,95.7586,,,,40.6866,59.3134,
Rajasthan,age_34_plus,08,28.4467,90.5623,85.819,,,,60.6837,39.3163,
Rajasthan,age_below10,08,96.4908,0.0,0.0,55.9913,43.4253,43.4253,79.4855,20.5145,56.5747
Uttar Pradesh,age_10_13,09,55.4396,1.6212,2.5314,59.134,35.3508,35.3508,36.378,63.622,64.6492
Uttar Pradesh,age_14_17,09,18.2096,12.661,22.4272,45.8445,33.2683,33.2683,36.2905,63.7095,66.7317
Uttar Pradesh,age_18_21,09,13.214,63.695,77.1737,28.5927,31.1199,31.1199,41.8731,58.1269,68.8801
Uttar Pradesh,age_22_25,09,13.4083,63.695,77.1737,,,,44.7419,55.2581,
Uttar Pradesh,age_26_29,09,12.5235,88.3086,92.6794,,,,49.8471,50.1529,
Uttar Pradesh,age_30_33,09,15.6716,95.0252,96.3168,,,,55.0587,44.9413,
Uttar Pradesh,age_34_plus,09,19.8349,90.5378,88.1743,,,,66.6172,33.3828,
Uttar Pradesh,age_below10,09,94.1548,0.0,0.0,39.0818,59.4719,59.4719,85.1696,14.8304,40.5281
Bihar,age_10_13,10,54.6104,0.689,1.4039,44.9904,47.814,47.814,50.9261,49.0739,52.186
Bihar,age_14_17,10,17.2794,6.4769,19.0452,34.7518,35.3088,35.3088,48.5245,51.4755,64.6912
Bihar,age_18_21,10,11.8217,48.3263,67.7566,22.7784,28.6558,28.6558,47.7854,52.2146,71.3442
Bihar,age_22_25,10,10.4757,48.3263,67.7566,,,,52.2297,47.7703,
Bihar,age_26_29,10,11.4409,82.8607,88.7873,,,,57.5711,42.4289,
Bihar,age_30_33,10,11.9165,93.3866,94.2702,,,,62.2602,37.7398,
Bihar,age_34_plus,10,15.3223,91.9052,85.4741,,,,69.4874,30.5126,
Bihar,age_below10,10,94.0547,0.0,0.0,24.0268,74.8751,74.8751,89.2645,10.7355,25.1249
Sikkim,age_10_13,11,67.0908,0.4442,0.9219,85.7485,9.8947,9.8947,15.9591,84.0409,90.1053
Sikkim,age_14_17,11,28.1709,2.7588,7.7271,71.2287,11.9849,11.9849,13.7051,86.2949,88.0151
Sikkim,age_18_21,11,22.5352,25.7662,39.1717,49.032,16.8251,16.8251,15.0299,84.9701,83.1749
Sikkim,age_22_25,11,21.3363,25.7662,39.1717,,,,15.0586,84.9414,
Sikkim,age_26_29,11,18.803,56.2447,65.7194,,,,15.6854,84.3146,
Sikkim,age_30_33,11,16.5007,76.7221,81.6226,,,,20.5067,79.4933,
Sikkim,age_34_plus,11,28.9401,81.4405,79.2645,,,,41.5337,58.4663,
Sikkim,age_below10,11,96.3943,0.0,0.0,66.0488,32.5978,32.5978,78.5078,21.4922,67.4022
Arunachal Pradesh,age_10_13,12,62.1469,0.4417,0.9707,73.8835,23.7231,23.7231,28.5303,71.4697,76.2769
Arunachal Pradesh,age_14_17,12,21.1241,3.8766,9.6957,74.2415,15.8676,15.8676,18.5627,81.4373,84.1324
Arunachal Pradesh,age_18_21,12,13.3731,31.3175,48.8552,57.6448,17.2662,17.2662,20.2975,79.7025,82.7338
Arunachal Pradesh,age_22_25,12,11.6269,31.3175,48.8552,,,,22.4148,77.5852,
Arunachal Pradesh,age_26_29,12,12.3192,69.845,78.9273,,,,27.5534,72.4466,
Arunachal Pradesh,age_30_33,12,13.5907,86.0387,88.4505,,,,33.7989,66.2011,
Arunachal Pradesh,age_34_plus,12,22.6515,88.0595,81.5438,,,,64.411,35.589,
Arunachal Pradesh,age_below10,12,96.7166,0.0,0.0,46.4972,52.9902,52.9902,84.346,15.654,47.0098
Nagaland,age_10_13,13,37.9375,0.4843,0.8833,78.2285,17.5422,17.5422,22.9821,77.0179,82.4578
Nagaland,age_14_17,13,8.4414,1.6925,4.4442,73.4461,15.4735,15.4735,19.8889,80.1111,84.5265
Nagaland,age_18_21,13,6.4204,11.6892,20.1415,61.7684,17.5884,17.5884,22.2295,77.7705,82.4116
Nagaland,age_22_25,13,5.5669,11.6892,20.1415,,,,24.6665,75.3335,
Nagaland,age_26_29,13,5.9442,39.6481,49.7984,,,,26.2145,73.7855,
Nagaland,age_30_33,13,6.962,67.8911,72.8935,,,,26.8376,73.1624,
Nagaland,age_34_plus,13,10.8583,90.4636,87.0733,,,,40.1328,59.8672,
Nagaland,age_below10,13,92.8814,0.0,0.0,59.0421,39.4896,39.4896,77.7168,22.2832,60.5104
Manipur,age_10_13,14,47.2894,0.4868,0.8126,80.6549,16.6136,16.6136,25.9374,74.0626,83.3864
Manipur,age_14_17,14,11.609,1.7045,4.7289,78.2309,13.3818,13.3818,17.1101,82.8899,86.6182
Manipur,age_18_21,14,6.6721,13.4022,22.3219,68.0947,15.4446,15.4446,17.0315,82.9685,84.5554
Manipur,age_22_25,14,4.9795,13.4022,22.3219,,,,17.4972,82.5028,
Manipur,age_26_29,14,4.6355,40.8751,50.2374,,,,19.9714,80.0286,
Manipur,age_30_33,14,4.9924,66.762,71.3627,,,,22.4432,77.5568,
Manipur,age_34_plus,14,8.2332,90.3441,85.2473,,,,33.1559,66.8441,
Manipur,age_below10,14,92.3263,0.0,0.0,59.3972,39.3651,39.3651,82.8071,17.1929,60.6349
Mizoram,age_10_13,15,63.7164,0.2491,0.4088,89.8227,8.2049,8.2049,8.0844,91.9156,91.7951
Mizoram,age_14_17,15,17.6463,2.1249,5.9396,69.0386,10.7304,10.7304,4.9888,95.0112,89.2696
Mizoram,age_18_21,15,14.6896,24.1695,34.9185,42.5143,15.1604,15.1604,4.9099,95.0901,84.8396
Mizoram,age_22_25,15,14.5564,24.1695,34.9185,,,,4.614,95.386,
Mizoram,age_26_29,15,15.3002,56.8431,63.1769,,,,5.4017,94.5983,
Mizoram,age_30_33,15,17.5738,75.8489,77.7831,,,,5.9713,94.0287,
Mizoram,age_34_plus,15,37.6551,84.8495,78.7565,,,,9.2005,90.7995,
Mizoram,age_below10,15,98.3294,0.0,0.0,65.3081,34.4416,34.4416,76.6878,23.3122,65.5584
Tripura,age_10_13,16,53.1992,0.4716,0.7087,78.8762,19.7616,19.7616,18.9162,81.0838,80.2384
Tripura,age_14_17,16,16.4181,3.2442,10.7306,69.5391,21.489,21.489,16.2447,83.7553,78.511
Tripura,age_18_21,16,15.1063,36.5737,53.1233,46.6085,29.1513,29.1513,19.6288,80.3712,70.8487
Tripura,age_22_25,16,15.875,36.5737,53.1233,,,,21.9069,78.0931,
Tripura,age_26_29,16,19.1987,75.1421,81.7026,,,,26.8068,73.1932,
Tripura,age_30_33,16,21.9696,90.5893,91.6415,,,,31.6044,68.3956,
Tripura,age_34_plus,16,35.2819,92.6647,86.6223,,,,47.5332,52.4668,
Tripura,age_below10,16,97.4375,0.0,0.0,52.8517,46.7532,46.7532,77.2978,22.7022,53.2468
Meghalaya,age_10_13,17,69.57,0.4278,0.9225,65.8111,29.3785,29.3785,34.03,65.97,70.6215
Meghalaya,age_14_17,17,36.8874,2.4248,8.2115,58.061,21.2383,21.2383,26.6245,73.3755,78.7617
Meghalaya,age_18_21,17,27.4025,25.8388,40.9893,47.0062,19.222,19.222,26.4396,73.5604,80.778
Meghalaya,age_22_25,17,26.855,25.8388,40.9893,,,,28.3289,71.6711,
Meghalaya,age_26_29,17,29.1763,63.6119,71.424,,,,31.6327,68.3673,
Meghalaya,age_30_33,17,31.0926,81.7814,83.0222,,,,33.1834,66.8166,
Meghalaya,age_34_plus,17,36.582,88.3329,80.1625,,,,41.016,58.984,
Meghalaya,age_below10,17,94.7141,0.0,0.0,42.2903,56.4881,56.4881,87.3337,12.6663,43.5119
Assam,age_10_13,18,40.8579,0.4058,0.8485,78.298,19.311,19.311,18.0607,81.9393,80.689
Assam,age_14_17,18,10.4861,2.5051,8.3047,67.746,22.7003,22.7003,16.1815,83.8185,77.2997
Assam,age_18_21,18,8.9275,21.6429,38.903,49.6806,29.1028,29.1028,18.1709,81.8291,70.8972
Assam,age_22_25,18,9.0946,21.6429,38.903,,,,19.8948,80.1052,
Assam,age_26_29,18,12.1762,57.57,69.6511,,,,25.3294,74.6706,
Assam,age_30_33,18,16.2766,80.9761,84.6576,,,,30.4403,69.5597,
Assam,age_34_plus,18,28.6336,91.4478,84.7899,,,,37.7278,62.2722,
Assam,age_below10,18,95.654,0.0,0.0,57.2581,42.0616,42.0616,77.9017,22.0983,57.9384
West Bengal,age_10_13,19,62.2514,0.4883,1.0295,68.0295,28.457,28.457,25.3889,74.6111,71.543
West Bengal,age_14_17,19,27.9308,4.0534,17.2114,46.1741,34.6469,34.6469,26.9548,73.0452,65.3531
West Bengal,age_18_21,19,27.712,39.5964,60.7907,25.263,36.2738,36.2738,30.7921,69.2079,63.7262
West Bengal,age_22_25,19,30.0785,39.5964,60.7907,,,,35.3351,64.6649,
West Bengal,age_26_29,19,32.3287,75.1578,82.1997,,,,40.8101,59.1899,
West Bengal,age_30_33,19,36.1373,89.2985,89.1712,,,,47.8543,52.1457,
West Bengal,age_34_plus,19,45.7094,90.0646,78.6924,,,,57.5975,42.4025,
West Bengal,age_below10,19,97.4112,0.0,0.0,48.3351,51.2245,51.2245,79.5868,20.4132,48.7755
Jharkhand,age_10_13,20,50.3615,0.4294,0.9517,61.2047,34.5548,34.5548,33.9941,66.0059,65.4452
Jharkhand,age_14_17,20,14.7506,5.5591,15.0725,47.3864,34.625,34.625,29.9596,70.0404,65.375
Jharkhand,age_18_21,20,10.7975,41.0153,57.5462,28.255,37.4634,37.4634,30.815,69.185,62.5366
Jharkhand,age_22_25,20,10.4961,41.0153,57.5462,,,,34.3216,65.6784,
Jharkhand,age_26_29,20,11.8518,72.7607,80.0277,,,,40.8498,59.1502,
Jharkhand,age_30_33,20,14.022,87.1214,88.7034,,,,48.8361,51.1639,
Jharkhand,age_34_plus,20,18.4602,88.1349,79.8774,,,,59.0727,40.9273,
Jharkhand,age_below10,20,95.6029,0.0,0.0,38.6083,60.5853,60.5853,84.4005,15.5995,39.4147
State - ORISSA  21,age_10_13,21,42.3314,0.2985,0.7084,60.4171,36.2972,36.2972,32.2727,67.7273,63.7028
State - ORISSA  21,age_14_17,21,15.8459,3.7317,12.0711,38.0832,44.4931,44.4931,32.3199,67.6801,55.5069
State - ORISSA  21,age_18_21,21,17.3191,33.6921,54.4573,18.0785,46.0125,46.0125,34.7674,65.2326,53.9875
State - ORISSA  21,age_22_25,21,19.3927,33.6921,54.4573,,,,38.5908,61.4092,
State - ORISSA  21,age_26_29,21,24.793,73.6794,81.9774,,,,46.808,53.192,
State - ORISSA  21,age_30_33,21,29.7658,90.6403,91.0762,,,,53.9418,46.0582,
State - ORISSA  21,age_34_plus,21,41.7262,90.8372,80.7313,,,,61.8294,38.1706,
State - ORISSA  21,age_below10,21,96.7068,0.0,0.0,47.2502,52.2963,52.2963,81.989,18.011,47.7037
Chhattisgarh,age_10_13,22,56.1659,0.4346,0.8188,75.5661,18.6469,18.6469,17.0055,82.9945,81.3531
Chhattisgarh,age_14_17,22,15.8692,5.7021,13.4315,50.7639,23.7732,23.7732,18.4327,81.5673,76.2268
Chhattisgarh,age_18_21,22,14.3359,50.6865,66.55,27.8022,25.1182,25.1182,21.3711,78.6289,74.8818
Chhattisgarh,age_22_25,22,15.8552,50.6865,66.55,,,,24.8207,75.1793,
Chhattisgarh,age_26_29,22,19.1779,83.3043,87.7906,,,,30.1405,69.8595,
Chhattisgarh,age_30_33,22,24.4148,93.1784,93.3304,,,,36.5261,63.4739,
Chhattisgarh,age_34_plus,22,38.8641,90.274,82.0574,,,,51.0154,48.9846,
Chhattisgarh,age_below10,22,98.2401,0.0,0.0,53.4229,45.7751,45.7751,79.6031,20.3969,54.2249
Madhya Pradesh,age_10_13,23,64.0768,0.8941,1.4798,64.1285,28.3093,28.3093,28.9949,71.0051,71.6907
Madhya Pradesh,age_14_17,23,24.8257,12.2929,23.3842,41.1903,28.8509,28.8509,31.784,68.216,71.1491
Madhya Pradesh,age_18_21,23,21.3174,66.9308,79.266,21.8654,26.2493,26.2493,34.9404,65.0596,73.7507
Madhya Pradesh,age_22_25,23,21.7264,66.9308,79.266,,,,38.4399,61.5601,
Madhya Pradesh,age_26_29,23,23.8388,90.1176,93.2061,,,,43.0411,56.9589,
Madhya Pradesh,age_30_33,23,28.5795,95.0551,95.473,,,,49.7765,50.2235,
Madhya Pradesh,age_34_plus,23,40.2678,91.0489,84.996,,,,63.1006,36.8994,
Madhya Pradesh,age_below10,23,97.6826,0.0,0.0,42.8488,56.3294,56.3294,83.361,16.639,43.6706
Gujarat,age_10_13,24,43.5926,0.4024,0.6818,69.8184,25.8974,25.8974,22.2078,77.7922,74.1026
Gujarat,age_14_17,24,15.5525,5.0842,11.5402,47.3989,29.6468,29.6468,23.0915,76.9085,70.3532
Gujarat,age_18_21,24,15.3948,54.0892,68.0028,24.1715,29.0178,29.0178,25.4113,74.5887,70.9822
Gujarat,age_22_25,24,16.4638,54.0892,68.0028,,,,29.5326,70.4674,
Gujarat,age_26_29,24,20.5486,86.6466,90.2585,,,,38.127,61.873,
Gujarat,age_30_33,24,25.8289,93.7651,94.3459,,,,45.8026,54.1974,
Gujarat,age_34_plus,24,37.8034,91.02,85.4465,,,,59.4611,40.5389,
Gujarat,age_below10,24,98.1858,0.0,0.0,54.6712,44.9237,44.9237,78.4682,21.5318,55.0763
Daman & Diu,age_10_13,25,36.9532,0.2242,0.5999,86.8272,9.0652,9.0652,6.0907,93.9093,90.9348
Daman & Diu,age_14_17,25,12.709,2.2831,8.2655,49.8494,20.4819,20.4819,9.9398,90.0602,79.5181
Daman & Diu,age_18_21,25,15.625,30.8387,52.2429,12.5628,26.1307,26.1307,11.5578,88.4422,73.8693
Daman & Diu,age_22_25,25,16.8421,30.8387,52.2429,,,,14.1935,85.8065,
Daman & Diu,age_26_29,25,21.5213,79.1111,85.6618,,,,20.1481,79.8519,
Daman & Diu,age_30_33,25,24.3108,92.6056,92.0591,,,,29.7535,70.2465,
Daman & Diu,age_34_plus,25,43.4932,93.6378,81.328,,,,52.3654,47.6346,
Daman & Diu,age_below10,25,98.7879,0.0,0.0,78.6905,21.3095,21.3095,68.3099,31.6901,78.6905
Dadra & Nagar Haveli,age_10_13,26,41.8973,0.281,0.5155,75.9863,18.7123,18.7123,17.8356,82.1644,81.2877
Dadra & Nagar Haveli,age_14_17,26,14.9916,6.9887,17.2053,47.4552,24.0174,24.0174,24.4883,75.5117,75.9826
Dadra & Nagar Haveli,age_18_21,26,14.4083,65.8623,75.4068,18.4245,20.744,20.744,28.6214,71.3786,79.256
Dadra & Nagar Haveli,age_22_25,26,17.9865,65.8623,75.4068,,,,36.9408,63.0592,
Dadra & Nagar Haveli,age_26_29,26,23.7924,91.9942,92.5575,,,,44.2504,55.7496,
Dadra & Nagar Haveli,age_30_33,26,31.368,97.6102,95.8303,,,,52.4008,47.5992,
Dadra & Nagar Haveli,age_34_plus,26,41.7272,94.8023,86.1026,,,,68.7961,31.2039,
Dadra & Nagar Haveli,age_below10,26,98.1615,0.0,0.0,62.0852,37.3582,37.3582,79.7382,20.2618,62.6418
Maharashtra,age_10_13,27,45.8066,0.2771,0.6338,80.5757,14.9897,14.9897,11.7956,88.2044,85.0103
Maharashtra,age_14_17,27,15.6989,3.1019,12.4665,56.4597,20.1347,20.1347,15.5086,84.4914,79.8653
Maharashtra,age_18_21,27,15.8513,43.3949,63.5973,32.7855,22.7587,22.7587,18.2702,81.7298,77.2413
Maharashtra,age_22_25,27,18.1101,43.3949,63.5973,,,,22.9995,77.0005,
Maharashtra,age_26_29,27,23.0508,82.2325,88.0571,,,,30.9583,69.0417,
Maharashtra,age_30_33,27,31.03,95.0815,94.4385,,,,38.7476,61.2524,
Maharashtra,age_34_plus,27,46.6197,93.3396,84.1044,,,,52.834,47.166,
Maharashtra,age_below10,27,98.1815,0.0,0.0,59.9926,39.5153,39.5153,76.6535,23.3465,60.4847
Andhra Pradesh,age_10_13,28,39.4244,0.473,1.2149,70.0176,17.6252,17.6252,22.8063,77.1937,82.3748
Andhra Pradesh,age_14_17,28,14.7581,6.561,24.2255,44.3367,19.044,19.044,31.8777,68.1223,80.956
Andhra Pradesh,age_18_21,28,14.569,57.86,74.6827,25.2164,19.8982,19.8982,37.4682,62.5318,80.1018
Andhra Pradesh,age_22_25,28,15.5793,57.86,74.6827,,,,44.7078,55.2922,
Andhra Pradesh,age_26_29,28,18.5159,90.1278,92.2774,,,,54.7192,45.2808,
Andhra Pradesh,age_30_33,28,21.9489,96.2565,94.6398,,,,64.1634,35.8366,
Andhra Pradesh,age_34_plus,28,29.9204,93.832,85.5784,,,,79.2396,20.7604,
Andhra Pradesh,age_below10,28,96.6008,0.0,0.0,66.2531,31.984,31.984,73.6517,26.3483,68.016
Karnataka,age_10_13,29,41.5078,0.6528,1.5276,72.8198,16.8604,16.8604,17.2828,82.7172,83.1396
Karnataka,age_14_17,29,12.5772,3.0357,14.1501,47.0893,19.8359,19.8359,22.3296,77.6704,80.1641
Karnataka,age_18_21,29,14.7435,27.2546,52.7105,22.1279,21.4413,21.4413,28.2469,71.7531,78.5587
Karnataka,age_22_25,29,14.731,27.2546,52.7105,,,,30.4354,69.5646,
Karnataka,age_26_29,29,18.6374,69.9572,81.6414,,,,40.1705,59.8295,
Karnataka,age_30_33,29,23.648,91.4879,91.6854,,,,49.4707,50.5293,
Karnataka,age_34_plus,29,33.7426,93.4601,82.1151,,,,60.4767,39.5233,
Karnataka,age_below10,29,97.7427,0.0,0.0,56.1285,42.5713,42.5713,75.4422,24.5578,57.4287
Goa,age_10_13,30,35.0,0.0,1.4085,67.8571,14.2857,14.2857,28.5714,71.4286,85.7143
Goa,age_14_17,30,4.7619,5.2632,12.3077,52.0,12.0,12.0,16.0,84.0,88.0
Goa,age_18_21,30,14.2857,27.2727,50.0,23.5294,29.4118,29.4118,17.6471,82.3529,70.5882
Goa,age_22_25,30,4.3478,27.2727,50.0,,,,30.303,69.697,
Goa,age_26_29,30,0.0,66.6667,67.1875,,,,41.0256,58.9744,
Goa,age_30_33,30,0.0,81.25,88.0952,,,,37.5,62.5,
Goa,age_34_plus,30,17.0732,92.3077,84.058,,,,47.4359,52.5641,
Goa,age_below10,30,100.0,0.0,0.0,35.7143,64.2857,64.2857,87.0968,12.9032,35.7143
Lakshadweep,age_10_13,31,49.7014,0.1033,0.3224,97.4326,2.4699,2.4699,2.0474,97.9526,97.5301
Lakshadweep,age_14_17,31,8.5725,0.5577,6.3386,84.2786,14.8839,14.8839,1.8652,98.1348,85.1161
Lakshadweep,age_18_21,31,9.3988,11.9883,40.3765,44.7368,50.0822,50.0822,2.8783,97.1217,49.9178
Lakshadweep,age_22_25,31,11.1688,11.9883,40.3765,,,,3.5088,96.4912,
Lakshadweep,age_26_29,31,11.9125,52.4516,70.3963,,,,3.3288,96.6712,
Lakshadweep,age_30_33,31,12.5397,89.0411,89.5968,,,,4.1096,95.8904,
Lakshadweep,age_34_plus,31,27.2483,93.3765,82.4274,,,,12.4824,87.5176,
Lakshadweep,age_below10,31,98.9975,0.0,0.0,81.3822,18.588,18.588,75.7594,24.2406,81.412
Kerala,age_10_13,32,41.1693,0.3349,0.6811,83.3801,15.4777,15.4777,10.0404,89.9596,84.5223
Kerala,age_14_17,32,14.3338,1.8128,9.3329,54.4787,33.3741,33.3741,10.0806,89.9194,66.6259
Kerala,age_18_21,32,16.8067,26.3087,46.4878,19.3771,45.6863,45.6863,11.8297,88.1703,54.3137
Kerala,age_22_25,32,17.2164,26.3087,46.4878,,,,13.8396,86.1604,
Kerala,age_26_29,32,20.5105,65.4107,73.3521,,,,21.3715,78.6285,
Kerala,age_30_33,32,23.1496,85.2079,84.7692,,,,27.9192,72.0808,
Kerala,age_34_plus,32,37.3475,90.4845,79.8804,,,,49.1065,50.8935,
Kerala,age_below10,32,96.9989,0.0,0.0,67.5594,32.1381,32.1381,79.0324,20.9676,67.8619
Tamil Nadu,age_10_13,33,28.5745,0.7753,1.4028,67.2088,23.9565,23.9565,23.5678,76.4322,76.0435
Tamil Nadu,age_14_17,33,9.7686,4.2037,17.5708,41.4195,26.2386,26.2386,28.4986,71.5014,73.7614
Tamil Nadu,age_18_21,33,9.4488,43.5073,65.1573,18.0923,27.9187,27.9187,32.9279,67.0721,72.0813
Tamil Nadu,age_22_25,33,8.726,43.5073,65.1573,,,,37.0627,62.9373,
Tamil Nadu,age_26_29,33,10.4667,81.8,87.7778,,,,47.9719,52.0281,
Tamil Nadu,age_30_33,33,12.1655,93.8829,93.5866,,,,56.8228,43.1772,
Tamil Nadu,age_34_plus,33,17.2669,92.4876,84.4585,,,,69.8096,30.1904,
Tamil Nadu,age_below10,33,93.1965,0.0,0.0,63.2084,34.8635,34.8635,77.3157,22.6843,65.1365
Andaman & Nicobar Islands,age_10_13,35,43.7768,0.1806,0.2508,82.4484,16.7404,16.7404,14.0855,85.9145,83.2596
Andaman & Nicobar Islands,age_14_17,35,11.2918,0.3927,2.0033,63.8315,28.2411,28.2411,8.5879,91.4121,71.7589
Andaman & Nicobar Islands,age_18_21,35,8.5145,12.006,24.2841,36.3344,44.6945,44.6945,11.254,88.746,55.3055
Andaman & Nicobar Islands,age_22_25,35,7.1186,12.006,24.2841,,,,12.006,87.994,
Andaman & Nicobar Islands,age_26_29,35,7.2,47.7307,57.8947,,,,14.9017,85.0983,
Andaman & Nicobar Islands,age_30_33,35,8.0906,71.4286,76.5781,,,,19.7403,80.2597,
Andaman & Nicobar Islands,age_34_plus,35,15.3618,83.7689,80.6118,,,,42.4242,57.5758,
Andaman & Nicobar Islands,age_below10,35,97.3958,0.0,0.0,53.1688,46.6978,46.6978,79.5018,20.4982,53.3022
