state_name,age_bracket,state_code,CMPR_SC_female,CMPR_SC_male,CMPR_SC_persons,Child_labour_attending_SC_female,Child_labour_attending_SC_male,Child_labour_dropout_SC_female,Child_labour_dropout_SC_male,Dropout_rate_SC_female,Dropout_rate_SC_male,Non_worker_dropout_SC_female,School_attendance_rate_SC_female,School_attendance_rate_SC_male
INDIA,age_10_13,00,2.7449,1.0214,1.8308,67.2683,78.0205,30.0558,18.5768,30.0558,18.5768,0.0,69.9442,81.4232
INDIA,age_14_17,00,30.4066,6.4476,17.2513,42.7187,56.1122,47.6199,25.3971,47.6199,25.3971,0.0,52.3801,74.6029
INDIA,age_18_21,00,82.6548,41.5763,61.7307,17.2459,30.7135,65.6162,30.4465,65.6162,30.4465,0.0,34.3838,69.5535
INDIA,age_22_25,00,82.6548,41.5763,61.7307,,,,,,,,,
INDIA,age_26_29,00,93.7936,77.3721,85.6676,,,,,,,,,
INDIA,age_30_33,00,94.5743,91.7177,93.1525,,,,,,,,,
INDIA,age_34_plus,00,76.1417,91.5173,84.014,,,,,,,,,
INDIA,age_below10,00,0.0,0.0,0.0,51.1227,55.541,48.5053,43.9251,48.5053,43.9251,0.0,51.4947,56.0749
Jammu & Kashmir,age_10_13,01,2.1628,1.288,1.7105,75.9998,85.3659,22.5863,12.7894,22.5863,12.7894,0.0,77.4137,87.2106
Jammu & Kashmir,age_14_17,01,12.0988,2.8402,7.3073,54.7707,66.7301,41.5393,22.7601,41.5393,22.7601,0.0,58.4607,77.2399
Jammu & Kashmir,age_18_21,01,60.9801,21.3314,39.7365,25.3536,33.275,68.0243,38.9004,68.0243,38.9004,0.0,31.9757,61.0996
Jammu & Kashmir,age_22_25,01,60.9801,21.3314,39.7365,,,,,,,,,
Jammu & Kashmir,age_26_29,01,91.4713,59.8366,74.9696,,,,,,,,,
Jammu & Kashmir,age_30_33,01,96.5677,88.8607,92.5954,,,,,,,,,
Jammu & Kashmir,age_34_plus,01,81.254,91.8614,86.841,,,,,,,,,
Jammu & Kashmir,age_below10,01,0.0,0.0,0.0,56.3979,62.3185,43.3403,37.3154,43.3403,37.3154,0.0,56.6597,62.6846
Himachal Pradesh,age_10_13,02,0.9686,0.5065,0.7338,93.2283,95.7245,5.7037,3.3348,5.7037,3.3348,0.0,94.2963,96.6652
Himachal Pradesh,age_14_17,02,13.0177,2.189,7.3785,73.8256,81.5495,19.4048,10.0182,19.4048,10.0182,0.0,80.5952,89.9818
Himachal Pradesh,age_18_21,02,73.7808,27.9053,50.5952,36.1877,51.5564,44.8826,22.5267,44.8826,22.5267,0.0,55.1174,77.4733
Himachal Pradesh,age_22_25,02,73.7808,27.9053,50.5952,,,,,,,,,
Himachal Pradesh,age_26_29,02,94.5832,73.5837,84.1297,,,,,,,,,
Himachal Pradesh,age_30_33,02,95.8326,93.5799,94.7061,,,,,,,,,
Himachal Pradesh,age_34_plus,02,77.5136,90.3981,84.0148,,,,,,,,,
Himachal Pradesh,age_below10,02,0.0,0.0,0.0,69.9505,71.9452,29.8533,27.8318,29.8533,27.8318,0.0,70.1467,72.1682
Punjab,age_10_13,03,2.1083,1.4186,1.7428,76.0823,79.6064,22.3386,16.3984,22.3386,16.3984,0.0,77.6614,83.6016
Punjab,age_14_17,03,12.5657,3.5996,7.671,49.0287,53.2098,44.2009,24.3633,44.2009,24.3633,0.0,55.7991,75.6367
Punjab,age_18_21,03,67.8166,31.5319,48.1977,19.497,23.3445,68.3519,29.8825,68.3519,29.8825,0.0,31.6481,70.1175
Punjab,age_22_25,03,67.8166,31.5319,48.1977,,,,,,,,,
Punjab,age_26_29,03,93.9169,74.443,83.9378,,,,,,,,,
Punjab,age_30_33,03,97.0402,91.868,94.4876,,,,,,,,,
Punjab,age_34_plus,03,83.2637,90.2477,86.9216,,,,,,,,,
Punjab,age_below10,03,0.0,0.0,0.0,56.5539,58.9547,43.1372,40.5225,43.1372,40.5225,0.0,56.8628,59.4775
Chandigarh,age_10_13,04,1.2176,0.4817,0.8242,81.8294,85.4305,16.587,12.4763,16.587,12.4763,0.0,83.413,87.5237
Chandigarh,age_14_17,04,16.2417,4.157,9.4346,63.3549,65.0267,30.5955,18.2219,30.5955,18.2219,0.0,69.4045,81.7781
Chandigarh,age_18_21,04,71.8807,38.0989,53.408,32.7934,35.0906,58.3802,23.3163,58.3802,23.3163,0.0,41.6198,76.6837
Chandigarh,age_22_25,04,71.8807,38.0989,53.408,,,,,,,,,
Chandigarh,age_26_29,04,93.7917,79.5327,85.9814,,,,,,,,,
Chandigarh,age_30_33,04,96.9615,94.9892,95.8997,,,,,,,,,
Chandigarh,age_34_plus,04,85.1492,94.2248,90.2767,,,,,,,,,
Chandigarh,age_below10,04,0.0,0.0,0.0,63.4866,66.4227,36.1688,33.2066,36.1688,33.2066,0.0,63.8312,66.7934
State - UTTARANCHAL  05,age_10_13,05,1.2628,0.3774,0.8033,84.0628,91.08,14.6294,7.6426,14.6294,7.6426,0.0,85.3706,92.3574
State - UTTARANCHAL  05,age_14_17,05,19.6822,2.6375,10.6334,55.1834,72.204,37.2103,18.6972,37.2103,18.6972,0.0,62.7897,81.3028
State - UTTARANCHAL  05,age_18_21,05,81.2247,35.5354,57.949,25.5265,42.9475,55.3302,31.5086,55.3302,31.5086,0.0,44.6698,68.4914
State - UTTARANCHAL  05,age_22_25,05,81.2247,35.5354,57.949,,,,,,,,,
State - UTTARANCHAL  05,age_26_29,05,95.5623,78.3506,87.1487,,,,,,,,,
State - UTTARANCHAL  05,age_30_33,05,96.0716,92.4539,94.3016,,,,,,,,,
State - UTTARANCHAL  05,age_34_plus,05,77.0913,88.9418,83.2313,,,,,,,,,
State - UTTARANCHAL  05,age_below10,05,0.0,0.0,0.0,62.7022,65.1133,37.082,34.6464,37.082,34.6464,0.0,62.918,65.3536
Haryana,age_10_13,06,2.423,0.8812,1.6,74.1374,82.7325,24.4757,14.6391,24.4757,14.6391,0.0,75.5243,85.3609
Haryana,age_14_17,06,27.5445,6.4793,15.5793,45.1827,59.5545,48.7085,23.0485,48.7085,23.0485,0.0,51.2915,76.9515
Haryana,age_18_21,06,87.7586,45.5042,64.3914,17.1305,32.9505,71.0365,28.7964,71.0365,28.7964,0.0,28.9635,71.2036
Haryana,age_22_25,06,87.7586,45.5042,64.3914,,,,,,,,,
Haryana,age_26_29,06,97.2933,83.5815,90.0363,,,,,,,,,
Haryana,age_30_33,06,96.7814,94.3433,95.5469,,,,,,,,,
Haryana,age_34_plus,06,80.6242,91.1093,86.107,,,,,,,,,
Haryana,age_below10,06,0.0,0.0,0.0,51.1743,55.0443,48.5993,44.5685,48.5993,44.5685,0.0,51.4007,55.4315
State - DELHI  07,age_10_13,07,1.0694,0.3501,0.6896,84.1166,86.6374,15.4148,12.0045,15.4148,12.0045,0.0,84.5852,87.9955
State - DELHI  07,age_14_17,07,14.6625,3.5856,8.5015,59.1805,62.2909,38.7271,25.482,38.7271,25.482,0.0,61.2729,74.518
State - DELHI  07,age_18_21,07,72.2092,34.5612,51.3138,29.2131,33.0097,66.8578,32.7806,66.8578,32.7806,0.0,33.1422,67.2194
State - DELHI  07,age_22_25,07,72.2092,34.5612,51.3138,,,,,,,,,
State - DELHI  07,age_26_29,07,93.9585,77.1643,84.8698,,,,,,,,,
State - DELHI  07,age_30_33,07,96.3436,93.4895,94.8228,,,,,,,,,
State - DELHI  07,age_34_plus,07,80.2643,93.1737,87.336,,,,,,,,,
State - DELHI  07,age_below10,07,0.0,0.0,0.0,64.5742,66.0062,35.3293,33.7289,35.3293,33.7289,0.0,64.6707,66.2711
Rajasthan,age_10_13,08,6.8933,2.8177,4.6957,55.4994,81.1041,40.7703,15.4903,40.7703,15.4903,0.0,59.2297,84.5097
Rajasthan,age_14_17,08,46.1128,15.1929,28.6884,27.1439,55.8344,59.5849,21.8715,59.5849,21.8715,0.0,40.4151,78.1285
Rajasthan,age_18_21,08,93.6551,61.3829,76.7346,11.4152,30.1745,67.2064,23.765,67.2064,23.765,0.0,32.7936,76.235
Rajasthan,age_22_25,08,93.6551,61.3829,76.7346,,,,,,,,,
Rajasthan,age_26_29,08,97.6106,88.8718,93.1379,,,,,,,,,
Rajasthan,age_30_33,08,96.7653,94.7598,95.7589,,,,,,,,,
Rajasthan,age_34_plus,08,77.338,91.3822,84.4422,,,,,,,,,
Rajasthan,age_below10,08,0.0,0.0,0.0,46.4413,57.8531,53.099,41.6555,53.099,41.6555,0.0,46.901,58.3445
Uttar Pradesh,age_10_13,09,3.814,1.4809,2.5434,62.5198,76.1101,36.5593,21.5362,36.5593,21.5362,0.0,63.4407,78.4638
Uttar Pradesh,age_14_17,09,34.9262,9.7349,20.3997,36.8313,56.1781,59.8013,29.5079,59.8013,29.5079,0.0,40.1987,70.4921
Uttar Pradesh,age_18_21,09,91.1354,53.7697,71.8001,16.1078,32.9822,77.4022,33.7951,77.4022,33.7951,0.0,22.5978,66.2049
Uttar Pradesh,age_22_25,09,91.1354,53.7697,71.8001,,,,,,,,,
Uttar Pradesh,age_26_29,09,97.3581,83.4936,90.3311,,,,,,,,,
Uttar Pradesh,age_30_33,09,97.3567,91.4916,94.4726,,,,,,,,,
Uttar Pradesh,age_34_plus,09,81.6161,87.6555,84.7702,,,,,,,,,
Uttar Pradesh,age_below10,09,0.0,0.0,0.0,43.6221,49.1808,56.0412,50.2165,56.0412,50.2165,0.0,43.9588,49.7835
Bihar,age_10_13,10,4.4497,1.3217,2.7206,29.5453,47.685,67.2963,46.6277,67.2963,46.6277,0.0,32.7037,53.3723
Bihar,age_14_17,10,57.5547,14.9212,33.5808,17.9747,35.7327,69.8322,37.1232,69.8322,37.1232,0.0,30.1678,62.8768
Bihar,age_18_21,10,96.0921,67.4186,82.3984,5.4763,21.3897,74.6927,31.0055,74.6927,31.0055,0.0,25.3073,68.9945
Bihar,age_22_25,10,96.0921,67.4186,82.3984,,,,,,,,,
Bihar,age_26_29,10,98.2995,91.3311,94.9162,,,,,,,,,
Bihar,age_30_33,10,97.3274,96.1368,96.7452,,,,,,,,,
Bihar,age_34_plus,10,83.2439,91.7176,87.6998,,,,,,,,,
Bihar,age_below10,10,0.0,0.0,0.0,17.6098,25.7031,81.8581,73.43,81.8581,73.43,0.0,18.1419,26.57
Sikkim,age_10_13,11,0.9896,0.4152,0.7018,82.2006,85.4086,13.7864,10.7652,13.7864,10.7652,0.0,86.2136,89.2348
Sikkim,age_14_17,11,21.7019,4.9663,13.631,60.7568,60.1326,23.8963,20.339,23.8963,20.339,0.0,76.1037,79.661
Sikkim,age_18_21,11,63.396,35.6245,49.9283,29.7568,35.6601,45.9227,25.0379,45.9227,25.0379,0.0,54.0773,74.9621
Sikkim,age_22_25,11,63.396,35.6245,49.9283,,,,,,,,,
Sikkim,age_26_29,11,81.6429,70.9708,76.6193,,,,,,,,,
Sikkim,age_30_33,11,87.2418,83.7336,85.3939,,,,,,,,,
Sikkim,age_34_plus,11,77.1513,85.5584,81.6985,,,,,,,,,
Sikkim,age_below10,11,0.0,0.0,0.0,64.9886,64.1436,34.7254,34.8619,34.7254,34.8619,0.0,65.2746,65.1381
Arunachal Pradesh,age_10_13,12,1.0499,0.5051,0.7722,73.3542,81.9018,24.7649,16.2577,24.7649,16.2577,0.0,75.2351,83.7423
Arunachal Pradesh,age_14_17,12,29.9611,5.6022,15.798,51.8018,65.0558,41.8919,22.3048,41.8919,22.3048,0.0,58.1081,77.6952
Arunachal Pradesh,age_18_21,12,85.6481,36.8932,56.9524,26.8041,30.3797,63.9175,24.0506,63.9175,24.0506,0.0,36.0825,75.9494
Arunachal Pradesh,age_22_25,12,85.6481,36.8932,56.9524,,,,,,,,,
Arunachal Pradesh,age_26_29,12,92.8315,66.3912,77.8816,,,,,,,,,
Arunachal Pradesh,age_30_33,12,96.2617,89.0282,91.9325,,,,,,,,,
Arunachal Pradesh,age_34_plus,12,84.9287,94.7064,91.5686,,,,,,,,,
Arunachal Pradesh,age_below10,12,0.0,0.0,0.0,52.1845,56.9161,47.5728,42.1769,47.5728,42.1769,0.0,52.4272,57.8231
Manipur,age_10_13,14,1.2488,0.3604,0.796,88.9503,90.0264,10.5762,9.1802,10.5762,9.1802,0.0,89.4238,90.8198
Manipur,age_14_17,14,9.0164,1.9785,5.5259,80.409,81.48,15.8282,11.4097,15.8282,11.4097,0.0,84.1718,88.5903
Manipur,age_18_21,14,42.0627,18.763,30.8324,60.9375,66.1135,29.6875,16.3319,29.6875,16.3319,0.0,70.3125,83.6681
Manipur,age_22_25,14,42.0627,18.763,30.8324,,,,,,,,,
Manipur,age_26_29,14,67.5465,51.9481,60.2189,,,,,,,,,
Manipur,age_30_33,14,81.3876,77.2612,79.3421,,,,,,,,,
Manipur,age_34_plus,14,73.7976,89.3461,81.6353,,,,,,,,,
Manipur,age_below10,14,0.0,0.0,0.0,70.9182,72.4179,28.7997,27.2508,28.7997,27.2508,0.0,71.2003,72.7492
Mizoram,age_10_13,15,0.0,0.0,0.0,100.0,100.0,0.0,0.0,0.0,0.0,0.0,100.0,100.0
Mizoram,age_14_17,15,0.0,0.0,0.0,60.0,85.7143,40.0,0.0,40.0,0.0,0.0,60.0,100.0
Mizoram,age_18_21,15,83.3333,10.7143,23.5294,100.0,33.3333,0.0,33.3333,0.0,33.3333,0.0,100.0,66.6667
Mizoram,age_22_25,15,83.3333,10.7143,23.5294,,,,,,,,,
Mizoram,age_26_29,15,100.0,35.5556,45.283,,,,,,,,,
Mizoram,age_30_33,15,100.0,75.0,78.4314,,,,,,,,,
Mizoram,age_34_plus,15,85.7143,89.2308,88.8889,,,,,,,,,
Mizoram,age_below10,15,0.0,0.0,0.0,100.0,66.6667,0.0,33.3333,0.0,33.3333,0.0,100.0,66.6667
Tripura,age_10_13,16,1.0251,0.3874,0.7009,85.6596,88.4212,13.5488,10.5835,13.5488,10.5835,0.0,86.4512,89.4165
Tripura,age_14_17,16,23.9041,1.9174,12.541,65.1907,68.9092,32.2917,21.9848,32.2917,21.9848,0.0,67.7083,78.0152
Tripura,age_18_21,16,71.6811,21.3227,46.5095,29.6955,41.8176,65.9606,30.9902,65.9606,30.9902,0.0,34.0394,69.0098
Tripura,age_22_25,16,71.6811,21.3227,46.5095,,,,,,,,,
Tripura,age_26_29,16,88.3522,58.0526,73.7243,,,,,,,,,
Tripura,age_30_33,16,91.0257,83.9712,87.4255,,,,,,,,,
Tripura,age_34_plus,16,68.4725,94.2423,81.8143,,,,,,,,,
Tripura,age_below10,16,0.0,0.0,0.0,61.9098,63.5815,37.9305,36.2227,37.9305,36.2227,0.0,62.0695,63.7773
Meghalaya,age_10_13,17,1.6552,0.3922,1.0067,53.8462,62.5585,45.1282,35.1014,45.1282,35.1014,0.0,54.8718,64.8986
Meghalaya,age_14_17,17,21.8254,5.3435,12.5108,49.3363,50.969,48.4513,36.4341,48.4513,36.4341,0.0,51.5487,63.5659
Meghalaya,age_18_21,17,68.4332,27.9503,47.1101,25.5208,34.6008,71.875,32.6996,71.875,32.6996,0.0,28.125,67.3004
Meghalaya,age_22_25,17,68.4332,27.9503,47.1101,,,,,,,,,
Meghalaya,age_26_29,17,88.5965,54.5455,71.4597,,,,,,,,,
Meghalaya,age_30_33,17,88.9952,76.6147,82.5836,,,,,,,,,
Meghalaya,age_34_plus,17,70.7335,91.8355,82.4818,,,,,,,,,
Meghalaya,age_below10,17,0.0,0.0,0.0,40.1062,41.0783,59.6282,58.665,59.6282,58.665,0.0,40.3718,41.335
Assam,age_10_13,18,1.3385,0.359,0.8381,72.4615,77.2435,26.5596,20.4623,26.5596,20.4623,0.0,73.4404,79.5377
Assam,age_14_17,18,19.3907,2.0172,10.1523,53.6105,55.4746,43.5191,30.187,43.5191,30.187,0.0,56.4809,69.813
Assam,age_18_21,18,65.728,17.1708,40.5112,28.2624,33.9551,66.6599,35.9185,66.6599,35.9185,0.0,33.3401,64.0815
Assam,age_22_25,18,65.728,17.1708,40.5112,,,,,,,,,
Assam,age_26_29,18,86.1146,50.2789,68.6049,,,,,,,,,
Assam,age_30_33,18,90.8384,76.5459,83.6687,,,,,,,,,
Assam,age_34_plus,18,70.1268,91.5147,81.4855,,,,,,,,,
Assam,age_below10,18,0.0,0.0,0.0,55.0655,57.7071,44.6779,41.8589,44.6779,41.8589,0.0,55.3221,58.1411
West Bengal,age_10_13,19,1.522,0.5106,0.9983,69.9029,77.7153,28.3071,19.2911,28.3071,19.2911,0.0,71.6929,80.7089
West Bengal,age_14_17,19,34.3947,3.311,17.5277,42.6735,50.2531,50.7907,30.1276,50.7907,30.1276,0.0,49.2093,69.8724
West Bengal,age_18_21,19,84.9674,34.6476,60.0139,15.882,27.542,75.3552,32.5031,75.3552,32.5031,0.0,24.6448,67.4969
West Bengal,age_22_25,19,84.9674,34.6476,60.0139,,,,,,,,,
West Bengal,age_26_29,19,93.3733,71.859,82.8602,,,,,,,,,
West Bengal,age_30_33,19,93.388,89.4661,91.386,,,,,,,,,
West Bengal,age_34_plus,19,70.0243,93.9671,82.4124,,,,,,,,,
West Bengal,age_below10,19,0.0,0.0,0.0,54.0554,57.2007,45.7512,42.4902,45.7512,42.4902,0.0,54.2488,57.5098
Jharkhand,age_10_13,20,2.6251,0.5765,1.5349,41.0238,59.565,57.2474,37.5307,57.2474,37.5307,0.0,42.7526,62.4693
Jharkhand,age_14_17,20,47.2107,9.9234,26.5183,26.8017,46.1583,66.7911,39.8312,66.7911,39.8312,0.0,33.2089,60.1688
Jharkhand,age_18_21,20,91.6532,58.4444,75.2054,9.0901,28.287,79.9339,43.8136,79.9339,43.8136,0.0,20.0661,56.1864
Jharkhand,age_22_25,20,91.6532,58.4444,75.2054,,,,,,,,,
Jharkhand,age_26_29,20,96.0125,86.6138,91.3623,,,,,,,,,
Jharkhand,age_30_33,20,95.0532,94.4575,94.7632,,,,,,,,,
Jharkhand,age_34_plus,20,77.9399,92.0004,85.2175,,,,,,,,,
Jharkhand,age_below10,20,0.0,0.0,0.0,27.6371,36.7643,72.0829,62.7842,72.0829,62.7842,0.0,27.9171,37.2158
State - ORISSA  21,age_10_13,21,1.0409,0.2944,0.6611,62.2988,76.1768,36.6886,22.2272,36.6886,22.2272,0.0,63.3114,77.7728
State - ORISSA  21,age_14_17,21,16.455,1.9283,9.1519,32.4559,48.9497,62.9212,39.5548,62.9212,39.5548,0.0,37.0788,60.4452
State - ORISSA  21,age_18_21,21,71.2969,23.1268,46.9418,12.5326,24.6636,79.9155,47.8841,79.9155,47.8841,0.0,20.0845,52.1159
State - ORISSA  21,age_22_25,21,71.2969,23.1268,46.9418,,,,,,,,,
State - ORISSA  21,age_26_29,21,92.0831,68.0263,80.5191,,,,,,,,,
State - ORISSA  21,age_30_33,21,93.8808,91.7814,92.8575,,,,,,,,,
State - ORISSA  21,age_34_plus,21,75.6829,93.3776,84.7415,,,,,,,,,
State - ORISSA  21,age_below10,21,0.0,0.0,0.0,53.1372,58.6373,46.7194,41.1048,46.7194,41.1048,0.0,53.2806,58.8952
Chhattisgarh,age_10_13,22,1.3301,0.485,0.8947,77.1335,87.3798,21.2342,11.1871,21.2342,11.1871,0.0,78.7658,88.8129
Chhattisgarh,age_14_17,22,25.0082,4.9469,14.1862,43.0936,63.9579,46.2013,23.5203,46.2013,23.5203,0.0,53.7987,76.4797
Chhattisgarh,age_18_21,22,83.2278,47.3576,65.4082,16.0802,38.4772,61.0605,30.1432,61.0605,30.1432,0.0,38.9395,69.8568
Chhattisgarh,age_22_25,22,83.2278,47.3576,65.4082,,,,,,,,,
Chhattisgarh,age_26_29,22,92.3303,82.4494,87.4258,,,,,,,,,
Chhattisgarh,age_30_33,22,93.4162,94.2083,93.7998,,,,,,,,,
Chhattisgarh,age_34_plus,22,73.5831,91.7756,82.3877,,,,,,,,,
Chhattisgarh,age_below10,22,0.0,0.0,0.0,58.6008,62.0588,41.1808,37.6976,41.1808,37.6976,0.0,58.8192,62.3024
Madhya Pradesh,age_10_13,23,4.2944,1.417,2.734,72.4422,84.8104,25.4075,12.5216,25.4075,12.5216,0.0,74.5925,87.4784
Madhya Pradesh,age_14_17,23,44.171,11.7952,25.395,40.2396,61.2943,49.0215,20.676,49.0215,20.676,0.0,50.9785,79.324
Madhya Pradesh,age_18_21,23,90.8121,56.4693,72.8663,14.5838,34.1285,65.344,25.3988,65.344,25.3988,0.0,34.656,74.6012
Madhya Pradesh,age_22_25,23,90.8121,56.4693,72.8663,,,,,,,,,
Madhya Pradesh,age_26_29,23,96.4319,84.3756,90.2794,,,,,,,,,
Madhya Pradesh,age_30_33,23,96.2509,92.7162,94.47,,,,,,,,,
Madhya Pradesh,age_34_plus,23,77.1939,90.2307,83.8841,,,,,,,,,
Madhya Pradesh,age_below10,23,0.0,0.0,0.0,51.0322,55.6546,48.7307,44.0295,48.7307,44.0295,0.0,51.2693,55.9705
Gujarat,age_10_13,24,1.2228,0.4245,0.7984,81.876,89.6273,16.9693,8.7831,16.9693,8.7831,0.0,83.0307,91.2169
Gujarat,age_14_17,24,14.8278,2.8439,8.3914,45.1628,61.8203,46.67,21.2889,46.67,21.2889,0.0,53.33,78.7111
Gujarat,age_18_21,24,76.5899,35.9846,54.9137,19.1233,29.4864,66.6511,27.8453,66.6511,27.8453,0.0,33.3489,72.1547
Gujarat,age_22_25,24,76.5899,35.9846,54.9137,,,,,,,,,
Gujarat,age_26_29,24,94.0746,77.7499,85.7459,,,,,,,,,
Gujarat,age_30_33,24,95.2014,91.439,93.3008,,,,,,,,,
Gujarat,age_34_plus,24,77.0416,91.9718,84.5417,,,,,,,,,
Gujarat,age_below10,24,0.0,0.0,0.0,65.2479,67.2868,34.6385,32.5099,34.6385,32.5099,0.0,65.3615,67.4901
Daman & Diu,age_10_13,25,1.4493,0.0,0.6969,92.5764,95.1807,7.4236,3.6145,7.4236,3.6145,0.0,92.5764,96.3855
Daman & Diu,age_14_17,25,7.4349,1.7422,4.4964,71.0407,80.5,27.1493,9.5,27.1493,9.5,0.0,72.8507,90.5
Daman & Diu,age_18_21,25,67.7686,18.5965,41.1765,28.4211,39.7059,68.4211,15.4412,68.4211,15.4412,0.0,31.5789,84.5588
Daman & Diu,age_22_25,25,67.7686,18.5965,41.1765,,,,,,,,,
Daman & Diu,age_26_29,25,90.4306,61.0236,74.2981,,,,,,,,,
Daman & Diu,age_30_33,25,87.8205,90.8213,89.5317,,,,,,,,,
Daman & Diu,age_34_plus,25,65.9864,94.3925,79.2302,,,,,,,,,
Daman & Diu,age_below10,25,0.0,0.0,0.0,81.6964,78.8104,18.3036,20.0743,18.3036,20.0743,0.0,81.6964,79.9257
Dadra & Nagar Haveli,age_10_13,26,1.2048,0.5,0.8197,92.5373,96.1538,6.7164,3.2051,6.7164,3.2051,0.0,93.2836,96.7949
Dadra & Nagar Haveli,age_14_17,26,22.8261,3.4934,12.1065,67.6056,78.8571,19.0141,10.2857,19.0141,10.2857,0.0,80.9859,89.7143
Dadra & Nagar Haveli,age_18_21,26,79.1837,28.5714,53.1746,21.6216,36.7347,63.5135,17.3469,63.5135,17.3469,0.0,36.4865,82.6531
Dadra & Nagar Haveli,age_22_25,26,79.1837,28.5714,53.1746,,,,,,,,,
Dadra & Nagar Haveli,age_26_29,26,93.1193,76.4706,84.1438,,,,,,,,,
Dadra & Nagar Haveli,age_30_33,26,97.9021,97.4227,97.6261,,,,,,,,,
Dadra & Nagar Haveli,age_34_plus,26,77.9817,95.4628,86.7701,,,,,,,,,
Dadra & Nagar Haveli,age_below10,26,0.0,0.0,0.0,67.4312,60.7306,32.5688,39.2694,32.5688,39.2694,0.0,67.4312,60.7306
Maharashtra,age_10_13,27,1.0431,0.3275,0.6685,88.522,91.9802,9.7611,6.0934,9.7611,6.0934,0.0,90.2389,93.9066
Maharashtra,age_14_17,27,20.7062,1.7219,10.1307,65.771,72.6211,25.2337,14.0062,25.2337,14.0062,0.0,74.7663,85.9938
Maharashtra,age_18_21,27,77.6051,26.8664,50.9769,30.1957,45.49,49.4734,22.6225,49.4734,22.6225,0.0,50.5266,77.3775
Maharashtra,age_22_25,27,77.6051,26.8664,50.9769,,,,,,,,,
Maharashtra,age_26_29,27,91.2128,70.6063,80.9404,,,,,,,,,
Maharashtra,age_30_33,27,92.1056,91.9618,92.0335,,,,,,,,,
Maharashtra,age_34_plus,27,72.6535,94.1853,83.3038,,,,,,,,,
Maharashtra,age_below10,27,0.0,0.0,0.0,68.4142,68.7583,31.3656,30.9492,31.3656,30.9492,0.0,68.6344,69.0508
Andhra Pradesh,age_10_13,28,1.6733,0.3978,1.0076,69.5349,81.7099,19.8931,10.4056,19.8931,10.4056,0.0,80.1069,89.5944
Andhra Pradesh,age_14_17,28,36.6224,3.424,19.0717,39.1177,52.622,33.3049,17.6489,33.3049,17.6489,0.0,66.6951,82.3511
Andhra Pradesh,age_18_21,28,84.2193,43.6427,64.317,15.6081,29.0618,45.7568,22.5235,45.7568,22.5235,0.0,54.2432,77.4765
Andhra Pradesh,age_22_25,28,84.2193,43.6427,64.317,,,,,,,,,
Andhra Pradesh,age_26_29,28,92.6231,83.8205,88.4273,,,,,,,,,
Andhra Pradesh,age_30_33,28,92.0028,95.3146,93.6701,,,,,,,,,
Andhra Pradesh,age_34_plus,28,72.9557,93.3569,83.1682,,,,,,,,,
Andhra Pradesh,age_below10,28,0.0,0.0,0.0,70.7437,73.8267,28.3167,25.2798,28.3167,25.2798,0.0,71.6833,74.7202
Karnataka,age_10_13,29,2.0288,0.6251,1.3025,67.5428,78.0872,25.694,14.2986,25.694,14.2986,0.0,74.306,85.7014
Karnataka,age_14_17,29,24.6115,2.514,12.5705,41.4262,54.0829,39.9717,19.1503,39.9717,19.1503,0.0,60.0283,80.8497
Karnataka,age_18_21,29,76.5162,25.4576,50.4939,15.108,27.2376,57.0307,23.1865,57.0307,23.1865,0.0,42.9693,76.8135
Karnataka,age_22_25,29,76.5162,25.4576,50.4939,,,,,,,,,
Karnataka,age_26_29,29,90.5204,67.6216,79.6846,,,,,,,,,
Karnataka,age_30_33,29,90.9917,89.7854,90.3985,,,,,,,,,
Karnataka,age_34_plus,29,71.3844,93.6655,82.5216,,,,,,,,,
Karnataka,age_below10,29,0.0,0.0,0.0,56.7641,59.9449,42.5647,39.0923,42.5647,39.0923,0.0,57.4353,60.9077
Goa,age_10_13,30,0.9274,0.5255,0.7235,88.8781,92.1533,9.6712,6.9343,9.6712,6.9343,0.0,90.3288,93.0657
Goa,age_14_17,30,14.1397,1.5861,7.486,64.2458,74.0513,28.7151,16.7179,28.7151,16.7179,0.0,71.2849,83.2821
Goa,age_18_21,30,47.5294,17.3477,32.3095,24.4898,37.265,60.8534,35.2137,60.8534,35.2137,0.0,39.1466,64.7863
Goa,age_22_25,30,47.5294,17.3477,32.3095,,,,,,,,,
Goa,age_26_29,30,76.9293,47.2527,62.3861,,,,,,,,,
Goa,age_30_33,30,86.8817,79.0495,82.7639,,,,,,,,,
Goa,age_34_plus,30,67.512,92.0784,79.759,,,,,,,,,
Goa,age_below10,30,0.0,0.0,0.0,74.0236,72.5792,25.8856,27.1493,25.8856,27.1493,0.0,74.1144,72.8507
Kerala,age_10_13,32,0.8332,0.2128,0.5172,97.0307,96.9169,2.7373,2.8248,2.7373,2.8248,0.0,97.2627,97.1752
Kerala,age_14_17,32,10.7943,0.8479,5.873,76.3386,73.8448,20.2306,20.3761,20.2306,20.3761,0.0,79.7694,79.6239
Kerala,age_18_21,32,52.2463,11.2126,32.7182,32.2696,29.2647,56.5927,45.7864,56.5927,45.7864,0.0,43.4073,54.2136
Kerala,age_22_25,32,52.2463,11.2126,32.7182,,,,,,,,,
Kerala,age_26_29,32,78.918,47.5359,63.9829,,,,,,,,,
Kerala,age_30_33,32,85.8421,80.2705,83.1098,,,,,,,,,
Kerala,age_34_plus,32,65.6661,92.3168,78.4132,,,,,,,,,
Kerala,age_below10,32,0.0,0.0,0.0,79.6484,78.5759,20.2316,21.2149,20.2316,21.2149,0.0,79.7684,78.7851
Tamil Nadu,age_10_13,33,1.5764,0.6034,1.0802,86.5623,88.8485,10.9291,8.5639,10.9291,8.5639,0.0,89.0709,91.4361
Tamil Nadu,age_14_17,33,17.2131,1.9855,9.4788,56.1167,61.1171,29.2447,21.3034,29.2447,21.3034,0.0,70.7553,78.6966
Tamil Nadu,age_18_21,33,68.9496,23.5802,46.8549,19.3541,27.1108,52.1501,33.0174,52.1501,33.0174,0.0,47.8499,66.9826
Tamil Nadu,age_22_25,33,68.9496,23.5802,46.8549,,,,,,,,,
Tamil Nadu,age_26_29,33,89.3998,67.1611,78.8807,,,,,,,,,
Tamil Nadu,age_30_33,33,91.2,89.6388,90.4352,,,,,,,,,
Tamil Nadu,age_34_plus,33,72.4276,92.3498,82.4424,,,,,,,,,
Tamil Nadu,age_below10,33,0.0,0.0,0.0,79.6025,80.2218,20.0035,19.3093,20.0035,19.3093,0.0,79.9965,80.6907
State - PONDICHERRY  34,age_10_13,34,0.5735,0.2891,0.4291,93.896,94.3225,5.4162,4.7586,5.4162,4.7586,0.0,94.5838,95.2414
State - PONDICHERRY  34,age_14_17,34,13.4829,0.9778,7.1965,66.473,71.6648,24.4335,17.5741,24.4335,17.5741,0.0,75.5665,82.4259
State - PONDICHERRY  34,age_18_21,34,60.9286,18.9567,40.3386,24.4041,35.9218,53.5751,29.8468,53.5751,29.8468,0.0,46.4249,70.1532
State - PONDICHERRY  34,age_22_25,34,60.9286,18.9567,40.3386,,,,,,,,,
State - PONDICHERRY  34,age_26_29,34,86.5084,60.7319,74.564,,,,,,,,,
State - PONDICHERRY  34,age_30_33,34,89.4076,86.7679,88.0934,,,,,,,,,
State - PONDICHERRY  34,age_34_plus,34,64.9286,92.007,78.2804,,,,,,,,,
State - PONDICHERRY  34,age_below10,34,0.0,0.0,0.0,83.6436,84.3362,16.1584,15.5582,16.1584,15.5582,0.0,83.8416,84.4418
