state_name,age_bracket,state_code,Below_primary_share_ST_female,Below_primary_share_ST_male,CMPR_ST_female,CMPR_ST_male,CMPR_ST_persons,Child_labour_attending_ST_female,Child_labour_attending_ST_male,Child_labour_dropout_ST_female,Child_labour_dropout_ST_male,Dropout_rate_ST_female,Dropout_rate_ST_male,Illiteracy_rate_ST_female,Illiteracy_rate_ST_male,Literacy_rate_ST_female,Literacy_rate_ST_male,Non_worker_dropout_ST_female,School_attendance_rate_ST_female,School_attendance_rate_ST_male
INDIA,age_10_13,00,52.8219,50.7693,1.8396,0.6653,1.2277,56.167,70.2798,38.572,24.3703,38.572,24.3703,37.9838,23.6971,62.0162,76.3029,0.0,61.428,75.6297
INDIA,age_14_17,00,20.0523,17.3272,25.6458,6.2144,15.5724,35.7631,50.7178,46.621,26.8434,46.621,26.8434,42.5217,24.3882,57.4783,75.6118,0.0,53.379,73.1566
INDIA,age_18_21,00,18.1891,15.7289,77.6641,45.712,62.2182,17.4304,30.2975,53.8085,27.984,53.8085,27.984,51.9632,27.241,48.0368,72.759,0.0,46.1915,72.016
INDIA,age_22_25,00,19.4373,16.5863,77.6641,45.712,62.2182,,,,,,,60.2309,30.9166,39.7691,69.0834,,,
INDIA,age_26_29,00,23.0143,19.7367,90.3065,78.9459,84.7721,,,,,,,68.632,37.8509,31.368,62.1491,,,
INDIA,age_30_33,00,27.2239,24.0765,92.4387,91.2186,91.8402,,,,,,,75.5344,44.9904,24.4656,55.0096,,,
INDIA,age_34_plus,00,34.635,34.7485,75.372,90.9494,83.2694,,,,,,,86.4091,57.6871,13.5909,42.3129,,,
INDIA,age_below10,00,97.055,97.0161,0.0,0.0,0.0,44.3857,51.2643,54.8824,47.965,54.8824,47.965,83.3916,80.1779,16.6084,19.8221,0.0,45.1176,52.035
Jammu & Kashmir,age_10_13,01,48.4503,49.57,2.3283,1.2152,1.7439,43.9825,62.4144,53.0743,33.2254,53.0743,33.2254,55.0534,36.2545,44.9466,63.7455,0.0,46.9257,66.7746
Jammu & Kashmir,age_14_17,01,9.606,9.5892,17.4255,4.9816,10.821,33.31,51.6838,58.9219,32.0708,58.9219,32.0708,56.8371,36.1175,43.1629,63.8825,0.0,41.0781,67.9292
Jammu & Kashmir,age_18_21,01,5.823,6.162,65.9282,34.3055,49.5119,20.3851,31.2192,66.6796,34.9932,66.6796,34.9932,61.9189,38.8224,38.0811,61.1776,0.0,33.3204,65.0068
Jammu & Kashmir,age_22_25,01,4.9573,5.5284,65.9282,34.3055,49.5119,,,,,,,70.3833,41.0652,29.6167,58.9348,,,
Jammu & Kashmir,age_26_29,01,5.6633,5.576,88.2149,70.3967,79.2471,,,,,,,78.415,46.2273,21.585,53.7727,,,
Jammu & Kashmir,age_30_33,01,5.321,5.6209,94.0509,87.2604,90.5447,,,,,,,84.2961,51.764,15.7039,48.236,,,
Jammu & Kashmir,age_34_plus,01,6.5768,9.9063,84.8614,88.1472,86.6475,,,,,,,92.6746,69.3955,7.3254,30.6045,,,
Jammu & Kashmir,age_below10,01,91.1321,92.8652,0.0,0.0,0.0,30.5973,40.0658,68.7272,58.9887,68.7272,58.9887,88.5149,84.4266,11.4851,15.5734,0.0,31.2728,41.0113
Himachal Pradesh,age_10_13,02,45.3739,42.0537,0.8745,0.5858,0.7289,90.1977,94.7623,8.6738,4.132,8.6738,4.132,7.1417,3.5671,92.8583,96.4329,0.0,91.3262,95.868
Himachal Pradesh,age_14_17,02,7.5039,5.2053,10.6683,2.9841,6.8529,69.1678,83.2959,23.4207,8.7409,23.4207,8.7409,12.1379,4.6093,87.8621,95.3907,0.0,76.5793,91.2591
Himachal Pradesh,age_18_21,02,7.4038,5.3867,62.1749,28.5208,45.3364,39.5671,54.4328,39.9961,18.6798,39.9961,18.6798,20.4563,7.6461,79.5437,92.3539,0.0,60.0039,81.3202
Himachal Pradesh,age_22_25,02,8.2089,6.2274,62.1749,28.5208,45.3364,,,,,,,31.2148,9.4525,68.7852,90.5475,,,
Himachal Pradesh,age_26_29,02,14.0234,7.8932,85.5003,69.3953,77.5053,,,,,,,43.3972,12.5271,56.6028,87.4729,,,
Himachal Pradesh,age_30_33,02,21.875,11.5504,90.4587,88.862,89.6674,,,,,,,55.5133,18.0191,44.4867,81.9809,,,
Himachal Pradesh,age_34_plus,02,33.8055,21.4224,72.9811,87.3427,80.1267,,,,,,,81.16,43.74,18.84,56.26,,,
Himachal Pradesh,age_below10,02,98.5869,98.3903,0.0,0.0,0.0,68.6908,72.1681,31.0439,27.6237,31.0439,27.6237,71.489,70.6447,28.511,29.3553,0.0,68.9561,72.3763
State - UTTARANCHAL  05,age_10_13,05,49.0837,44.7905,1.796,0.7058,1.2388,83.6803,91.5071,14.4989,6.5779,14.4989,6.5779,13.2677,6.0511,86.7323,93.9489,0.0,85.5011,93.4221
State - UTTARANCHAL  05,age_14_17,05,11.5127,7.7421,17.267,5.164,11.1985,57.715,74.7376,34.4741,13.3896,34.4741,13.3896,23.0411,7.5435,76.9589,92.4565,0.0,65.5259,86.6104
State - UTTARANCHAL  05,age_18_21,05,9.891,6.5808,72.8776,41.503,57.0516,33.0854,51.4352,51.7712,18.0014,51.7712,18.0014,31.7747,10.613,68.2253,89.387,0.0,48.2288,81.9986
State - UTTARANCHAL  05,age_22_25,05,11.8012,7.4284,72.8776,41.503,57.0516,,,,,,,44.3635,14.3971,55.6365,85.6029,,,
State - UTTARANCHAL  05,age_26_29,05,14.9288,9.6799,93.0165,75.8425,84.3172,,,,,,,57.6247,19.3071,42.3753,80.6929,,,
State - UTTARANCHAL  05,age_30_33,05,20.549,11.3963,95.4512,89.2256,92.3311,,,,,,,67.4,24.3444,32.6,75.6556,,,
State - UTTARANCHAL  05,age_34_plus,05,27.6409,22.2598,79.365,86.3949,83.0782,,,,,,,82.7381,42.3167,17.2619,57.6833,,,
State - UTTARANCHAL  05,age_below10,05,96.9798,97.0849,0.0,0.0,0.0,66.4416,69.2893,33.2583,30.2075,33.2583,30.2075,74.1091,73.1134,25.8909,26.8866,0.0,66.7417,69.7925
Rajasthan,age_10_13,08,61.5454,55.1686,5.4623,2.3507,3.8131,46.8639,77.3869,47.9007,19.0466,47.9007,19.0466,47.0528,17.2429,52.9472,82.7571,0.0,52.0993,80.9534
Rajasthan,age_14_17,08,27.6572,17.6257,41.5281,16.0175,28.057,23.576,55.8302,58.742,24.3619,58.742,24.3619,57.2853,19.6044,42.7147,80.3956,0.0,41.258,75.6381
Rajasthan,age_18_21,08,26.279,16.0605,93.219,67.1349,80.1856,10.6395,34.3101,60.3729,23.9802,60.3729,23.9802,68.0956,23.7441,31.9044,76.2559,0.0,39.6271,76.0198
Rajasthan,age_22_25,08,27.9184,16.3991,93.219,67.1349,80.1856,,,,,,,74.7624,27.4571,25.2376,72.5429,,,
Rajasthan,age_26_29,08,30.96,18.4147,97.6069,90.686,94.1175,,,,,,,79.9153,33.2228,20.0847,66.7772,,,
Rajasthan,age_30_33,08,32.554,20.9211,96.8553,94.6612,95.7586,,,,,,,83.9334,40.6866,16.0666,59.3134,,,
Rajasthan,age_34_plus,08,32.2905,28.4467,80.8242,90.5623,85.819,,,,,,,93.3692,60.6837,6.6308,39.3163,,,
Rajasthan,age_below10,08,96.1251,96.4908,0.0,0.0,0.0,41.0352,55.9913,58.267,43.4253,58.267,43.4253,85.6788,79.4855,14.3212,20.5145,0.0,41.733,56.5747
Uttar Pradesh,age_10_13,09,62.3227,55.4396,3.5368,1.6212,2.5314,36.97,59.134,59.4465,35.3508,59.4465,35.3508,59.9787,36.378,40.0213,63.622,0.0,40.5535,64.6492
Uttar Pradesh,age_14_17,09,24.4128,18.2096,33.1378,12.661,22.4272,23.1316,45.8445,66.7632,33.2683,66.7632,33.2683,63.0263,36.2905,36.9737,63.7095,0.0,33.2368,66.7317
Uttar Pradesh,age_18_21,09,18.8559,13.214,89.8694,63.695,77.1737,10.4502,28.5927,72.8832,31.1199,72.8832,31.1199,74.7053,41.8731,25.2947,58.1269,0.0,27.1168,68.8801
Uttar Pradesh,age_22_25,09,16.9492,13.4083,89.8694,63.695,77.1737,,,,,,,82.733,44.7419,17.267,55.2581,,,
Uttar Pradesh,age_26_29,09,15.1697,12.5235,97.3407,88.3086,92.6794,,,,,,,87.431,49.8471,12.569,50.1529,,,
Uttar Pradesh,age_30_33,09,12.963,15.6716,97.5851,95.0252,96.3168,,,,,,,89.6268,55.0587,10.3732,44.9413,,,
Uttar Pradesh,age_34_plus,09,18.5923,19.8349,85.4228,90.5378,88.1743,,,,,,,93.8055,66.6172,6.1945,33.3828,,,
Uttar Pradesh,age_below10,09,93.292,94.1548,0.0,0.0,0.0,29.7923,39.0818,69.3063,59.4719,69.3063,59.4719,89.2256,85.1696,10.7744,14.8304,0.0,30.6937,40.5281
Bihar,age_10_13,10,56.1197,54.6104,2.2385,0.689,1.4039,26.6741,44.9904,68.1401,47.814,68.1401,47.814,70.8627,50.9261,29.1373,49.0739,0.0,31.8599,52.186
Bihar,age_14_17,10,19.3726,17.2794,35.0004,6.4769,19.0452,18.0335,34.7518,64.3463,35.3088,64.3463,35.3088,72.3994,48.5245,27.6006,51.4755,0.0,35.6537,64.6912
Bihar,age_18_21,10,12.4598,11.8217,86.1271,48.3263,67.7566,8.5655,22.7784,66.8473,28.6558,66.8473,28.6558,78.6034,47.7854,21.3966,52.2146,0.0,33.1527,71.3442
Bihar,age_22_25,10,11.9216,10.4757,86.1271,48.3263,67.7566,,,,,,,83.989,52.2297,16.011,47.7703,,,
Bihar,age_26_29,10,13.0482,11.4409,94.5154,82.8607,88.7873,,,,,,,87.2326,57.5711,12.7674,42.4289,,,
Bihar,age_30_33,10,13.8617,11.9165,95.1209,93.3866,94.2702,,,,,,,90.0729,62.2602,9.9271,37.7398,,,
Bihar,age_34_plus,10,14.8789,15.3223,78.3263,91.9052,85.4741,,,,,,,93.5562,69.4874,6.4438,30.5126,,,
Bihar,age_below10,10,94.1964,94.0547,0.0,0.0,0.0,16.2817,24.0268,82.9616,74.8751,82.9616,74.8751,93.216,89.2645,6.784,10.7355,0.0,17.0384,25.1249
Sikkim,age_10_13,11,61.2644,67.0908,1.4005,0.4442,0.9219,85.2456,85.7485,10.5272,9.8947,10.5272,9.8947,16.615,15.9591,83.385,84.0409,0.0,89.4728,90.1053
Sikkim,age_14_17,11,21.4872,28.1709,12.7043,2.7588,7.7271,71.9567,71.2287,14.1749,11.9849,14.1749,11.9849,16.5735,13.7051,83.4265,86.2949,0.0,85.8251,88.0151
Sikkim,age_18_21,11,15.7365,22.5352,52.3872,25.7662,39.1717,48.258,49.032,26.8718,16.8251,26.8718,16.8251,18.977,15.0299,81.023,84.9701,0.0,73.1282,83.1749
Sikkim,age_22_25,11,14.7965,21.3363,52.3872,25.7662,39.1717,,,,,,,24.3752,15.0586,75.6248,84.9414,,,
Sikkim,age_26_29,11,14.5266,18.803,75.0779,56.2447,65.7194,,,,,,,29.8027,15.6854,70.1973,84.3146,,,
Sikkim,age_30_33,11,16.9182,16.5007,86.6504,76.7221,81.6226,,,,,,,40.7799,20.5067,59.2201,79.4933,,,
Sikkim,age_34_plus,11,25.4753,28.9401,76.7462,81.4405,79.2645,,,,,,,73.5412,41.5337,26.4588,58.4663,,,
Sikkim,age_below10,11,97.2665,96.3943,0.0,0.0,0.0,66.7157,66.0488,32.0641,32.5978,32.0641,32.5978,77.9194,78.5078,22.0806,21.4922,0.0,67.9359,67.4022
Arunachal Pradesh,age_10_13,12,61.7185,62.1469,1.5028,0.4417,0.9707,65.214,73.8835,30.1302,23.7231,30.1302,23.7231,37.3591,28.5303,62.6409,71.4697,0.0,69.8698,76.2769
Arunachal Pradesh,age_14_17,12,21.0274,21.1241,15.5904,3.8766,9.6957,64.8058,74.2415,20.65,15.8676,20.65,15.8676,29.1231,18.5627,70.8769,81.4373,0.0,79.35,84.1324
Arunachal Pradesh,age_18_21,12,14.0502,13.3731,64.3611,31.3175,48.8552,41.5536,57.6448,26.7289,17.2662,26.7289,17.2662,35.2491,20.2975,64.7509,79.7025,0.0,73.2711,82.7338
Arunachal Pradesh,age_22_25,12,13.9211,11.6269,64.3611,31.3175,48.8552,,,,,,,42.4401,22.4148,57.5599,77.5852,,,
Arunachal Pradesh,age_26_29,12,15.0018,12.3192,86.6507,69.845,78.9273,,,,,,,53.6873,27.5534,46.3127,72.4466,,,
Arunachal Pradesh,age_30_33,12,18.7062,13.5907,90.728,86.0387,88.4505,,,,,,,67.3395,33.7989,32.6605,66.2011,,,
Arunachal Pradesh,age_34_plus,12,26.9111,22.6515,74.7375,88.0595,81.5438,,,,,,,89.9259,64.411,10.0741,35.589,,,
Arunachal Pradesh,age_below10,12,96.8705,96.7166,0.0,0.0,0.0,41.6589,46.4972,57.5423,52.9902,57.5423,52.9902,86.2023,84.346,13.7977,15.654,0.0,42.4577,47.0098
Nagaland,age_10_13,13,36.7616,37.9375,1.3152,0.4843,0.8833,76.2686,78.2285,19.167,17.5422,19.167,17.5422,25.4283,22.9821,74.5717,77.0179,0.0,80.833,82.4578
Nagaland,age_14_17,13,8.6988,8.4414,7.4317,1.6925,4.4442,70.8266,73.4461,17.4912,15.4735,17.4912,15.4735,23.0596,19.8889,76.9404,80.1111,0.0,82.5088,84.5265
Nagaland,age_18_21,13,6.7138,6.4204,29.027,11.6892,20.1415,56.8624,61.7684,21.4712,17.5884,21.4712,17.5884,26.0557,22.2295,73.9443,77.7705,0.0,78.5288,82.4116
Nagaland,age_22_25,13,6.4994,5.5669,29.027,11.6892,20.1415,,,,,,,29.5953,24.6665,70.4047,75.3335,,,
Nagaland,age_26_29,13,8.2555,5.9442,59.4837,39.6481,49.7984,,,,,,,34.0534,26.2145,65.9466,73.7855,,,
Nagaland,age_30_33,13,10.284,6.962,77.6921,67.8911,72.8935,,,,,,,39.0515,26.8376,60.9485,73.1624,,,
Nagaland,age_34_plus,13,16.2572,10.8583,83.3099,90.4636,87.0733,,,,,,,60.0147,40.1328,39.9853,59.8672,,,
Nagaland,age_below10,13,93.1458,92.8814,0.0,0.0,0.0,57.761,59.0421,40.6835,39.4896,40.6835,39.4896,79.213,77.7168,20.787,22.2832,0.0,59.3165,60.5104
Manipur,age_10_13,14,46.8507,47.2894,1.1584,0.4868,0.8126,77.3386,80.6549,19.878,16.6136,19.878,16.6136,30.091,25.9374,69.909,74.0626,0.0,80.122,83.3864
Manipur,age_14_17,14,12.652,11.609,7.7919,1.7045,4.7289,72.3715,78.2309,18.3131,13.3818,18.3131,13.3818,21.8284,17.1101,78.1716,82.8899,0.0,81.6869,86.6182
Manipur,age_18_21,14,8.819,6.6721,30.9581,13.4022,22.3219,59.8463,68.0947,23.1793,15.4446,23.1793,15.4446,23.7931,17.0315,76.2069,82.9685,0.0,76.8207,84.5554
Manipur,age_22_25,14,7.2615,4.9795,30.9581,13.4022,22.3219,,,,,,,27.2096,17.4972,72.7904,82.5028,,,
Manipur,age_26_29,14,8.4164,4.6355,58.8506,40.8751,50.2374,,,,,,,34.6642,19.9714,65.3358,80.0286,,,
Manipur,age_30_33,14,10.2672,4.9924,75.8044,66.762,71.3627,,,,,,,40.97,22.4432,59.03,77.5568,,,
Manipur,age_34_plus,14,16.4405,8.2332,79.8899,90.3441,85.2473,,,,,,,61.3928,33.1559,38.6072,66.8441,,,
Manipur,age_below10,14,92.7198,92.3263,0.0,0.0,0.0,57.0807,59.3972,41.6754,39.3651,41.6754,39.3651,84.2182,82.8071,15.7818,17.1929,0.0,58.3246,60.6349
Mizoram,age_10_13,15,58.3795,63.7164,0.5734,0.2491,0.4088,88.0375,89.8227,10.1029,8.2049,10.1029,8.2049,9.0574,8.0844,90.9426,91.9156,0.0,89.8971,91.7951
Mizoram,age_14_17,15,15.1257,17.6463,9.7694,2.1249,5.9396,66.9761,69.0386,16.0659,10.7304,16.0659,10.7304,6.8159,4.9888,93.1841,95.0112,0.0,83.9341,89.2696
Mizoram,age_18_21,15,14.4596,14.6896,45.1772,24.1695,34.9185,39.539,42.5143,28.2533,15.1604,28.2533,15.1604,7.2324,4.9099,92.7676,95.0901,0.0,71.7467,84.8396
Mizoram,age_22_25,15,14.7108,14.5564,45.1772,24.1695,34.9185,,,,,,,7.4563,4.614,92.5437,95.386,,,
Mizoram,age_26_29,15,17.4205,15.3002,69.2995,56.8431,63.1769,,,,,,,8.6102,5.4017,91.3898,94.5983,,,
Mizoram,age_30_33,15,23.4594,17.5738,79.7125,75.8489,77.7831,,,,,,,10.7556,5.9713,89.2444,94.0287,,,
Mizoram,age_34_plus,15,52.761,37.6551,72.3962,84.8495,78.7565,,,,,,,19.4689,9.2005,80.5311,90.7995,,,
Mizoram,age_below10,15,98.3503,98.3294,0.0,0.0,0.0,65.1341,65.3081,34.5656,34.4416,34.5656,34.4416,76.6264,76.6878,23.3736,23.3122,0.0,65.4344,65.5584
Tripura,age_10_13,16,54.0761,53.1992,0.9623,0.4716,0.7087,70.7849,78.8762,27.7002,19.7616,27.7002,19.7616,27.5244,18.9162,72.4756,81.0838,0.0,72.2998,80.2384
Tripura,age_14_17,16,18.0149,16.4181,18.4488,3.2442,10.7306,56.3595,69.5391,36.5279,21.489,36.5279,21.489,30.9168,16.2447,69.0832,83.7553,0.0,63.4721,78.511
Tripura,age_18_21,16,18.5394,15.1063,67.525,36.5737,53.1233,27.7262,46.6085,55.1348,29.1513,55.1348,29.1513,40.9391,19.6288,59.0609,80.3712,0.0,44.8652,70.8487
Tripura,age_22_25,16,19.2238,15.875,67.525,36.5737,53.1233,,,,,,,47.2635,21.9069,52.7365,78.0931,,,
Tripura,age_26_29,16,22.4127,19.1987,87.754,75.1421,81.7026,,,,,,,57.0027,26.8068,42.9973,73.1932,,,
Tripura,age_30_33,16,26.9655,21.9696,92.6423,90.5893,91.6415,,,,,,,66.2167,31.6044,33.7833,68.3956,,,
Tripura,age_34_plus,16,37.37,35.2819,79.8593,92.6647,86.6223,,,,,,,82.2835,47.5332,17.7165,52.4668,,,
Tripura,age_below10,16,97.6658,97.4375,0.0,0.0,0.0,48.4683,52.8517,51.172,46.7532,51.172,46.7532,79.7737,77.2978,20.2263,22.7022,0.0,48.828,53.2468
Meghalaya,age_10_13,17,66.1313,69.57,1.4259,0.4278,0.9225,69.2557,65.8111,27.1571,29.3785,27.1571,29.3785,30.5346,34.03,69.4654,65.97,0.0,72.8429,70.6215
Meghalaya,age_14_17,17,31.7624,36.8874,13.9872,2.4248,8.2115,63.0404,58.061,23.0214,21.2383,23.0214,21.2383,22.108,26.6245,77.892,73.3755,0.0,76.9786,78.7617
Meghalaya,age_18_21,17,25.8207,27.4025,54.4981,25.8388,40.9893,45.484,47.0062,29.6615,19.222,29.6615,19.222,25.3751,26.4396,74.6249,73.5604,0.0,70.3385,80.778
Meghalaya,age_22_25,17,27.207,26.855,54.4981,25.8388,40.9893,,,,,,,28.9091,28.3289,71.0909,71.6711,,,
Meghalaya,age_26_29,17,30.9667,29.1763,78.1354,63.6119,71.424,,,,,,,37.0057,31.6327,62.9943,68.3673,,,
Meghalaya,age_30_33,17,33.8439,31.0926,84.2185,81.7814,83.0222,,,,,,,41.1651,33.1834,58.8349,66.8166,,,
Meghalaya,age_34_plus,17,42.9607,36.582,71.4796,88.3329,80.1625,,,,,,,57.2184,41.016,42.7816,58.984,,,
Meghalaya,age_below10,17,95.2937,94.7141,0.0,0.0,0.0,44.268,42.2903,54.6586,56.4881,54.6586,56.4881,86.6032,87.3337,13.3968,12.6663,0.0,45.3414,43.5119
Assam,age_10_13,18,40.1259,40.8579,1.3103,0.4058,0.8485,73.5382,78.298,24.5722,19.311,24.5722,19.311,23.369,18.0607,76.631,81.9393,0.0,75.4278,80.689
Assam,age_14_17,18,11.2471,10.4861,14.1309,2.5051,8.3047,60.9962,67.746,33.3141,22.7003,33.3141,22.7003,23.7435,16.1815,76.2565,83.8185,0.0,66.6859,77.2997
Assam,age_18_21,18,10.0959,8.9275,54.5551,21.6429,38.903,38.4573,49.6806,49.6099,29.1028,49.6099,29.1028,29.5881,18.1709,70.4119,81.8291,0.0,50.3901,70.8972
Assam,age_22_25,18,10.5442,9.0946,54.5551,21.6429,38.903,,,,,,,36.5267,19.8948,63.4733,80.1052,,,
Assam,age_26_29,18,14.8375,12.1762,80.3513,57.57,69.6511,,,,,,,48.2944,25.3294,51.7056,74.6706,,,
Assam,age_30_33,18,20.6317,16.2766,88.2349,80.9761,84.6576,,,,,,,57.6704,30.4403,42.3296,69.5597,,,
Assam,age_34_plus,18,33.447,28.6336,77.1935,91.4478,84.7899,,,,,,,74.366,37.7278,25.634,62.2722,,,
Assam,age_below10,18,95.6156,95.654,0.0,0.0,0.0,54.9652,57.2581,44.4412,42.0616,44.4412,42.0616,79.1493,77.9017,20.8507,22.0983,0.0,55.5588,57.9384
West Bengal,age_10_13,19,67.8735,62.2514,1.6256,0.4883,1.0295,53.3904,68.0295,43.3618,28.457,43.3618,28.457,41.3805,25.3889,58.6195,74.6111,0.0,56.6382,71.543
West Bengal,age_14_17,19,34.2312,27.9308,31.8205,4.0534,17.2114,30.7096,46.1741,54.0229,34.6469,54.0229,34.6469,50.29,26.9548,49.71,73.0452,0.0,45.9771,65.3531
West Bengal,age_18_21,19,34.4056,27.712,79.3152,39.5964,60.7907,11.6137,25.263,62.9575,36.2738,62.9575,36.2738,60.5718,30.7921,39.4282,69.2079,0.0,37.0425,63.7262
West Bengal,age_22_25,19,35.7782,30.0785,79.3152,39.5964,60.7907,,,,,,,68.9299,35.3351,31.0701,64.6649,,,
West Bengal,age_26_29,19,37.9625,32.3287,88.7676,75.1578,82.1997,,,,,,,76.0551,40.8101,23.9449,59.1899,,,
West Bengal,age_30_33,19,39.979,36.1373,89.046,89.2985,89.1712,,,,,,,82.2086,47.8543,17.7914,52.1457,,,
West Bengal,age_34_plus,19,43.5562,45.7094,66.969,90.0646,78.6924,,,,,,,90.2859,57.5975,9.7141,42.4025,,,
West Bengal,age_below10,19,97.6961,97.4112,0.0,0.0,0.0,42.1479,48.3351,57.49,51.2245,57.49,51.2245,82.9939,79.5868,17.0061,20.4132,0.0,42.51,48.7755
Jharkhand,age_10_13,20,50.2374,50.3615,1.5143,0.4294,0.9517,45.1379,61.2047,51.4799,34.5548,51.4799,34.5548,51.3126,33.9941,48.6874,66.0059,0.0,48.5201,65.4452
Jharkhand,age_14_17,20,15.8954,14.7506,25.3666,5.5591,15.0725,32.1065,47.3864,56.4472,34.625,56.4472,34.625,52.3776,29.9596,47.6224,70.0404,0.0,43.5528,65.375
Jharkhand,age_18_21,20,12.139,10.7975,72.5916,41.0153,57.5462,15.6506,28.255,65.4325,37.4634,65.4325,37.4634,60.0772,30.815,39.9228,69.185,0.0,34.5675,62.5366
Jharkhand,age_22_25,20,11.1726,10.4961,72.5916,41.0153,57.5462,,,,,,,68.0538,34.3216,31.9462,65.6784,,,
Jharkhand,age_26_29,20,12.527,11.8518,86.9591,72.7607,80.0277,,,,,,,75.8726,40.8498,24.1274,59.1502,,,
Jharkhand,age_30_33,20,14.354,14.022,90.1523,87.1214,88.7034,,,,,,,81.9269,48.8361,18.0731,51.1639,,,
Jharkhand,age_34_plus,20,16.9492,18.4602,71.4909,88.1349,79.8774,,,,,,,88.5076,59.0727,11.4924,40.9273,,,
Jharkhand,age_below10,20,95.6292,95.6029,0.0,0.0,0.0,30.7007,38.6083,68.6576,60.5853,68.6576,60.5853,88.1573,84.4005,11.8427,15.5995,0.0,31.3424,39.4147
State - ORISSA  21,age_10_13,21,44.6878,42.3314,1.1448,0.2985,0.7084,41.8242,60.4171,55.3508,36.2972,55.3508,36.2972,52.7829,32.2727,47.2171,67.7273,0.0,44.6492,63.7028
State - ORISSA  21,age_14_17,21,20.1665,15.8459,20.3305,3.7317,12.0711,22.6787,38.0832,66.3469,44.4931,66.3469,44.4931,57.7939,32.3199,42.2061,67.6801,0.0,33.6531,55.5069
State - ORISSA  21,age_18_21,21,21.6731,17.3191,72.9991,33.6921,54.4573,8.7964,18.0785,73.6923,46.0125,73.6923,46.0125,65.6018,34.7674,34.3982,65.2326,0.0,26.3077,53.9875
State - ORISSA  21,age_22_25,21,23.6108,19.3927,72.9991,33.6921,54.4573,,,,,,,73.1482,38.5908,26.8518,61.4092,,,
State - ORISSA  21,age_26_29,21,27.7668,24.793,89.5952,73.6794,81.9774,,,,,,,80.7077,46.808,19.2923,53.192,,,
State - ORISSA  21,age_30_33,21,32.4143,29.7658,91.4827,90.6403,91.0762,,,,,,,85.7699,53.9418,14.2301,46.0582,,,
State - ORISSA  21,age_34_plus,21,39.9782,41.7262,70.5319,90.8372,80.7313,,,,,,,92.2325,61.8294,7.7675,38.1706,,,
State - ORISSA  21,age_below10,21,96.8196,96.7068,0.0,0.0,0.0,36.9095,47.2502,62.7269,52.2963,62.7269,52.2963,86.8383,81.989,13.1617,18.011,0.0,37.2731,47.7037
Chhattisgarh,age_10_13,22,57.4996,56.1659,1.2215,0.4346,0.8188,63.5113,75.5661,31.6458,18.6469,31.6458,18.6469,27.6699,17.0055,72.3301,82.9945,0.0,68.3542,81.3531
Chhattisgarh,age_14_17,22,18.1003,15.8692,21.5255,5.7021,13.4315,31.8408,50.7639,48.6488,23.7732,48.6488,23.7732,34.2037,18.4327,65.7963,81.5673,0.0,51.3512,76.2268
Chhattisgarh,age_18_21,22,17.2392,14.3359,80.9122,50.6865,66.55,11.9349,27.8022,57.2802,25.1182,57.2802,25.1182,45.2777,21.3711,54.7223,78.6289,0.0,42.7198,74.8818
Chhattisgarh,age_22_25,22,20.111,15.8552,80.9122,50.6865,66.55,,,,,,,54.1388,24.8207,45.8612,75.1793,,,
Chhattisgarh,age_26_29,22,23.5487,19.1779,92.1432,83.3043,87.7906,,,,,,,62.1467,30.1405,37.8533,69.8595,,,
Chhattisgarh,age_30_33,22,25.8837,24.4148,93.4704,93.1784,93.3304,,,,,,,68.6557,36.5261,31.3443,63.4739,,,
Chhattisgarh,age_34_plus,22,30.9064,38.8641,74.059,90.274,82.0574,,,,,,,83.8263,51.0154,16.1737,48.9846,,,
Chhattisgarh,age_below10,22,98.2646,98.2401,0.0,0.0,0.0,48.3762,53.4229,50.9657,45.7751,50.9657,45.7751,81.8013,79.6031,18.1987,20.3969,0.0,49.0343,54.2249
Madhya Pradesh,age_10_13,23,67.6162,64.0768,2.1237,0.8941,1.4798,47.9748,64.1285,45.5305,28.3093,45.5305,28.3093,45.1568,28.9949,54.8432,71.0051,0.0,54.4695,71.6907
Madhya Pradesh,age_14_17,23,28.8234,24.8257,35.4866,12.2929,23.3842,22.4701,41.1903,54.6962,28.8509,54.6962,28.8509,52.969,31.784,47.031,68.216,0.0,45.3038,71.1491
Madhya Pradesh,age_18_21,23,23.3737,21.3174,90.7094,66.9308,79.266,8.3492,21.8654,56.7398,26.2493,56.7398,26.2493,63.749,34.9404,36.251,65.0596,0.0,43.2602,73.7507
Madhya Pradesh,age_22_25,23,23.6464,21.7264,90.7094,66.9308,79.266,,,,,,,70.8234,38.4399,29.1766,61.5601,,,
Madhya Pradesh,age_26_29,23,26.386,23.8388,96.2059,90.1176,93.2061,,,,,,,76.9119,43.0411,23.0881,56.9589,,,
Madhya Pradesh,age_30_33,23,28.7769,28.5795,95.8777,95.0551,95.473,,,,,,,81.397,49.7765,18.603,50.2235,,,
Madhya Pradesh,age_34_plus,23,31.8693,40.2678,78.7523,91.0489,84.996,,,,,,,90.3816,63.1006,9.6184,36.8994,,,
Madhya Pradesh,age_below10,23,97.5924,97.6826,0.0,0.0,0.0,35.4741,42.8488,63.7801,56.3294,63.7801,56.3294,86.5042,83.361,13.4958,16.639,0.0,36.2199,43.6706
Gujarat,age_10_13,24,44.3952,43.5926,0.9859,0.4024,0.6818,58.1876,69.8184,37.8806,25.8974,37.8806,25.8974,34.1544,22.2078,65.8456,77.7922,0.0,62.1194,74.1026
Gujarat,age_14_17,24,17.5798,15.5525,18.5256,5.0842,11.5402,36.3229,47.3989,47.2387,29.6468,47.2387,29.6468,37.6489,23.0915,62.3511,76.9085,0.0,52.7613,70.3532
Gujarat,age_18_21,24,16.717,15.3948,81.2693,54.0892,68.0028,15.0906,24.1715,56.7185,29.0178,56.7185,29.0178,46.9349,25.4113,53.0651,74.5887,0.0,43.2815,70.9822
Gujarat,age_22_25,24,17.8325,16.4638,81.2693,54.0892,68.0028,,,,,,,56.3857,29.5326,43.6143,70.4674,,,
Gujarat,age_26_29,24,22.7637,20.5486,93.8125,86.6466,90.2585,,,,,,,66.9109,38.127,33.0891,61.873,,,
Gujarat,age_30_33,24,27.7705,25.8289,94.9109,93.7651,94.3459,,,,,,,74.8361,45.8026,25.1639,54.1974,,,
Gujarat,age_34_plus,24,35.9145,37.8034,79.7473,91.02,85.4465,,,,,,,87.761,59.4611,12.239,40.5389,,,
Gujarat,age_below10,24,98.1957,98.1858,0.0,0.0,0.0,49.0114,54.6712,50.6429,44.9237,50.6429,44.9237,81.1148,78.4682,18.8852,21.5318,0.0,49.3571,55.0763
Daman & Diu,age_10_13,25,36.0714,36.9532,1.0323,0.2242,0.5999,81.3505,86.8272,12.3794,9.0652,12.3794,9.0652,9.9678,6.0907,90.0322,93.9093,0.0,87.6206,90.9348
Daman & Diu,age_14_17,25,13.7295,12.709,15.534,2.2831,8.2655,36.4421,49.8494,28.4974,20.4819,28.4974,20.4819,15.7168,9.9398,84.2832,90.0602,0.0,71.5026,79.5181
Daman & Diu,age_18_21,25,13.1004,15.625,76.8546,30.8387,52.2429,8.8136,12.5628,43.3898,26.1307,43.3898,26.1307,22.3729,11.5578,77.6271,88.4422,0.0,56.6102,73.8693
Daman & Diu,age_22_25,25,20.8889,16.8421,76.8546,30.8387,52.2429,,,,,,,33.2344,14.1935,66.7656,85.8065,,,
Daman & Diu,age_26_29,25,23.3766,21.5213,92.1168,79.1111,85.6618,,,,,,,43.7956,20.1481,56.2044,79.8519,,,
Daman & Diu,age_30_33,25,45.6221,24.3108,91.4563,92.6056,92.0591,,,,,,,57.8641,29.7535,42.1359,70.2465,,,
Daman & Diu,age_34_plus,25,44.3515,43.4932,69.5742,93.6378,81.328,,,,,,,87.5909,52.3654,12.4091,47.6346,,,
Daman & Diu,age_below10,25,99.115,98.7879,0.0,0.0,0.0,74.937,78.6905,24.3073,21.3095,24.3073,21.3095,69.9668,68.3099,30.0332,31.6901,0.0,75.6927,78.6905
Dadra & Nagar Haveli,age_10_13,26,45.7719,41.8973,0.7706,0.281,0.5155,51.9845,75.9863,39.8543,18.7123,39.8543,18.7123,42.5152,17.8356,57.4848,82.1644,0.0,60.1457,81.2877
Dadra & Nagar Haveli,age_14_17,26,19.7553,14.9916,27.097,6.9887,17.2053,23.9306,47.4552,41.7534,24.0174,41.7534,24.0174,57.4759,24.4883,42.5241,75.5117,0.0,58.2466,75.9826
Dadra & Nagar Haveli,age_18_21,26,18.7435,14.4083,83.5013,65.8623,75.4068,8.009,18.4245,44.9102,20.744,44.9102,20.744,64.259,28.6214,35.741,71.3786,0.0,55.0898,79.256
Dadra & Nagar Haveli,age_22_25,26,19.0137,17.9865,83.5013,65.8623,75.4068,,,,,,,71.2689,36.9408,28.7311,63.0592,,,
Dadra & Nagar Haveli,age_26_29,26,21.7428,23.7924,93.121,91.9942,92.5575,,,,,,,78.4895,44.2504,21.5105,55.7496,,,
Dadra & Nagar Haveli,age_30_33,26,27.5862,31.368,94.1775,97.6102,95.8303,,,,,,,84.6498,52.4008,15.3502,47.5992,,,
Dadra & Nagar Haveli,age_34_plus,26,37.0575,41.7272,77.8935,94.8023,86.1026,,,,,,,95.046,68.7961,4.954,31.2039,,,
Dadra & Nagar Haveli,age_below10,26,98.5159,98.1615,0.0,0.0,0.0,50.5576,62.0852,48.8098,37.3582,48.8098,37.3582,84.1078,79.7382,15.8922,20.2618,0.0,51.1902,62.6418
Maharashtra,age_10_13,27,48.569,45.8066,1.0302,0.2771,0.6338,72.6912,80.5757,22.1923,14.9897,22.1923,14.9897,18.3406,11.7956,81.6594,88.2044,0.0,77.8077,85.0103
Maharashtra,age_14_17,27,19.53,15.6989,22.9462,3.1019,12.4665,44.655,56.4597,32.7996,20.1347,32.7996,20.1347,26.3781,15.5086,73.6219,84.4914,0.0,67.2004,79.8653
Maharashtra,age_18_21,27,19.9568,15.8513,83.5876,43.3949,63.5973,18.6243,32.7855,41.8192,22.7587,41.8192,22.7587,39.679,18.2702,60.321,81.7298,0.0,58.1808,77.2413
Maharashtra,age_22_25,27,23.4347,18.1101,83.5876,43.3949,63.5973,,,,,,,50.8094,22.9995,49.1906,77.0005,,,
Maharashtra,age_26_29,27,28.7904,23.0508,93.682,82.2325,88.0571,,,,,,,60.5648,30.9583,39.4352,69.0417,,,
Maharashtra,age_30_33,27,38.2291,31.03,93.8185,95.0815,94.4385,,,,,,,70.0902,38.7476,29.9098,61.2524,,,
Maharashtra,age_34_plus,27,48.991,46.6197,74.9219,93.3396,84.1044,,,,,,,85.0449,52.834,14.9551,47.166,,,
Maharashtra,age_below10,27,98.1342,98.1815,0.0,0.0,0.0,56.4073,59.9926,43.1067,39.5153,43.1067,39.5153,78.5333,76.6535,21.4667,23.3465,0.0,56.8933,60.4847
Andhra Pradesh,age_10_13,28,46.4511,39.4244,2.0863,0.473,1.2149,50.246,70.0176,33.1062,17.6252,33.1062,17.6252,43.0105,22.8063,56.9895,77.1937,0.0,66.8938,82.3748
Andhra Pradesh,age_14_17,28,21.9985,14.7581,43.1222,6.561,24.2255,23.5033,44.3367,37.4024,19.044,37.4024,19.044,57.0882,31.8777,42.9118,68.1223,0.0,62.5976,80.956
Andhra Pradesh,age_18_21,28,21.9391,14.569,89.1162,57.86,74.6827,7.9464,25.2164,40.5345,19.8982,40.5345,19.8982,69.5753,37.4682,30.4247,62.5318,0.0,59.4655,80.1018
Andhra Pradesh,age_22_25,28,23.052,15.5793,89.1162,57.86,74.6827,,,,,,,76.5352,44.7078,23.4648,55.2922,,,
Andhra Pradesh,age_26_29,28,26.779,18.5159,94.2478,90.1278,92.2774,,,,,,,82.459,54.7192,17.541,45.2808,,,
Andhra Pradesh,age_30_33,28,30.1955,21.9489,92.9979,96.2565,94.6398,,,,,,,87.8367,64.1634,12.1633,35.8366,,,
Andhra Pradesh,age_34_plus,28,30.5393,29.9204,77.0448,93.832,85.5784,,,,,,,94.2518,79.2396,5.7482,20.7604,,,
Andhra Pradesh,age_below10,28,96.7561,96.6008,0.0,0.0,0.0,58.2782,66.2531,39.4753,31.984,39.4753,31.984,78.425,73.6517,21.575,26.3483,0.0,60.5247,68.016
Karnataka,age_10_13,29,43.3192,41.5078,2.4526,0.6528,1.5276,60.6955,72.8198,30.368,16.8604,30.368,16.8604,28.9607,17.2828,71.0393,82.7172,0.0,69.632,83.1396
Karnataka,age_14_17,29,14.8549,12.5772,27.7213,3.0357,14.1501,33.2155,47.0893,44.4346,19.8359,44.4346,19.8359,37.2494,22.3296,62.7506,77.6704,0.0,55.5654,80.1641
Karnataka,age_18_21,29,15.1866,14.7435,79.6266,27.2546,52.7105,10.9101,22.1279,57.4808,21.4413,57.4808,21.4413,48.0828,28.2469,51.9172,71.7531,0.0,42.5192,78.5587
Karnataka,age_22_25,29,17.2044,14.731,79.6266,27.2546,52.7105,,,,,,,57.9451,30.4354,42.0549,69.5646,,,
Karnataka,age_26_29,29,22.4815,18.6374,92.0294,69.9572,81.6414,,,,,,,69.7724,40.1705,30.2276,59.8295,,,
Karnataka,age_30_33,29,28.5794,23.648,91.876,91.4879,91.6854,,,,,,,77.6979,49.4707,22.3021,50.5293,,,
Karnataka,age_34_plus,29,36.3901,33.7426,70.7081,93.4601,82.1151,,,,,,,88.1209,60.4767,11.8791,39.5233,,,
Karnataka,age_below10,29,97.7927,97.7427,0.0,0.0,0.0,52.4722,56.1285,46.5953,42.5713,46.5953,42.5713,77.0632,75.4422,22.9368,24.5578,0.0,53.4047,57.4287
Goa,age_10_13,30,40.9091,35.0,2.5641,0.0,1.4085,55.8824,67.8571,29.4118,14.2857,29.4118,14.2857,35.2941,28.5714,64.7059,71.4286,0.0,70.5882,85.7143
Goa,age_14_17,30,25.0,4.7619,22.2222,5.2632,12.3077,37.5,52.0,41.6667,12.0,41.6667,12.0,33.3333,16.0,66.6667,84.0,0.0,58.3333,88.0
Goa,age_18_21,30,0.0,14.2857,75.8621,27.2727,50.0,12.5,23.5294,50.0,29.4118,50.0,29.4118,62.5,17.6471,37.5,82.3529,0.0,50.0,70.5882
Goa,age_22_25,30,13.3333,4.3478,75.8621,27.2727,50.0,,,,,,,48.2759,30.303,51.7241,69.697,,,
Goa,age_26_29,30,27.2727,0.0,68.0,66.6667,67.1875,,,,,,,56.0,41.0256,44.0,58.9744,,,
Goa,age_30_33,30,37.5,0.0,92.3077,81.25,88.0952,,,,,,,69.2308,37.5,30.7692,62.5,,,
Goa,age_34_plus,30,38.8889,17.0732,73.3333,92.3077,84.058,,,,,,,70.0,47.4359,30.0,52.5641,,,
Goa,age_below10,30,92.3077,100.0,0.0,0.0,0.0,50.0,35.7143,50.0,64.2857,50.0,64.2857,78.6885,87.0968,21.3115,12.9032,0.0,50.0,35.7143
Lakshadweep,age_10_13,31,39.4459,49.7014,0.5598,0.1033,0.3224,96.143,97.4326,3.857,2.4699,3.857,2.4699,2.937,2.0474,97.063,97.9526,0.0,96.143,97.5301
Lakshadweep,age_14_17,31,6.2294,8.5725,12.3176,0.5577,6.3386,70.978,84.2786,28.982,14.8839,28.982,14.8839,3.2335,1.8652,96.7665,98.1348,0.0,71.018,85.1161
Lakshadweep,age_18_21,31,7.9792,9.3988,64.5448,11.9883,40.3765,21.1943,44.7368,78.217,50.0822,78.217,50.0822,3.0278,2.8783,96.9722,97.1217,0.0,21.783,49.9178
Lakshadweep,age_22_25,31,13.7299,11.1688,64.5448,11.9883,40.3765,,,,,,,4.9431,3.5088,95.0569,96.4912,,,
Lakshadweep,age_26_29,31,20.5039,11.9125,86.3782,52.4516,70.3963,,,,,,,7.7724,3.3288,92.2276,96.6712,,,
Lakshadweep,age_30_33,31,23.5105,12.5397,90.1319,89.0411,89.5968,,,,,,,8.9888,4.1096,91.0112,95.8904,,,
Lakshadweep,age_34_plus,31,35.6761,27.2483,71.5702,93.3765,82.4274,,,,,,,43.2338,12.4824,56.7662,87.5176,,,
Lakshadweep,age_below10,31,98.4615,98.9975,0.0,0.0,0.0,81.5321,81.3822,18.4361,18.588,18.4361,18.588,76.0877,75.7594,23.9123,24.2406,0.0,81.5639,81.412
Kerala,age_10_13,32,38.0684,41.1693,1.0513,0.3349,0.6811,83.9953,83.3801,15.0876,15.4777,15.0876,15.4777,10.8646,10.0404,89.1354,89.9596,0.0,84.9124,84.5223
Kerala,age_14_17,32,13.4995,14.3338,16.7024,1.8128,9.3329,55.6462,54.4787,36.2794,33.3741,36.2794,33.3741,12.5602,10.0806,87.4398,89.9194,0.0,63.7206,66.6259
Kerala,age_18_21,32,15.85,16.8067,63.1192,26.3087,46.4878,17.9653,19.3771,62.7052,45.6863,62.7052,45.6863,18.6012,11.8297,81.3988,88.1703,0.0,37.2948,54.3137
Kerala,age_22_25,32,16.4847,17.2164,63.1192,26.3087,46.4878,,,,,,,24.5162,13.8396,75.4838,86.1604,,,
Kerala,age_26_29,32,19.0023,20.5105,80.9574,65.4107,73.3521,,,,,,,35.6447,21.3715,64.3553,78.6285,,,
Kerala,age_30_33,32,21.6004,23.1496,84.3347,85.2079,84.7692,,,,,,,45.7943,27.9192,54.2057,72.0808,,,
Kerala,age_34_plus,32,36.4667,37.3475,69.4243,90.4845,79.8804,,,,,,,68.8819,49.1065,31.1181,50.8935,,,
Kerala,age_below10,32,97.1924,96.9989,0.0,0.0,0.0,67.9832,67.5594,31.817,32.1381,31.817,32.1381,79.3223,79.0324,20.6777,20.9676,0.0,68.183,67.8619
Tamil Nadu,age_10_13,33,27.8442,28.5745,2.0911,0.7753,1.4028,58.9053,67.2088,32.39,23.9565,32.39,23.9565,33.2175,23.5678,66.7825,76.4322,0.0,67.61,76.0435
Tamil Nadu,age_14_17,33,10.5357,9.7686,31.6355,4.2037,17.5708,32.3941,41.4195,39.0399,26.2386,39.0399,26.2386,41.3785,28.4986,58.6215,71.5014,0.0,60.9601,73.7614
Tamil Nadu,age_18_21,33,10.0999,9.4488,83.4463,43.5073,65.1573,9.8838,18.0923,46.3442,27.9187,46.3442,27.9187,51.961,32.9279,48.039,67.0721,0.0,53.6558,72.0813
Tamil Nadu,age_22_25,33,10.2529,8.726,83.4463,43.5073,65.1573,,,,,,,61.8688,37.0627,38.1312,62.9373,,,
Tamil Nadu,age_26_29,33,13.0516,10.4667,93.2378,81.8,87.7778,,,,,,,72.4738,47.9719,27.5262,52.0281,,,
Tamil Nadu,age_30_33,33,15.4614,12.1655,93.307,93.8829,93.5866,,,,,,,79.1634,56.8228,20.8366,43.1772,,,
Tamil Nadu,age_34_plus,33,17.6058,17.2669,75.9524,92.4876,84.4585,,,,,,,87.4942,69.8096,12.5058,30.1904,,,
Tamil Nadu,age_below10,33,93.5047,93.1965,0.0,0.0,0.0,59.8214,63.2084,38.3162,34.8635,38.3162,34.8635,79.2155,77.3157,20.7845,22.6843,0.0,61.6838,65.1365
Andaman & Nicobar Islands,age_10_13,35,38.5338,43.7768,0.327,0.1806,0.2508,80.7631,82.4484,18.9189,16.7404,18.9189,16.7404,15.4213,14.0855,84.5787,85.9145,0.0,81.0811,83.2596
Andaman & Nicobar Islands,age_14_17,35,7.4672,11.2918,3.681,0.3927,2.0033,69.667,63.8315,29.4329,28.2411,29.4329,28.2411,10.8011,8.5879,89.1989,91.4121,0.0,70.5671,71.7589
Andaman & Nicobar Islands,age_18_21,35,6.3098,8.5145,36.4985,12.006,24.2841,38.9155,36.3344,57.0973,44.6945,57.0973,44.6945,16.5869,11.254,83.4131,88.746,0.0,42.9027,55.3055
Andaman & Nicobar Islands,age_22_25,35,7.2007,7.1186,36.4985,12.006,24.2841,,,,,,,17.5816,12.006,82.4184,87.994,,,
Andaman & Nicobar Islands,age_26_29,35,7.4468,7.2,67.1488,47.7307,57.8947,,,,,,,28.7879,14.9017,71.2121,85.0983,,,
Andaman & Nicobar Islands,age_30_33,35,12.1813,8.0906,81.7863,71.4286,76.5781,,,,,,,38.1786,19.7403,61.8214,80.2597,,,
Andaman & Nicobar Islands,age_34_plus,35,20.7011,15.3618,77.1303,83.7689,80.6118,,,,,,,68.4211,42.4242,31.5789,57.5758,,,
Andaman & Nicobar Islands,age_below10,35,95.1983,97.3958,0.0,0.0,0.0,52.1966,53.1688,47.58,46.6978,47.58,46.6978,81.5698,79.5018,18.4302,20.4982,0.0,52.42,53.3022
