state_name,age_bracket,state_code,Below_primary_share_total_female,Below_primary_share_total_male,CMPR_agri_labourers_female,CMPR_agri_labourers_male,CMPR_below_primary_female,CMPR_below_primary_male,CMPR_cultivators_female,CMPR_cultivators_male,CMPR_household_industry_female,CMPR_household_industry_male,CMPR_illiterate_female,CMPR_illiterate_male,CMPR_main_workers_female,CMPR_main_workers_male,CMPR_matric_female,CMPR_matric_male,CMPR_middle_female,CMPR_middle_male,CMPR_non_workers_female,CMPR_non_workers_male,CMPR_other_workers_female,CMPR_other_workers_male,CMPR_primary_female,CMPR_primary_male,CMPR_total_female,CMPR_total_male,Child_labour_attending_total_female,Child_labour_attending_total_male,Child_labour_dropout_total_female,Child_labour_dropout_total_male,Dropout_rate_total_female,Dropout_rate_total_male,Graduate_share_total_female,Graduate_share_total_male,Illiteracy_rate_total_female,Illiteracy_rate_total_male,Literacy_rate_total_female,Literacy_rate_total_male,Non_worker_dropout_total_female,School_attendance_rate_total_female,School_attendance_rate_total_male
INDIA,age_10_13,00,41.8428,41.9748,,,6.1648,1.6087,,,,,8.8271,2.2635,,,1.3729,0.9068,2.7214,1.5793,,,,,4.5465,1.6621,6.6313,1.6191,71.9538,80.7945,25.7901,16.11,25.7901,16.11,0.0,0.0,23.0028,14.315,76.9972,85.685,0.0,74.2099,83.89
INDIA,age_14_17,00,10.8523,9.8546,,,36.9176,7.9134,,,,,38.3443,10.7195,,,17.8561,5.528,29.3089,8.2851,,,,,34.6223,8.102,33.8938,8.0692,50.3543,61.6858,41.4854,21.4646,41.4854,21.4646,0.0,0.0,24.5505,14.1578,75.4495,85.8422,0.0,58.5146,78.5354
INDIA,age_18_21,00,9.7065,8.5347,,,41.8693,39.8676,,,,,39.1702,45.0593,,,50.6525,32.5754,48.0633,38.6961,,,,,44.9397,39.8322,41.6955,38.3906,25.3918,37.0085,60.1092,26.2181,60.1092,26.2181,0.0,0.0,30.4898,15.513,69.5102,84.487,0.0,39.8908,73.7819
INDIA,age_22_25,00,10.3554,8.2356,,,7.1374,31.2563,,,,,5.5531,26.7431,,,18.4722,31.9972,11.1311,29.0552,,,,,8.227,30.4945,8.8786,29.4552,,,,,,,10.5185,10.1422,37.4887,16.7234,62.5113,83.2766,,,
INDIA,age_26_29,00,12.9194,9.7121,,,1.3413,9.2705,,,,,0.9124,6.0193,,,4.099,15.2964,2.106,11.1754,,,,,1.441,9.6392,1.7844,10.9629,,,,,,,12.9768,14.9171,44.8989,20.9194,55.1011,79.0806,,,
INDIA,age_30_33,00,15.4482,11.7813,,,0.4701,4.322,,,,,0.3961,3.2426,,,0.9311,6.6004,0.5101,4.7401,,,,,0.405,4.2278,0.5325,5.0262,,,,,,,11.4311,14.6036,51.6027,25.1951,48.3973,74.8049,,,
INDIA,age_34_plus,00,22.166,18.036,,,0.2539,1.9425,,,,,0.2666,1.4655,,,0.2934,2.1914,0.1846,1.6931,,,,,0.178,1.6483,0.2659,1.8806,,,,,,,8.1254,11.9541,65.9865,35.0362,34.0135,64.9638,,,
INDIA,age_below10,00,96.3234,96.359,,,2.6008,1.3751,,,,,3.6339,1.6159,,,1.5579,1.2041,1.8623,1.4641,,,,,2.1512,1.4289,2.9576,1.4219,54.3751,58.4097,45.2622,41.0491,45.2622,41.0491,0.0,0.0,78.7455,76.7666,21.2545,23.2334,0.0,54.7378,58.9509
Jammu & Kashmir,age_10_13,01,36.7183,37.9556,1.8452,0.3911,2.721,0.4473,3.2154,0.3816,,,2.702,0.4535,2.3777,0.3424,0.6481,0.3208,1.0511,0.3597,,,,,2.1003,0.4099,2.3032,0.4068,66.008,78.1591,32.3134,19.3448,32.3134,19.3448,0.0,0.0,33.8654,20.9725,66.1346,79.0275,0.0,67.6866,80.6552
Jammu & Kashmir,age_14_17,01,4.0987,4.4201,20.4356,4.3136,23.2909,4.524,27.2967,4.198,,,23.4997,4.4993,22.4118,3.3895,10.2241,2.5171,16.3033,3.367,,,,,23.8743,3.985,21.2445,3.7807,53.8151,68.651,41.7483,21.4237,41.7483,21.4237,0.0,0.0,35.3454,19.1968,64.6546,80.8032,0.0,58.2517,78.5763
Jammu & Kashmir,age_18_21,01,3.0585,3.469,44.9501,35.4011,38.3426,34.2585,48.4061,38.7217,,,46.5249,36.8742,44.4177,33.1594,42.8176,27.8879,46.7928,32.6061,,,,,45.8469,34.661,45.4984,32.7408,33.9548,45.0652,58.5638,30.4437,58.5638,30.4437,0.0,0.0,41.324,22.2825,58.676,77.7175,0.0,41.4362,69.5563
Jammu & Kashmir,age_22_25,01,2.5013,2.9213,15.677,34.2831,11.6655,32.7161,12.3955,34.592,,,15.0438,32.8935,17.1529,35.2828,25.3974,36.2749,19.1416,36.1747,,,,,13.7615,35.1529,16.8153,33.957,,,,,,,11.4481,9.251,48.593,23.5719,51.407,76.4281,,,
Jammu & Kashmir,age_26_29,01,2.8788,2.6651,4.0927,10.154,2.4645,10.814,2.5249,9.7005,,,3.4125,9.2921,5.2756,13.7777,5.8868,17.1671,3.6325,13.8593,,,,,2.4075,11.5972,3.9333,12.943,,,,,,,16.815,14.4242,58.1891,26.4759,41.8109,73.5241,,,
Jammu & Kashmir,age_30_33,01,3.2234,2.6668,1.6232,6.5047,0.7253,5.4011,1.0454,5.7965,,,1.4466,6.7913,1.751,6.8066,1.1925,6.4029,0.7249,5.1894,,,,,0.5284,5.2034,1.3859,6.7282,,,,,,,15.7871,13.6907,65.1333,30.1658,34.8667,69.8342,,,
Jammu & Kashmir,age_34_plus,01,4.3943,4.3847,0.8602,2.2687,0.3046,2.2698,0.4409,2.2581,,,0.5952,2.8874,0.582,2.0719,0.251,1.427,0.1856,1.3241,,,,,0.191,1.8385,0.5242,2.239,,,,,,,12.5696,13.7141,79.5212,48.4945,20.4788,51.5055,,,
Jammu & Kashmir,age_below10,01,93.4358,93.797,1.7897,0.7657,1.4106,0.9005,1.1161,0.6102,,,1.0169,0.665,1.0219,0.6556,0.998,0.8478,1.0567,0.8125,,,,,1.1166,0.721,1.0218,0.7577,47.244,54.2295,52.19,44.9946,52.19,44.9946,0.0,0.0,81.1464,77.9981,18.8536,22.0019,0.0,47.81,55.0054
Himachal Pradesh,age_10_13,02,40.197,39.811,3.2858,0.3124,4.0101,0.587,3.7102,0.4467,,,7.1534,0.8721,3.4754,0.3844,0.3378,0.179,0.8016,0.2816,,,,,2.1493,0.4111,4.1776,0.436,94.6536,96.5417,4.5637,2.6512,4.5637,2.6512,0.0,0.0,3.8965,2.1748,96.1035,97.8252,0.0,95.4363,97.3488
Himachal Pradesh,age_14_17,02,4.4998,4.2383,29.2869,3.9644,34.3481,5.6338,29.2958,4.4106,,,35.9306,6.5787,27.6244,3.5463,7.4427,1.3875,18.3816,2.7933,,,,,28.9618,4.4499,27.4545,3.7078,81.1334,86.3761,13.956,7.0932,13.956,7.0932,0.0,0.0,5.6533,2.9496,94.3467,97.0504,0.0,86.044,92.9068
Himachal Pradesh,age_18_21,02,3.814,4.0777,49.9715,30.8185,48.4783,38.4681,52.567,36.6093,,,43.5478,37.2272,50.6573,30.4307,59.4477,21.6599,62.4997,30.8222,,,,,55.8894,37.2017,49.8731,30.0295,49.1248,58.2719,35.9389,18.2362,35.9389,18.2362,0.0,0.0,9.5343,5.0848,90.4657,94.9152,0.0,64.0611,81.7638
Himachal Pradesh,age_22_25,02,4.1201,4.3782,10.6788,38.8906,7.0191,33.7324,9.1676,36.6027,,,6.6769,32.3899,11.5677,38.0283,24.1718,43.156,12.442,41.4624,,,,,8.1717,37.1934,11.5134,37.6132,,,,,,,9.0625,8.2035,14.1324,5.9736,85.8676,94.0264,,,
Himachal Pradesh,age_26_29,02,6.0899,5.3663,1.814,14.9611,1.1064,11.3562,1.2819,12.8455,,,1.1403,10.0007,2.4229,18.0163,3.0657,23.7929,1.1884,16.525,,,,,0.9346,12.664,1.7973,17.5562,,,,,,,10.2841,12.5827,21.7779,8.0571,78.2221,91.9429,,,
Himachal Pradesh,age_30_33,02,8.4805,6.9439,0.7872,5.1475,0.319,4.6781,0.3716,4.4462,,,0.4944,5.958,0.5835,5.29,0.4263,5.1654,0.1841,3.9112,,,,,0.1821,3.7196,0.431,5.3933,,,,,,,7.5575,11.3986,30.8366,10.792,69.1634,89.208,,,
Himachal Pradesh,age_34_plus,02,14.4655,12.5881,0.308,2.4841,0.2259,2.6248,0.2679,2.12,,,0.4472,3.8936,0.3086,1.8087,0.1416,1.08,0.0651,1.1428,,,,,0.0902,1.4862,0.2907,2.054,,,,,,,5.6257,9.7106,62.0321,28.5429,37.9679,71.4571,,,
Himachal Pradesh,age_below10,02,98.3805,98.4271,2.0764,0.9578,2.1917,0.8775,2.182,0.8479,,,3.2204,0.9776,2.0888,0.8346,1.6296,1.0155,1.7259,0.8763,,,,,1.8484,0.8489,2.452,0.9475,73.1137,74.599,26.7137,25.2165,26.7137,25.2165,0.0,0.0,70.2697,70.1105,29.7303,29.8895,0.0,73.2863,74.7835
Punjab,age_10_13,03,42.1765,45.926,1.211,0.2938,1.3658,0.4757,1.096,0.2304,,,1.6402,0.4046,1.0835,0.2913,0.3745,0.2087,0.6276,0.2809,,,,,0.883,0.3321,1.1281,0.3105,84.6416,86.9151,14.3022,10.2391,14.3022,10.2391,0.0,0.0,11.8095,9.6023,88.1905,90.3977,0.0,85.6978,89.7609
Punjab,age_14_17,03,4.5704,5.2512,16.0155,3.5783,17.2838,4.4259,13.0742,2.7323,,,18.2596,4.1988,13.7116,2.8411,7.154,1.6737,12.8128,2.8282,,,,,15.3276,3.4661,14.4785,2.9815,64.083,66.1496,31.4072,16.8308,31.4072,16.8308,0.0,0.0,13.0199,11.5373,86.9801,88.4627,0.0,68.5928,83.1692
Punjab,age_18_21,03,3.108,4.1203,58.7078,42.1326,53.4452,37.9278,57.4047,37.2959,,,55.6564,39.893,53.8878,33.3272,54.954,27.7006,58.2735,34.9849,,,,,57.9929,37.7224,54.9455,33.425,34.2928,34.1791,56.3055,23.8343,56.3055,23.8343,0.0,0.0,16.7889,14.8061,83.2111,85.1939,0.0,43.6945,76.1657
Punjab,age_22_25,03,2.3175,3.3724,16.5937,37.2519,15.4569,35.2024,20.1558,39.8924,,,16.2392,35.8788,21.8963,40.7288,26.4941,44.6059,19.1128,40.4845,,,,,17.5318,38.2456,20.0346,39.6339,,,,,,,12.8074,7.1108,23.315,16.921,76.685,83.079,,,
Punjab,age_26_29,03,3.0953,3.7511,2.8749,8.1034,2.5387,8.8231,3.3715,10.3638,,,2.7639,8.0426,4.5685,13.3148,3.7873,15.9161,2.5579,11.5973,,,,,2.561,9.8873,3.2607,12.7006,,,,,,,14.9457,10.5432,31.8603,21.1723,68.1397,78.8277,,,
Punjab,age_30_33,03,4.108,4.157,0.8134,3.3955,0.6177,3.7771,0.9554,4.1737,,,0.9636,4.5232,0.9823,4.1144,0.5404,3.7728,0.4406,3.511,,,,,0.5379,3.5065,0.7857,4.2354,,,,,,,12.2226,11.3137,38.4033,24.8826,61.5967,75.1174,,,
Punjab,age_34_plus,03,6.2164,5.9033,0.3367,1.2056,0.344,1.7456,0.4064,1.6745,,,0.5818,2.1994,0.3564,1.2761,0.1561,0.8813,0.1637,1.0833,,,,,0.2123,1.2222,0.396,1.4764,,,,,,,10.0377,11.7309,59.0157,38.1696,40.9843,61.8304,,,
Punjab,age_below10,03,97.3726,97.6163,0.7616,0.7194,0.8984,0.8373,0.8297,0.6704,,,0.8024,0.701,0.7626,0.7197,1.0051,0.8112,0.9068,0.7645,,,,,0.7958,0.7651,0.8526,0.7536,64.5746,66.5001,35.1311,33.0145,35.1311,33.0145,0.0,0.0,72.9786,72.767,27.0214,27.233,0.0,64.8689,66.9855
Chandigarh,age_10_13,04,37.2092,40.6328,6.4516,0.6873,5.0804,2.1915,3.2407,1.1036,,,8.0722,2.2111,3.1905,1.0032,0.5751,0.615,1.9005,1.317,,,,,3.2158,1.4823,3.4365,0.9951,89.0262,89.7395,10.005,7.7251,10.005,7.7251,0.0,0.0,9.409,7.579,90.591,92.421,0.0,89.995,92.2749
Chandigarh,age_14_17,04,3.5574,4.8287,25.8065,5.1546,35.3245,11.6276,22.2222,5.5178,,,38.3969,13.2598,17.2475,6.176,10.4694,3.8225,24.5027,8.0434,,,,,32.5726,9.8997,21.9594,6.132,79.6455,73.2416,17.3392,10.3299,17.3392,10.3299,0.0,0.0,8.493,9.0149,91.507,90.9851,0.0,82.6608,89.6701
Chandigarh,age_18_21,04,1.9558,4.0233,41.9355,35.0515,41.7146,42.4484,46.7593,33.2767,,,38.8795,45.2322,30.9515,29.0465,51.9083,25.4297,54.1691,39.7138,,,,,48.0721,43.1651,41.621,28.6136,60.7386,46.1851,33.9654,13.3899,33.9654,13.3899,0.0,0.0,11.9706,12.3136,88.0294,87.6864,0.0,66.0346,86.6101
Chandigarh,age_22_25,04,2.0431,3.1861,20.9677,30.5842,8.1564,26.8984,16.2037,34.4652,,,6.914,24.7792,31.2573,33.5609,26.0214,39.7184,12.1704,32.9736,,,,,9.1967,29.4021,21.72,33.1388,,,,,,,30.4511,18.4478,19.2407,11.7236,80.7593,88.2764,,,
Chandigarh,age_26_29,04,2.5101,3.1829,3.2258,19.9313,1.4884,7.426,3.7037,14.7708,,,1.1147,5.6731,11.1678,20.1516,4.4331,20.194,1.4776,9.7983,,,,,1.1793,7.6549,4.8122,19.9726,,,,,,,38.8521,26.4283,26.6605,14.2333,73.3395,85.7667,,,
Chandigarh,age_30_33,04,2.7506,3.1965,0.0,3.0928,0.3969,2.5126,0.9259,5.2632,,,0.3508,2.5273,1.7695,4.9567,0.6475,4.3139,0.3237,2.5272,,,,,0.2737,2.3451,0.7625,5.1707,,,,,,,37.17,27.8208,30.6512,16.6006,69.3488,83.3994,,,
Chandigarh,age_34_plus,04,3.5245,3.1395,0.0,1.0309,0.2381,1.1027,0.0,1.9525,,,0.3334,1.0447,0.5733,1.1737,0.2565,1.0908,0.1462,0.8205,,,,,0.1811,0.8844,0.354,1.3873,,,,,,,35.782,37.0987,32.6401,16.9356,67.3599,83.0644,,,
Chandigarh,age_below10,04,97.7504,97.9147,1.6129,1.7182,2.6394,1.9542,3.2407,0.764,,,3.5208,1.9605,1.6436,1.4188,1.5929,1.3288,1.9631,1.6652,,,,,2.0567,1.9227,2.1887,1.4339,71.8062,74.7889,27.9733,24.9003,27.9733,24.9003,0.0,0.0,73.7584,72.4802,26.2416,27.5198,0.0,72.0267,75.0997
State - UTTARANCHAL  05,age_10_13,05,46.4863,44.6675,6.0038,0.5347,5.372,1.2487,7.1851,0.8869,,,9.4101,1.142,6.5609,0.6127,0.8634,0.3236,1.5019,0.5271,,,,,2.8985,0.8213,6.2544,0.6975,86.0854,91.0052,13.0884,7.7956,13.0884,7.7956,0.0,0.0,11.5632,6.6644,88.4368,93.3356,0.0,86.9116,92.2044
State - UTTARANCHAL  05,age_14_17,05,7.4798,6.0353,35.9165,4.9085,39.4621,8.2714,39.1599,6.4759,,,40.358,8.2663,36.7858,4.7465,13.6562,2.557,25.5047,4.6717,,,,,35.0203,6.4006,33.374,5.1984,66.9525,77.5988,27.9926,14.1345,27.9926,14.1345,0.0,0.0,14.8249,7.3552,85.1751,92.6448,0.0,72.0074,85.8655
State - UTTARANCHAL  05,age_18_21,05,4.7633,4.5668,44.8187,51.8363,43.3846,42.7646,44.1755,44.7425,,,39.1588,45.9754,43.7456,38.4573,60.1965,31.7338,58.4881,42.7753,,,,,50.6386,43.67,44.7624,37.9588,40.9972,52.8277,44.6639,23.4326,44.6639,23.4326,0.0,0.0,19.7342,9.9288,80.2658,90.0712,0.0,55.3361,76.5674
State - UTTARANCHAL  05,age_22_25,05,4.5853,4.1726,6.6025,30.6707,4.9578,30.5577,4.7393,32.8815,,,4.5893,28.9663,6.8907,34.9144,16.4878,40.0795,7.9566,35.4441,,,,,5.7312,32.931,8.3885,34.2241,,,,,,,17.9961,14.2958,27.6289,11.629,72.3711,88.371,,,
State - UTTARANCHAL  05,age_26_29,05,6.7488,4.7332,1.0799,5.3201,0.7194,8.1304,0.5388,8.1831,,,0.6802,6.142,1.4245,12.7198,2.0756,15.883,0.8788,9.2852,,,,,0.6753,8.2605,1.3204,12.2329,,,,,,,21.5344,20.827,38.373,14.5713,61.627,85.4287,,,
State - UTTARANCHAL  05,age_30_33,05,8.8237,5.3116,0.4812,2.4229,0.1933,3.5431,0.1904,3.004,,,0.2987,3.4786,0.3986,4.2752,0.3913,4.39,0.1639,2.7649,,,,,0.1695,3.1649,0.3476,4.3056,,,,,,,18.037,19.6107,47.0869,16.8749,52.9131,83.1251,,,
State - UTTARANCHAL  05,age_34_plus,05,13.5064,10.801,0.263,1.0895,0.1141,2.1378,0.102,1.4031,,,0.2173,2.0053,0.1805,1.4204,0.1321,1.2365,0.0704,1.0156,,,,,0.0925,1.5728,0.1903,1.6339,,,,,,,13.6343,14.9805,67.7668,25.9819,32.2332,74.0181,,,
State - UTTARANCHAL  05,age_below10,05,97.0046,97.1291,2.7193,1.0513,2.2808,1.0834,2.8926,0.975,,,3.3614,1.1649,2.7079,0.9581,1.6679,0.9274,1.944,0.996,,,,,2.0251,1.0077,2.7061,1.0357,64.5377,66.9575,35.2817,32.763,35.2817,32.763,0.0,0.0,74.941,73.9482,25.059,26.0518,0.0,64.7183,67.237
Haryana,age_10_13,06,47.5842,48.5585,8.0488,1.5281,7.7944,2.4953,9.3484,2.0644,,,9.1684,2.1502,7.8374,1.4448,1.5901,0.9297,3.2857,1.5178,,,,,5.586,2.0199,6.9126,1.5887,82.6076,89.4241,16.4131,8.8126,16.4131,8.8126,0.0,0.0,13.6009,7.7291,86.3991,92.2709,0.0,83.5869,91.1874
Haryana,age_14_17,06,7.1845,6.7813,41.9763,12.0972,39.631,15.1298,44.1972,14.0771,,,42.6463,14.6239,39.7976,10.5708,21.4186,7.9512,33.4411,11.5873,,,,,38.6816,13.5932,37.0995,11.2983,61.4999,72.4757,33.6794,14.1575,33.6794,14.1575,0.0,0.0,15.387,8.6047,84.613,91.3953,0.0,66.3206,85.8425
Haryana,age_18_21,06,4.4992,4.9974,37.4035,49.3085,35.7083,45.8522,34.6746,48.5785,,,35.1237,46.3242,36.2074,43.0915,53.9649,41.2287,47.7909,46.381,,,,,41.7674,47.7963,39.3647,42.9956,32.0212,44.6031,56.2807,20.0189,56.2807,20.0189,0.0,0.0,22.1671,11.0304,77.8329,88.9696,0.0,43.7193,79.9811
Haryana,age_22_25,06,4.1451,4.3496,5.7451,26.3409,5.982,23.2209,4.8326,24.6408,,,5.6768,23.8216,8.5695,29.9513,15.3182,34.1605,8.4924,28.0245,,,,,6.7539,24.9113,8.9005,28.7329,,,,,,,11.5871,8.87,31.9205,12.975,68.0795,87.025,,,
Haryana,age_26_29,06,5.4514,4.8109,0.9001,4.9946,0.8017,5.0147,0.6518,4.9265,,,0.8663,5.1476,1.5945,8.7712,1.7923,9.4963,0.9478,6.2536,,,,,0.8157,5.1002,1.2739,8.2157,,,,,,,14.5967,12.9337,44.4468,17.4293,55.5532,82.5707,,,
Haryana,age_30_33,06,6.4467,5.4664,0.2234,1.6677,0.1918,1.8352,0.1567,1.597,,,0.2744,2.4,0.311,2.147,0.2464,1.8825,0.1433,1.5746,,,,,0.1573,1.4977,0.2704,2.1985,,,,,,,13.7182,12.8162,55.3926,22.5118,44.6074,77.4882,,,
Haryana,age_34_plus,06,8.405,7.5197,0.1146,0.733,0.1646,1.0635,0.0985,0.8053,,,0.2588,1.495,0.1351,0.7435,0.0758,0.4886,0.0625,0.5704,,,,,0.0862,0.6089,0.1971,0.8912,,,,,,,12.6146,12.7787,72.066,36.2813,27.934,63.7187,,,
Haryana,age_below10,06,97.8156,97.9211,4.5048,1.6312,4.5824,2.1714,5.1227,1.8423,,,4.5394,1.7443,4.4016,1.5451,2.32,1.4636,2.7887,1.6795,,,,,3.4037,1.9094,3.8497,1.646,58.6886,62.2471,41.1089,37.3873,41.1089,37.3873,0.0,0.0,75.6325,74.452,24.3675,25.548,0.0,58.8911,62.6127
State - DELHI  07,age_10_13,07,37.349,40.1945,7.9429,1.1878,6.7551,1.5573,6.2754,0.7619,,,9.5932,1.8537,4.4353,0.7799,1.1329,0.5266,2.9348,0.9989,,,,,5.0918,1.1898,4.8014,0.8365,88.5228,89.2255,11.0139,8.9266,11.0139,8.9266,0.0,0.0,8.3075,6.9849,91.6925,93.0151,0.0,88.9861,91.0734
State - DELHI  07,age_14_17,07,4.3406,5.366,38.4203,11.3716,40.4631,11.7016,41.1111,9.1519,,,42.5564,12.813,21.9092,6.369,16.7745,4.8742,31.6472,8.4247,,,,,38.493,9.9494,28.2953,6.6188,72.6714,69.8941,25.3842,16.5894,25.3842,16.5894,0.0,0.0,8.6479,8.5627,91.3521,91.4373,0.0,74.6158,83.4106
State - DELHI  07,age_18_21,07,2.9849,4.542,36.1,45.7238,36.8733,44.0608,38.6854,47.5707,,,34.0843,45.0718,30.4895,32.6357,51.9073,32.2105,47.644,42.2244,,,,,41.2922,44.1275,39.9725,32.7962,47.9084,42.2665,48.1713,21.5234,48.1713,21.5234,0.0,0.0,12.901,11.1192,87.099,88.8808,0.0,51.8287,78.4766
State - DELHI  07,age_22_25,07,2.9142,3.5969,7.8536,28.0963,6.9617,27.5332,7.543,30.5271,,,5.8307,26.2538,26.7344,34.6208,20.5007,38.2039,9.9546,32.2899,,,,,7.4941,29.7778,16.9724,33.7937,,,,,,,25.5642,18.0411,19.0802,10.7087,80.9198,89.2913,,,
State - DELHI  07,age_26_29,07,3.6064,3.3649,2.0973,6.8103,1.0435,6.5625,0.9546,6.4111,,,0.8399,5.5711,9.4724,16.514,3.4632,15.3976,1.3176,8.5534,,,,,1.003,7.1315,3.4022,16.01,,,,,,,33.8472,27.0275,26.3281,11.7606,73.6719,88.2394,,,
State - DELHI  07,age_30_33,07,4.1143,3.5272,0.357,2.2806,0.3603,2.7974,0.1878,1.9023,,,0.3254,2.8057,1.6776,4.7489,0.5961,4.1938,0.2896,2.5712,,,,,0.2641,2.644,0.6304,4.8779,,,,,,,33.3723,28.4578,31.9599,13.2178,68.0401,86.7822,,,
State - DELHI  07,age_34_plus,07,5.3693,4.2275,0.357,0.9978,0.2479,1.1712,0.2191,0.7523,,,0.2766,1.2759,0.5275,1.1906,0.2013,1.071,0.1336,0.7818,,,,,0.1568,0.9099,0.2705,1.3557,,,,,,,30.1851,31.1487,39.2711,16.2808,60.7289,83.7192,,,
State - DELHI  07,age_below10,07,97.3961,97.6332,4.6408,1.9164,3.6024,1.7163,3.9593,1.6148,,,4.4321,1.7118,2.5762,1.2442,2.3516,1.1632,3.0417,1.5318,,,,,3.3896,1.5836,3.1142,1.278,68.453,69.5915,31.4586,30.0662,31.4586,30.0662,0.0,0.0,73.7331,73.322,26.2669,26.678,0.0,68.5414,69.9338
Rajasthan,age_10_13,08,54.9106,51.3333,16.0665,5.3897,13.6139,6.7357,17.0079,6.357,,,15.8702,6.6294,16.237,5.1429,3.0001,3.0655,6.2762,5.3573,,,,,10.8514,7.1103,13.8758,5.5977,63.6033,86.2151,32.836,11.1245,32.836,11.1245,0.0,0.0,29.3335,9.7792,70.6665,90.2208,0.0,67.164,88.8755
Rajasthan,age_14_17,08,19.8023,13.143,37.7361,18.8426,39.783,19.1684,38.2148,20.2048,,,38.7643,19.355,37.5063,17.099,24.3215,13.1648,37.4816,18.5134,,,,,41.4692,19.4167,37.7953,17.3388,36.2702,64.1672,51.0192,17.0161,51.0192,17.0161,0.0,0.0,35.6276,10.4852,64.3724,89.5148,0.0,48.9808,82.9839
Rajasthan,age_18_21,08,17.7707,11.2382,31.4409,50.2233,32.0284,46.4567,30.3363,49.423,,,31.0055,46.0639,30.6744,47.0916,51.3453,47.0825,42.9019,49.11,,,,,35.1802,47.1208,33.1777,46.0728,18.3346,36.7814,60.8279,20.0136,60.8279,20.0136,0.0,0.0,44.0201,12.7673,55.9799,87.2327,0.0,39.1721,79.9864
Rajasthan,age_22_25,08,18.4476,10.6767,3.2521,17.4731,3.2412,17.0404,2.8536,16.1198,,,3.3488,18.0023,3.8928,20.6336,13.3992,25.3032,6.4737,18.1519,,,,,4.0411,16.6166,4.6973,20.0846,,,,,,,8.758,9.1513,50.978,14.6147,49.022,85.3853,,,
Rajasthan,age_26_29,08,20.4831,11.7724,0.3968,2.1766,0.3582,2.4357,0.3363,2.0131,,,0.4028,2.5533,0.6393,3.9978,1.7075,5.4223,0.7101,2.7116,,,,,0.4569,2.2457,0.6122,3.8293,,,,,,,10.6636,12.3849,57.5617,18.9643,42.4383,81.0357,,,
Rajasthan,age_30_33,08,22.0297,13.5593,0.1381,0.984,0.0961,1.0263,0.1073,0.9462,,,0.1602,1.5432,0.1763,1.2919,0.3044,1.3346,0.1394,0.7804,,,,,0.107,0.8689,0.1728,1.3347,,,,,,,9.3425,12.0098,63.2403,24.3438,36.7597,75.6562,,,
Rajasthan,age_34_plus,08,22.6573,18.6893,0.0839,0.3821,0.0678,0.4551,0.0717,0.395,,,0.1566,0.7298,0.0949,0.4355,0.1069,0.3633,0.0567,0.2479,,,,,0.062,0.3391,0.1354,0.4995,,,,,,,7.9691,10.7872,78.8406,41.295,21.1594,58.705,,,
Rajasthan,age_below10,08,96.2286,96.5918,9.6925,3.147,8.5674,4.9233,10.1281,3.4485,,,8.816,3.5445,9.6858,2.9757,2.4558,2.2839,3.4028,3.3466,,,,,5.4406,4.436,7.7586,3.4669,52.6669,63.0496,46.8528,36.4746,46.8528,36.4746,0.0,0.0,80.317,76.0287,19.683,23.9713,0.0,53.1472,63.5254
Uttar Pradesh,age_10_13,09,48.4535,47.044,11.593,4.1421,6.9024,4.4174,11.6768,4.2393,,,9.4398,4.7178,9.9129,3.3303,3.0463,2.345,4.9063,3.3209,,,,,6.1924,3.959,8.1271,3.6758,64.5472,76.6568,34.6159,20.9012,34.6159,20.9012,0.0,0.0,31.8991,19.1193,68.1009,80.8807,0.0,65.3841,79.0988
Uttar Pradesh,age_14_17,09,10.6378,9.6555,39.7437,15.7443,35.6888,17.1061,38.4036,16.7979,,,38.5649,16.6465,36.7307,14.007,26.7028,12.1545,35.3417,15.3019,,,,,37.1227,15.8525,36.481,14.6956,44.4463,60.8266,52.9028,25.6415,52.9028,25.6415,0.0,0.0,36.2339,19.5449,63.7661,80.4551,0.0,47.0972,74.3585
Uttar Pradesh,age_18_21,09,6.782,6.3782,36.4066,56.7535,41.1264,52.805,37.7833,57.0806,,,39.7912,52.7912,39.155,53.7851,51.2373,53.9345,46.4788,55.8082,,,,,43.8778,54.4143,41.5852,52.6865,25.0635,39.823,70.1435,28.8141,70.1435,28.8141,0.0,0.0,43.7707,21.6773,56.2293,78.3227,0.0,29.8565,71.1859
Uttar Pradesh,age_22_25,09,5.8922,5.1549,2.5645,14.8307,4.0924,14.4967,2.8046,13.9684,,,3.4857,15.1823,4.6195,18.48,9.4382,20.3284,5.1988,16.108,,,,,4.3082,15.644,4.7725,17.4469,,,,,,,12.4982,11.5263,54.644,24.0815,45.356,75.9185,,,
Uttar Pradesh,age_26_29,09,6.8842,5.4156,0.3539,1.618,0.5743,1.9001,0.3604,1.5448,,,0.4952,1.9146,0.8723,3.3401,1.3608,3.8507,0.6725,2.2697,,,,,0.5721,2.0793,0.7158,3.0967,,,,,,,14.418,15.371,62.156,28.0244,37.844,71.9756,,,
Uttar Pradesh,age_30_33,09,7.6936,5.904,0.1516,0.7912,0.1914,1.056,0.1621,0.7949,,,0.2029,1.1628,0.3073,1.3505,0.2965,1.2895,0.1635,0.8669,,,,,0.1649,0.9756,0.228,1.3,,,,,,,12.3495,14.2784,67.5189,31.8551,32.4811,68.1449,,,
Uttar Pradesh,age_34_plus,09,10.1779,9.3837,0.1297,0.3635,0.1253,0.6024,0.1523,0.4182,,,0.1785,0.6286,0.1917,0.5353,0.1001,0.4342,0.0696,0.3407,,,,,0.0927,0.4621,0.1621,0.5488,,,,,,,10.1685,13.0954,78.0822,43.2307,21.9178,56.7693,,,
Uttar Pradesh,age_below10,09,94.99,94.9182,6.7628,2.9078,3.5869,2.9984,6.4157,2.6574,,,4.8283,3.0855,5.4721,2.3206,2.1399,1.9624,2.5355,2.3949,,,,,2.9595,2.6626,4.2125,2.6066,44.3749,49.9426,55.2759,49.3776,55.2759,49.3776,0.0,0.0,82.2551,79.2321,17.7449,20.7679,0.0,44.7241,50.6224
Bihar,age_10_13,10,48.1834,46.6617,11.8317,2.1775,7.8433,2.3355,12.3839,1.8364,,,9.9287,2.4013,11.6208,1.7775,4.0648,1.331,5.4625,1.7365,,,,,6.5847,1.9027,8.9046,1.9608,47.2666,62.3056,51.1384,33.8307,51.1384,33.8307,0.0,0.0,49.4595,33.2936,50.5405,66.7064,0.0,48.8616,66.1693
Bihar,age_14_17,10,12.6489,11.5013,46.2693,15.9882,45.0994,16.5026,45.4999,15.4694,,,45.9481,16.2035,45.3581,14.3833,37.9906,13.5663,43.9099,15.4559,,,,,45.1598,15.484,44.8445,14.9129,34.6163,50.1373,60.1995,30.2762,60.1995,30.2762,0.0,0.0,47.21,30.2853,52.79,69.7147,0.0,39.8005,69.7238
Bihar,age_18_21,10,9.5199,7.7804,32.7118,53.343,36.3323,52.5612,33.0289,54.6123,,,34.5743,52.2067,33.2825,52.2906,44.599,52.4645,39.7716,53.5575,,,,,38.29,53.3112,35.9797,51.6721,15.4075,33.3484,75.4783,29.3533,75.4783,29.3533,0.0,0.0,55.5815,29.7929,44.4185,70.2071,0.0,24.5217,70.6467
Bihar,age_22_25,10,9.5823,6.7321,3.0069,21.1596,3.4073,20.0715,3.095,20.8187,,,3.2091,20.9574,3.4461,22.8262,6.8209,23.0748,4.2515,20.8566,,,,,3.7624,21.0547,3.7983,22.0848,,,,,,,6.7417,10.1402,63.1358,31.6981,36.8642,68.3019,,,
Bihar,age_26_29,10,10.541,7.1771,0.3805,2.6205,0.4157,2.6948,0.3568,2.6388,,,0.3834,2.6538,0.4761,3.5896,0.8526,3.8143,0.486,2.8796,,,,,0.4267,2.7592,0.4773,3.4658,,,,,,,10.3503,18.9866,68.0463,36.0928,31.9537,63.9072,,,
Bihar,age_30_33,10,11.6933,7.8292,0.1706,1.1745,0.1362,1.1993,0.1669,1.1422,,,0.1786,1.3266,0.2003,1.5321,0.1777,1.4228,0.127,1.1623,,,,,0.1332,1.2238,0.1813,1.5072,,,,,,,9.6477,19.4886,72.6877,40.9196,27.3123,59.0804,,,
Bihar,age_34_plus,10,14.8445,10.4423,0.1045,0.4356,0.0861,0.5608,0.118,0.4701,,,0.1341,0.5574,0.1169,0.53,0.0548,0.4595,0.0568,0.4336,,,,,0.0687,0.517,0.1206,0.5538,,,,,,,5.7444,13.6303,81.1251,48.0408,18.8749,51.9592,,,
Bihar,age_below10,10,93.9072,93.7879,4.0656,1.4051,3.2989,1.583,3.8584,1.3973,,,3.6463,1.4789,3.9219,1.346,2.5308,1.4922,2.8384,1.5332,,,,,3.0589,1.449,3.4586,1.4824,28.5651,35.8904,71.0746,63.3993,71.0746,63.3993,0.0,0.0,88.4248,84.6701,11.5752,15.3299,0.0,28.9254,36.6007
Sikkim,age_10_13,11,63.2077,66.0284,2.8651,0.3748,2.6703,0.9065,2.8466,0.8611,,,4.2067,0.9241,2.4979,0.6799,0.4352,0.626,0.8694,0.5146,,,,,1.5665,0.5487,2.954,0.7587,86.4823,87.7256,9.5985,8.6107,9.5985,8.6107,0.0,0.0,16.4285,14.5905,83.5715,85.4095,0.0,90.4015,91.3893
Sikkim,age_14_17,11,21.8472,26.8207,27.8552,5.2724,33.9695,6.7193,27.4136,6.3851,,,26.2458,6.0546,24.6369,4.9806,10.9138,2.4159,21.874,4.3814,,,,,32.2173,6.161,25.3021,5.1314,70.0163,69.067,16.5658,12.3431,16.5658,12.3431,0.0,0.0,15.2383,12.3662,84.7617,87.6338,0.0,83.4342,87.6569
Sikkim,age_18_21,11,15.9001,20.0711,35.376,29.3603,37.3588,31.3116,38.4976,29.2577,,,35.8863,26.7302,37.545,27.9479,42.5762,23.9388,46.3239,29.6047,,,,,41.3675,34.0682,37.9554,27.6799,42.6192,42.3382,32.7973,17.4128,32.7973,17.4128,0.0,0.0,19.1407,14.0424,80.8593,85.9576,0.0,67.2027,82.5872
Sikkim,age_22_25,11,16.4039,18.2464,16.7927,26.9615,13.1719,28.48,16.3945,28.6978,,,16.2589,26.5129,18.9729,30.825,27.8938,35.2993,17.0763,34.8009,,,,,12.6395,30.9203,17.3823,30.1513,,,,,,,5.408,4.9335,23.9533,13.8262,76.0467,86.1738,,,
Sikkim,age_26_29,11,16.6504,17.0283,6.4067,14.2429,3.6118,13.8545,5.3907,14.5159,,,6.1629,13.552,6.8373,16.7602,8.3899,20.4568,4.1108,16.3963,,,,,3.1061,13.3519,5.8915,16.1859,,,,,,,8.6632,10.0377,31.8798,15.0777,68.1202,84.9223,,,
Sikkim,age_30_33,11,19.1418,15.6724,2.9049,9.5202,1.4807,7.7099,2.6984,8.5613,,,3.3163,10.6985,2.8064,8.5468,1.7668,7.8785,1.0948,6.0825,,,,,0.8001,5.9444,2.4812,8.5322,,,,,,,8.3885,10.2067,43.9468,17.7737,56.0532,82.2263,,,
Sikkim,age_34_plus,11,26.7276,28.7726,2.3876,8.5707,0.659,6.2707,1.8957,7.5026,,,2.5446,10.2291,1.7412,5.805,0.4526,3.2717,0.3435,2.6446,,,,,0.437,3.6196,1.6457,6.06,,,,,,,8.2456,8.8207,73.1926,37.6388,26.8074,62.3612,,,
Sikkim,age_below10,11,97.4865,97.1717,2.3876,1.5492,2.1226,1.4392,1.9822,1.3551,,,2.2425,1.1964,1.867,1.3311,1.5144,1.5747,2.0929,1.4724,,,,,2.3128,1.4921,2.1229,1.387,68.5347,69.1043,30.7319,30.0077,30.7319,30.0077,0.0,0.0,78.5224,78.6471,21.4776,21.3529,0.0,69.2681,69.9923
Arunachal Pradesh,age_10_13,12,58.5322,59.76,3.2047,1.1334,2.9855,0.4884,2.0744,0.3639,,,2.4911,0.4748,2.1381,0.4567,1.0221,0.5588,1.8046,0.5677,,,,,2.6537,0.5233,2.3269,0.5005,64.0556,72.867,31.5542,24.4173,31.5542,24.4173,0.0,0.0,36.969,27.8086,63.031,72.1914,0.0,68.4458,75.5827
Arunachal Pradesh,age_14_17,12,19.989,20.3885,25.9647,3.6588,29.1479,4.5185,22.6481,4.5498,,,22.521,4.4322,22.1849,3.9248,14.6809,3.0676,24.4748,4.3173,,,,,29.1667,4.8833,22.5633,4.0888,60.9862,69.4327,24.5236,18.0017,24.5236,18.0017,0.0,0.0,30.9506,20.1436,69.0494,79.8564,0.0,75.4764,81.9983
Arunachal Pradesh,age_18_21,12,14.4491,14.081,45.6508,30.165,46.0504,34.8288,51.0523,39.5361,,,48.8934,36.599,49.7769,33.7685,48.3586,28.3326,49.6123,35.8045,,,,,46.7807,36.6873,48.1642,33.6996,36.9123,48.4828,32.9643,18.4015,32.9643,18.4015,0.0,0.0,37.3975,22.4799,62.6025,77.5201,0.0,67.0357,81.5985
Arunachal Pradesh,age_22_25,12,13.9554,11.869,12.5245,32.233,9.8041,32.0356,13.2375,31.3066,,,13.4886,30.1602,14.1522,31.6887,20.7743,32.4075,11.9343,32.742,,,,,9.5128,31.2614,14.0064,31.0636,,,,,,,4.7022,5.2875,44.274,23.0949,55.726,76.9051,,,
Arunachal Pradesh,age_26_29,12,13.9959,12.1559,3.0412,12.7063,2.1459,12.3597,3.2963,10.6679,,,3.5309,10.9217,3.696,14.0064,4.8436,17.5445,1.9738,13.0303,,,,,1.8513,12.075,3.5463,13.5385,,,,,,,8.2946,10.4513,51.8071,26.6882,48.1929,73.3118,,,
Arunachal Pradesh,age_30_33,12,15.6864,11.8255,1.7986,8.272,0.5676,7.0014,1.3903,6.2257,,,1.6932,7.7207,1.479,7.9025,0.8776,8.4281,0.5428,5.7215,,,,,0.4689,6.0937,1.4142,7.7987,,,,,,,10.5392,11.7686,60.9474,28.4784,39.0526,71.5216,,,
Arunachal Pradesh,age_34_plus,12,20.4901,18.0675,1.2426,6.3034,0.2954,4.1031,0.7032,3.5331,,,0.9094,4.7915,0.6909,3.8138,0.2555,2.6934,0.1339,2.3267,,,,,0.174,3.0533,0.7128,3.8867,,,,,,,10.0626,13.1666,83.064,50.5639,16.936,49.4361,,,
Arunachal Pradesh,age_below10,12,96.8331,96.7363,3.4336,2.1873,3.2421,1.3966,2.7484,1.2402,,,2.5587,1.2242,2.7063,1.3381,2.2107,1.6693,2.8549,1.5125,,,,,3.1468,1.5539,2.6139,1.389,42.4208,47.6797,56.8533,51.7641,56.8533,51.7641,0.0,0.0,85.7353,83.6625,14.2647,16.3375,0.0,43.1467,48.2359
Nagaland,age_10_13,13,36.9476,38.1462,1.2432,0.33,0.9424,0.2441,0.5248,0.1966,,,0.7245,0.2264,0.5655,0.2444,0.5449,0.2581,0.6876,0.2469,,,,,0.7588,0.2697,0.7067,0.2535,75.8155,77.7354,19.8277,18.1169,19.8277,18.1169,0.0,0.0,25.6624,23.1566,74.3376,76.8434,0.0,80.1723,81.8831
Nagaland,age_14_17,13,8.814,8.6689,14.058,1.6938,13.2992,1.5323,10.6711,1.5528,,,11.4013,1.7818,10.6125,1.517,9.6175,1.3312,13.4995,1.511,,,,,14.4732,1.4822,11.8087,1.5225,70.5397,72.6314,18.2221,15.9123,18.2221,15.9123,0.0,0.0,22.9692,19.962,77.0308,80.038,0.0,81.7779,84.0877
Nagaland,age_18_21,13,6.7859,6.798,41.8872,20.7435,42.3911,19.0661,45.2718,22.858,,,42.3634,21.7995,43.7756,20.8639,39.3152,19.4381,44.1323,21.2325,,,,,45.6612,21.3797,42.0389,20.1633,56.2239,59.9724,22.8982,18.0293,22.8982,18.0293,0.0,0.0,26.105,22.2228,73.895,77.7772,0.0,77.1018,81.9707
Nagaland,age_22_25,13,6.6086,5.815,21.103,34.7778,20.8596,30.1587,22.112,32.3118,,,21.2077,29.4083,22.5733,31.7744,22.0732,30.7314,19.5256,33.1661,,,,,20.062,32.4517,21.0948,30.3089,,,,,,,7.7027,8.3546,29.5991,24.049,70.4009,75.951,,,
Nagaland,age_26_29,13,8.3622,6.162,8.6707,17.6419,7.7801,19.3419,8.4665,18.2465,,,8.4256,16.9397,8.9237,19.6725,7.5902,19.9961,6.0287,19.289,,,,,6.1279,18.9742,7.824,18.8451,,,,,,,11.687,14.3219,34.2759,24.9179,65.7241,75.0821,,,
Nagaland,age_30_33,13,10.2971,6.7709,3.2834,10.4927,3.3724,13.5244,3.8644,11.6915,,,4.2765,12.4863,3.9868,12.5933,2.4199,11.7979,1.7486,10.6518,,,,,2.1454,11.4595,3.3811,12.3772,,,,,,,8.1915,12.4907,39.2232,24.6622,60.7768,75.3378,,,
Nagaland,age_34_plus,13,16.0884,10.4012,2.1996,6.9732,1.5467,8.2629,2.0595,7.2701,,,2.4519,8.9218,2.0241,7.1435,0.8731,5.7849,0.6721,5.1412,,,,,0.8031,6.1128,1.7168,7.2413,,,,,,,4.5022,9.9799,59.3017,37.7035,40.6983,62.2965,,,
Nagaland,age_below10,13,93.1467,92.9874,0.9882,1.0339,0.9424,0.8408,0.7673,0.6797,,,0.7961,0.7247,0.806,0.769,1.0791,0.9218,1.0842,0.9066,,,,,0.9232,0.8429,0.914,0.8537,57.3384,58.8134,41.1827,39.7642,41.1827,39.7642,0.0,0.0,79.4679,77.983,20.5321,22.017,0.0,58.8173,60.2358
Manipur,age_10_13,14,39.7669,40.3491,0.994,0.1639,0.8201,0.2142,0.6736,0.2042,,,1.1335,0.2238,0.7258,0.2163,0.4137,0.1928,0.6403,0.1734,,,,,0.7141,0.2055,0.8702,0.195,83.867,86.9548,14.7177,11.4337,14.7177,11.4337,0.0,0.0,21.8377,17.9041,78.1623,82.0959,0.0,85.2823,88.5663
Manipur,age_14_17,14,7.7103,7.2929,19.9449,2.7863,18.0972,2.7759,14.7536,2.2069,,,20.0476,2.7069,14.9066,2.1539,9.5189,1.5574,16.9343,2.2724,,,,,17.7407,2.5499,16.7835,2.0503,77.8518,83.1947,17.1024,11.1843,17.1024,11.1843,0.0,0.0,16.5247,11.032,83.4753,88.968,0.0,82.8976,88.8157
Manipur,age_18_21,14,5.467,4.3661,44.2864,28.3753,42.0859,26.2552,42.1069,25.2021,,,41.4681,25.6067,38.7849,22.7586,36.3124,19.7307,41.8549,24.6988,,,,,42.2737,26.2456,39.2025,21.922,63.1237,71.5407,26.2696,15.1144,26.2696,15.1144,0.0,0.0,19.9031,11.3139,80.0969,88.6861,0.0,73.7304,84.8856
Manipur,age_22_25,14,4.3137,3.1277,19.8796,33.7124,19.6217,32.0971,21.7264,33.0523,,,18.8116,30.7977,22.3365,31.5165,26.2286,32.0371,20.9772,33.2016,,,,,19.8013,32.9286,20.7976,30.9251,,,,,,,8.026,8.6422,23.0027,11.1148,76.9973,88.8852,,,
Manipur,age_26_29,14,4.7951,3.0773,6.3774,16.1698,6.7015,15.9995,8.5137,17.0815,,,6.8831,15.311,10.1425,18.8848,10.5052,20.0376,6.9893,17.6756,,,,,6.8195,16.1634,8.5575,18.2927,,,,,,,20.6185,21.5243,30.6706,12.7607,69.3294,87.2393,,,
Manipur,age_30_33,14,6.0521,3.3294,2.5321,9.368,2.581,10.8716,3.3599,10.497,,,3.2151,11.1438,4.6415,12.1351,3.7358,11.6399,2.398,10.0703,,,,,2.4041,9.8788,3.7734,12.1394,,,,,,,25.2924,24.4582,37.3989,14.2353,62.6011,85.7647,,,
Manipur,age_34_plus,14,10.9748,7.6457,1.306,5.3985,1.2679,6.73,1.7187,6.0206,,,1.7329,7.366,2.0994,7.2828,1.3206,6.3838,0.9145,5.7406,,,,,1.0353,5.8526,1.7427,7.4096,,,,,,,18.1499,19.9342,63.3795,25.8242,36.6205,74.1758,,,
Manipur,age_below10,14,93.8542,93.5387,0.7546,0.5941,0.7195,0.5043,0.7351,0.6619,,,0.7444,0.7437,0.6506,0.5983,0.884,0.7681,0.8394,0.6824,,,,,0.8277,0.6228,0.7776,0.7143,64.4945,66.8323,34.7689,32.375,34.7689,32.375,0.0,0.0,82.3064,81.1739,17.6936,18.8261,0.0,65.2311,67.625
Mizoram,age_10_13,15,58.3031,63.5224,0.513,0.0911,0.2119,0.1274,0.3391,0.1291,,,0.7427,0.3222,0.2892,0.1515,0.0977,0.1198,0.1951,0.1571,,,,,0.2005,0.1078,0.3022,0.1452,87.7587,89.4578,10.3726,8.4548,10.3726,8.4548,0.0,0.0,9.2854,8.3496,90.7146,91.6504,0.0,89.6274,91.5452
Mizoram,age_14_17,15,15.1106,17.7083,11.8588,2.0032,9.7822,1.3416,11.65,1.6407,,,16.089,3.0454,9.9543,1.3552,3.47,0.6898,7.8986,1.1947,,,,,11.7647,1.5268,10.2676,1.3541,66.9844,68.591,16.2524,10.7723,16.2524,10.7723,0.0,0.0,7.0199,5.3177,92.9801,94.6823,0.0,83.7476,89.2277
Mizoram,age_18_21,15,14.4724,15.1073,49.3965,29.1145,49.1117,24.5151,50.751,28.7828,,,50.9045,35.5595,47.2068,24.6176,38.6153,18.7954,50.5488,25.4773,,,,,50.6529,27.3315,48.2389,24.5145,39.5302,41.1472,28.6452,14.8892,28.6452,14.8892,0.0,0.0,7.4018,5.7459,92.5982,94.2541,0.0,71.3548,85.1108
Mizoram,age_22_25,15,14.666,15.1579,21.3036,33.7127,22.8594,34.1654,21.2841,35.5341,,,17.6107,33.5187,23.6154,34.848,32.6147,36.2874,24.0891,35.6546,,,,,21.6196,34.632,23.1694,34.5289,,,,,,,5.0554,4.3707,7.7317,7.8593,92.2683,92.1407,,,
Mizoram,age_26_29,15,17.3385,15.5531,7.1515,16.0255,7.9959,16.6009,6.9064,15.5636,,,4.9779,10.6464,8.8676,18.6432,13.2066,22.8616,7.677,18.6618,,,,,6.8272,16.6717,8.0117,18.2694,,,,,,,8.707,10.3442,8.9661,8.2883,91.0339,91.7117,,,
Mizoram,age_30_33,15,23.3409,16.9827,3.8926,8.9461,3.7091,10.9796,3.0944,8.8414,,,2.4823,7.1776,3.7982,10.4806,3.9424,11.291,2.7607,9.614,,,,,2.7043,9.2685,3.2262,10.5036,,,,,,,6.4135,11.2091,11.0895,7.3505,88.9105,92.6495,,,
Mizoram,age_34_plus,15,52.3758,36.1297,2.2631,7.4437,2.8344,9.2086,2.1265,6.3902,,,2.0037,5.4274,2.404,6.8888,1.7323,6.063,1.2266,5.6475,,,,,1.5339,6.7138,2.0334,7.0668,,,,,,,2.2712,7.2613,19.5899,9.5476,80.4101,90.4524,,,
Mizoram,age_below10,15,98.3437,98.2436,0.3621,0.4097,0.4333,0.3452,0.54,0.3967,,,0.6569,0.6002,0.4881,0.4308,0.4996,0.4211,0.615,0.4773,,,,,0.6191,0.529,0.5576,0.453,64.9488,64.9894,34.7534,34.7343,34.7534,34.7343,0.0,0.0,76.6879,76.7455,23.3121,23.2545,0.0,65.2466,65.2657
Tripura,age_10_13,16,52.8776,53.3069,2.2092,0.1372,5.8009,0.1667,1.8846,0.1201,,,5.1956,0.1962,2.8655,0.1361,0.782,0.1463,2.0523,0.1533,,,,,3.458,0.1332,4.2355,0.1642,81.2762,85.3139,17.6929,13.5241,17.6929,13.5241,0.0,0.0,15.4022,10.9922,84.5978,89.0078,0.0,82.3071,86.4759
Tripura,age_14_17,16,16.7428,17.1805,24.6881,2.0263,38.3848,2.0766,23.0644,1.8174,,,30.8077,2.3157,24.5679,1.6293,12.4342,0.996,28.6305,1.4195,,,,,34.2372,1.6582,30.6534,1.7488,65.0722,70.3595,31.1067,20.8395,31.1067,20.8395,0.0,0.0,16.1746,9.2903,83.8254,90.7097,0.0,68.8933,79.1605
Tripura,age_18_21,16,16.6317,16.0465,50.7894,26.5089,38.4985,24.0943,52.4422,24.9411,,,42.4742,25.9281,44.2922,20.6908,41.0057,13.5768,43.9902,18.0995,,,,,40.5046,20.3452,40.9428,20.4574,33.1744,45.5208,58.8639,30.0125,58.8639,30.0125,0.0,0.0,21.0916,10.7548,78.9084,89.2452,0.0,41.1361,69.9875
Tripura,age_22_25,16,17.0673,15.1869,13.9495,38.9592,9.2649,37.3412,14.0466,38.2563,,,11.487,37.6232,15.2895,35.0648,26.5348,29.1561,15.1456,35.0353,,,,,12.2388,35.8205,13.2025,34.4392,,,,,,,4.8219,5.8013,24.3863,11.2337,75.6137,88.7663,,,
Tripura,age_26_29,16,19.9726,16.047,2.8236,16.9959,1.7893,17.8047,2.8716,17.6188,,,2.2997,15.5396,5.378,20.6967,9.1966,25.6483,3.6096,23.0835,,,,,3.052,20.5059,3.4728,20.0697,,,,,,,7.9864,10.7655,30.7389,14.4045,69.2611,85.5955,,,
Tripura,age_30_33,16,23.3158,17.1877,1.0178,8.6824,0.7622,10.1525,1.0534,9.892,,,1.1063,9.6187,2.2922,12.8838,2.9258,17.5501,0.8982,12.9735,,,,,0.9439,12.1296,1.2898,12.9389,,,,,,,8.7639,12.0977,37.5266,17.1425,62.4734,82.8575,,,
Tripura,age_34_plus,16,32.114,25.35,0.4114,3.7831,0.3128,4.9353,0.4809,4.3888,,,0.5821,5.2703,0.8595,5.8847,0.8892,8.6367,0.2528,5.1698,,,,,0.3134,5.3992,0.5204,6.3118,,,,,,,5.7889,9.654,55.1446,27.8339,44.8554,72.1661,,,
Tripura,age_below10,16,98.2572,98.1011,1.6509,0.8032,2.0932,0.914,1.7541,0.8072,,,2.2114,0.7919,1.6979,0.8253,1.5689,0.871,1.8758,0.97,,,,,1.9404,0.9755,2.0353,0.9035,56.783,59.4334,42.9871,40.2672,42.9871,40.2672,0.0,0.0,75.9546,74.5938,24.0454,25.4062,0.0,57.0129,59.7328
Meghalaya,age_10_13,17,63.9047,66.7252,1.052,0.4549,1.0602,0.4183,1.301,0.6121,,,1.6238,0.5238,1.1604,0.4741,0.5468,0.438,0.8792,0.4728,,,,,1.2145,0.5394,1.2767,0.483,69.2808,66.4904,27.4173,28.8793,27.4173,28.8793,0.0,0.0,30.3334,33.0088,69.6666,66.9912,0.0,72.5827,71.1207
Meghalaya,age_14_17,17,29.7576,34.0235,17.0238,2.4758,17.4545,2.1968,15.2058,2.3929,,,17.5972,2.6177,14.5862,2.1431,8.0484,1.7017,14.5726,2.0505,,,,,17.9222,2.2631,16.0811,2.2217,63.398,58.7954,23.7986,21.2802,23.7986,21.2802,0.0,0.0,22.2105,25.9038,77.7895,74.0962,0.0,76.2014,78.7198
Meghalaya,age_18_21,17,24.121,24.4115,50.3003,26.8189,50.2463,25.6155,49.5642,25.9312,,,46.4732,26.1819,47.5047,23.9808,41.1582,19.6738,47.8425,22.9789,,,,,49.5368,24.0622,46.5242,23.7864,45.4993,47.0634,31.7739,19.6026,31.7739,19.6026,0.0,0.0,25.5279,25.0393,74.4721,74.9607,0.0,68.2261,80.3974
Meghalaya,age_22_25,17,25.0843,23.3669,16.2455,35.6038,15.7297,34.6309,16.2732,34.1515,,,15.3988,32.6914,18.0041,34.0979,25.1034,33.071,17.7465,33.8296,,,,,14.5685,33.9436,16.9427,32.9692,,,,,,,6.033,5.7766,29.019,26.4627,70.981,73.5373,,,
Meghalaya,age_26_29,17,28.2468,25.2231,4.3999,15.0489,4.125,15.2149,4.6498,14.7663,,,4.5163,13.8893,5.9416,16.7671,8.5742,19.85,4.658,17.6005,,,,,3.7059,15.6259,5.1005,16.1489,,,,,,,9.3971,9.6624,36.7353,29.741,63.2647,70.259,,,
Meghalaya,age_30_33,17,30.7082,26.1597,1.7983,7.8585,1.6983,8.5481,2.0212,8.149,,,2.3361,8.48,2.5687,9.3704,2.7459,10.5342,1.4778,8.8603,,,,,1.6205,8.9686,2.2089,9.3223,,,,,,,8.219,8.8018,41.0307,30.8027,58.9693,69.1973,,,
Meghalaya,age_34_plus,17,39.1429,31.5829,1.1195,5.179,0.9048,5.8314,1.3527,5.9459,,,1.6318,6.5328,1.4427,6.1933,1.0353,5.5247,0.689,5.3418,,,,,0.6888,6.1357,1.2818,6.2675,,,,,,,7.1856,8.3735,56.1328,38.3323,43.8672,61.6677,,,
Meghalaya,age_below10,17,95.2147,94.6736,1.4145,0.9642,1.3456,1.1151,1.7963,1.6176,,,1.5746,1.3111,1.5316,1.208,1.3671,1.45,1.481,1.4132,,,,,1.6187,1.4504,1.5175,1.3288,44.9479,43.3711,54.0565,55.4639,54.0565,55.4639,0.0,0.0,86.1179,86.67,13.8821,13.33,0.0,45.9435,44.5361
Assam,age_10_13,18,39.8643,41.3182,2.2993,0.1357,3.1337,0.1747,1.7731,0.1595,,,3.059,0.1987,1.9119,0.1737,0.7093,0.1666,1.3851,0.1747,,,,,2.5724,0.1921,2.547,0.1863,67.72,70.9704,30.9878,26.0126,30.9878,26.0126,0.0,0.0,27.9565,23.423,72.0435,76.577,0.0,69.0122,73.9874
Assam,age_14_17,18,12.4425,14.3045,25.5016,2.0635,29.3719,1.9366,21.9841,1.8629,,,28.7518,2.4682,21.624,1.8421,13.7635,1.1242,24.2621,1.7626,,,,,29.2564,2.0702,26.2085,1.9233,55.9849,56.8303,39.9434,28.9309,39.9434,28.9309,0.0,0.0,25.8867,21.224,74.1133,78.776,0.0,60.0566,71.0691
Assam,age_18_21,18,11.7614,13.0353,46.9185,26.1691,44.339,21.3513,46.197,22.6871,,,44.8828,25.8224,44.4449,20.5586,42.9807,13.5136,46.5291,18.7438,,,,,44.5317,20.9119,44.2082,20.3726,32.7642,39.396,59.6173,32.6883,59.6173,32.6883,0.0,0.0,30.8754,21.2591,69.1246,78.7409,0.0,40.3827,67.3117
Assam,age_22_25,18,11.7667,12.0877,14.4448,38.7397,12.6288,35.3995,17.2719,36.2532,,,12.3164,36.5768,17.5592,33.7847,23.5493,27.8754,15.4229,32.3651,,,,,12.5462,33.9209,14.4723,32.931,,,,,,,6.0227,6.4538,35.818,21.0478,64.182,78.9522,,,
Assam,age_26_29,18,15.0922,14.5195,3.7143,15.8358,3.2243,18.1672,4.9471,17.7253,,,3.1376,15.1277,5.9297,19.0978,7.5586,22.6482,3.9547,20.3994,,,,,3.2375,18.5451,4.0892,18.4881,,,,,,,8.6534,11.0352,44.1008,25.6251,55.8992,74.3749,,,
Assam,age_30_33,18,19.1527,17.3912,1.7974,9.4762,1.4031,12.4006,2.1016,11.6254,,,1.5699,10.0139,2.48,13.5567,2.1844,17.6451,1.2093,13.7579,,,,,1.174,12.6162,1.6456,13.482,,,,,,,7.9692,11.6209,50.4788,29.7314,49.5212,70.2686,,,
Assam,age_34_plus,18,30.9082,26.2099,0.7995,4.5901,0.5771,6.7865,0.9408,6.1829,,,0.7613,5.3709,0.9729,6.9875,0.5924,9.4739,0.3519,7.0666,,,,,0.4329,6.7654,0.6748,7.2993,,,,,,,5.1594,9.1106,63.7069,34.327,36.2931,65.673,,,
Assam,age_below10,18,95.6406,95.7542,1.0242,0.5612,1.1517,0.569,0.9728,0.5673,,,1.1429,0.6044,0.9815,0.6166,1.0549,0.8901,1.1592,0.7601,,,,,1.1638,0.6824,1.1352,0.6957,49.7348,52.2215,49.9473,47.2801,49.9473,47.2801,0.0,0.0,80.8951,79.5728,19.1049,20.4272,0.0,50.0527,52.7199
West Bengal,age_10_13,19,55.6529,54.4921,6.1819,0.2442,7.4633,0.3173,6.4962,0.244,,,9.7035,0.39,6.3569,0.2583,1.0498,0.1885,2.5339,0.2296,,,,,4.8172,0.305,6.986,0.3058,75.2174,78.2381,23.0295,18.8581,23.0295,18.8581,0.0,0.0,19.367,14.8788,80.633,85.1212,0.0,76.9705,81.1419
West Bengal,age_14_17,19,20.2687,19.8262,46.1876,4.2143,47.3002,3.8702,41.1092,3.2215,,,45.6868,4.9451,39.9696,3.131,17.0563,1.3786,34.9214,2.3963,,,,,44.5361,3.4805,40.9367,3.3492,51.1757,54.4375,42.782,27.9704,42.782,27.9704,0.0,0.0,22.366,15.8313,77.634,84.1687,0.0,57.218,72.0296
West Bengal,age_18_21,19,20.3205,19.0042,36.4886,37.1142,33.6509,32.8652,38.0267,30.8222,,,31.8229,35.9635,34.4537,27.7087,45.8632,14.9264,43.0474,23.9174,,,,,37.0412,30.2475,34.8809,27.4695,22.723,32.4459,68.9123,31.7889,68.9123,31.7889,0.0,0.0,28.1521,17.3608,71.8479,82.6392,0.0,31.0877,68.2111
West Bengal,age_22_25,19,21.8027,18.8735,6.0929,37.598,5.3663,37.1078,7.7709,38.4878,,,5.4055,35.2263,9.3176,34.8985,21.1743,30.4031,11.024,36.1395,,,,,6.7183,36.7758,8.5631,34.1024,,,,,,,7.1851,8.6272,33.2102,18.4653,66.7898,81.5347,,,
West Bengal,age_26_29,19,24.1902,20.4761,1.2234,11.8545,1.147,13.7893,1.765,15.5553,,,1.1548,11.4997,3.3624,17.2363,6.2813,24.1041,2.6979,19.3398,,,,,1.4771,15.2074,2.2855,16.7783,,,,,,,10.0435,13.2722,39.229,21.9398,60.771,78.0602,,,
West Bengal,age_30_33,19,25.508,22.5024,0.4924,4.6613,0.4035,5.9637,0.7317,6.6659,,,0.5253,5.5399,1.4415,9.1691,1.9583,15.5645,0.8045,9.4054,,,,,0.4504,6.5897,0.7944,9.2266,,,,,,,9.8089,13.6353,44.2036,25.2524,55.7964,74.7476,,,
West Bengal,age_34_plus,19,32.4469,26.1002,0.2347,1.8357,0.2465,2.745,0.4218,2.627,,,0.403,2.7114,0.6342,4.0723,0.6801,7.7676,0.3027,4.1025,,,,,0.2022,2.8877,0.4109,4.3941,,,,,,,8.4946,12.9258,56.7133,27.9173,43.2867,72.0827,,,
West Bengal,age_below10,19,97.7387,97.5874,1.2083,0.5979,1.3476,0.6469,1.5471,0.5747,,,1.9861,0.6726,1.3449,0.7028,0.9827,0.9645,1.0138,0.819,,,,,1.1405,0.8031,1.565,0.7832,55.2257,56.9202,44.5593,42.7322,44.5593,42.7322,0.0,0.0,76.7027,75.6001,23.2973,24.3999,0.0,55.4407,57.2678
Jharkhand,age_10_13,20,46.5121,45.9292,8.0406,1.1508,7.9644,1.3674,6.559,1.0838,,,9.0811,1.3472,6.9467,0.9662,2.4316,0.6704,4.1459,0.937,,,,,6.1905,1.1325,7.9272,1.0905,57.2236,71.7772,40.9258,25.6122,40.9258,25.6122,0.0,0.0,39.1907,23.7131,60.8093,76.2869,0.0,59.0742,74.3878
Jharkhand,age_14_17,20,12.981,11.4391,42.2928,12.7018,44.2094,11.9173,36.1243,10.2732,,,43.2912,12.0546,37.7115,9.288,27.4001,6.7309,38.1903,9.4563,,,,,42.2651,10.5714,41.1737,9.9732,41.761,57.6904,52.0351,29.5007,52.0351,29.5007,0.0,0.0,39.4418,20.2667,60.5582,79.7333,0.0,47.9649,70.4993
Jharkhand,age_18_21,20,10.4415,8.2357,37.3136,51.6968,34.5424,48.7611,41.5984,48.3486,,,34.9377,49.0405,39.117,45.1248,47.3053,40.2312,41.8799,46.126,,,,,38.1394,48.0367,36.4213,45.1882,20.5077,37.8548,69.1123,35.6218,69.1123,35.6218,0.0,0.0,48.1349,20.1286,51.8651,79.8714,0.0,30.8877,64.3782
Jharkhand,age_22_25,20,10.7498,7.8186,5.7483,24.7596,5.048,26.1844,8.1602,28.4469,,,5.2736,26.09,8.0437,29.461,12.9623,32.1741,7.6204,29.2542,,,,,5.9944,27.6951,6.5752,28.3159,,,,,,,10.2195,10.2104,56.1379,22.4575,43.8621,77.5425,,,
Jharkhand,age_26_29,20,12.355,9.1925,0.9471,4.4529,0.8108,5.1344,1.4254,5.6711,,,0.8428,4.8255,1.7073,7.7788,2.4921,10.2237,1.2704,6.8106,,,,,0.9516,5.69,1.166,7.2978,,,,,,,14.1195,17.0715,63.3125,28.2177,36.6875,71.7823,,,
Jharkhand,age_30_33,20,13.9753,10.805,0.3618,1.8725,0.2927,2.2487,0.5933,2.4999,,,0.3921,2.3323,0.7217,3.3605,0.7069,4.2399,0.3426,2.6045,,,,,0.3051,2.4389,0.4385,3.2471,,,,,,,12.6061,16.8709,70.076,34.4428,29.924,65.5572,,,
Jharkhand,age_34_plus,20,16.9382,14.415,0.1772,0.6593,0.1474,0.9933,0.2362,0.9339,,,0.2005,0.941,0.2795,1.1242,0.2008,1.439,0.1156,0.9059,,,,,0.1199,0.9623,0.1974,1.1662,,,,,,,8.2875,13.0375,78.7949,43.2262,21.2051,56.7738,,,
Jharkhand,age_below10,20,94.9918,95.1392,3.4714,1.139,3.5579,1.2261,3.4945,1.1288,,,3.6928,1.1786,3.4452,1.0615,2.1619,1.1567,2.6278,1.2258,,,,,2.9862,1.1701,3.4235,1.1748,39.2944,46.7236,60.3648,52.7721,60.3648,52.7721,0.0,0.0,84.4811,80.9676,15.5189,19.0324,0.0,39.6352,47.2279
State - ORISSA  21,age_10_13,21,35.1104,34.3205,2.2478,0.1499,3.3946,0.2786,2.2997,0.2102,,,3.2874,0.2595,2.3218,0.1708,0.6174,0.1176,1.1724,0.1365,,,,,2.382,0.209,2.8345,0.2208,67.6055,77.907,31.1915,20.2523,31.1915,20.2523,0.0,0.0,26.0426,15.3495,73.9574,84.6505,0.0,68.8085,79.7477
State - ORISSA  21,age_14_17,21,11.6542,9.5333,35.3838,2.5903,37.206,2.7863,33.6779,2.7625,,,36.9719,3.7301,32.9555,2.2618,15.6565,0.9216,25.6614,1.6092,,,,,33.9467,2.3328,33.8944,2.5403,41.5057,54.7213,53.8898,34.0256,53.8898,34.0256,0.0,0.0,28.1293,14.5303,71.8707,85.4697,0.0,46.1102,65.9744
State - ORISSA  21,age_18_21,21,12.0764,9.9166,48.502,35.7106,45.5651,34.5437,49.398,34.8575,,,45.6037,38.9395,46.2785,30.0876,50.4974,17.6815,50.8766,25.5918,,,,,48.0002,31.0893,46.1939,30.6626,20.0059,31.4673,72.6635,42.6747,72.6635,42.6747,0.0,0.0,31.6338,14.9734,68.3662,85.0266,0.0,27.3365,57.3253
State - ORISSA  21,age_22_25,21,13.5809,10.6991,8.6352,42.3387,8.2308,42.3999,9.0737,42.0416,,,8.0372,38.928,11.0535,41.3545,22.0456,41.0418,14.2743,43.6456,,,,,9.8562,43.2441,10.265,40.4728,,,,,,,10.6484,12.5733,37.6126,15.9407,62.3874,84.0593,,,
State - ORISSA  21,age_26_29,21,17.9069,14.2155,1.232,11.1953,1.0866,11.2252,1.3218,12.0611,,,1.1459,9.133,2.5357,15.6912,3.8862,24.5882,1.8211,18.1192,,,,,1.2622,13.6184,1.6242,14.8669,,,,,,,11.6092,17.5777,47.2139,21.5496,52.7861,78.4504,,,
State - ORISSA  21,age_30_33,21,22.1301,17.6335,0.4784,4.3521,0.3024,4.6075,0.5124,4.557,,,0.4711,4.3907,0.8041,6.2626,0.5769,9.0629,0.268,5.6455,,,,,0.2602,4.9932,0.456,6.1159,,,,,,,7.9182,14.5651,54.5405,26.0428,45.4595,73.9572,,,
State - ORISSA  21,age_34_plus,21,33.396,29.5392,0.2052,1.2665,0.1304,1.6039,0.205,1.2677,,,0.244,1.5085,0.2599,1.5184,0.1109,1.7168,0.065,1.149,,,,,0.0852,1.491,0.1967,1.6164,,,,,,,3.6951,8.207,69.4055,32.7161,30.5945,67.2839,,,
State - ORISSA  21,age_below10,21,96.6607,96.6774,1.4882,0.8113,1.7213,0.808,1.7338,0.8084,,,1.7768,0.888,1.5821,0.8081,1.2767,0.9424,1.4464,0.9292,,,,,1.5196,0.8279,1.6726,0.8852,55.0512,60.2454,44.7626,39.4546,44.7626,39.4546,0.0,0.0,79.0577,76.6677,20.9423,23.3323,0.0,55.2374,60.5454
Chhattisgarh,age_10_13,22,52.5461,51.223,9.2122,2.983,7.7147,3.9397,8.7648,3.1715,,,9.7594,3.5985,8.7127,2.6359,1.4927,1.1235,2.6971,1.8264,,,,,5.5066,2.839,8.0348,2.8323,73.9287,84.1975,23.2095,12.5969,23.2095,12.5969,0.0,0.0,17.2843,9.2152,82.7157,90.7848,0.0,76.7905,87.4031
Chhattisgarh,age_14_17,22,14.603,11.3678,42.3347,13.9437,41.0781,15.1759,37.8271,12.8983,,,40.2614,14.882,38.9502,11.4604,18.1077,5.3845,33.0449,9.6856,,,,,40.018,12.8875,37.8714,11.9765,41.793,59.7578,43.9352,21.6927,43.9352,21.6927,0.0,0.0,21.9473,10.0558,78.0527,89.9442,0.0,56.0648,78.3073
Chhattisgarh,age_18_21,22,13.8215,9.9369,38.4036,58.9423,39.9821,55.0395,41.5077,56.1299,,,38.0156,54.2325,39.8284,51.2899,54.0664,40.006,50.6626,54.0629,,,,,43.1977,55.9994,40.4529,50.7686,18.8316,35.335,56.7749,26.1811,56.7749,26.1811,0.0,0.0,29.7989,11.3339,70.2011,88.6661,0.0,43.2251,73.8189
Chhattisgarh,age_22_25,22,16.2198,10.6677,2.6833,18.0657,3.3715,18.2454,3.8759,20.665,,,3.5402,19.6379,4.2879,23.3784,17.0887,33.5598,7.0862,24.5296,,,,,4.2696,20.1675,5.3042,22.8392,,,,,,,7.7958,8.6186,37.3795,13.0928,62.6205,86.9072,,,
Chhattisgarh,age_26_29,22,19.4088,13.8306,0.3264,2.0281,0.4661,2.3706,0.4871,2.7464,,,0.4678,2.4358,0.8297,5.6814,3.1557,11.8339,0.9197,4.5095,,,,,0.5458,3.0152,0.8797,5.4404,,,,,,,10.1926,13.2016,46.199,17.7589,53.801,82.2411,,,
Chhattisgarh,age_30_33,22,22.7102,18.3215,0.1268,0.6271,0.1516,0.9144,0.1512,0.8542,,,0.1951,1.0253,0.2601,1.9011,0.6745,3.6716,0.1683,1.3423,,,,,0.1409,0.9939,0.2494,1.8816,,,,,,,8.7607,12.8581,54.8411,23.0309,45.1589,76.9691,,,
Chhattisgarh,age_34_plus,22,30.31,32.8084,0.0765,0.2796,0.09,0.5143,0.0926,0.3549,,,0.1528,0.5072,0.1289,0.5895,0.2016,0.9574,0.062,0.4505,,,,,0.0639,0.3995,0.1408,0.6289,,,,,,,5.97,9.0589,73.4037,35.8187,26.5963,64.1813,,,
Chhattisgarh,age_below10,22,98.4397,98.4693,5.7804,2.0741,5.0943,2.5806,6.333,2.2125,,,5.9328,2.2455,5.8768,1.9037,2.1167,1.3177,2.7594,1.7138,,,,,3.778,2.0963,5.1535,2.0278,56.7661,60.664,42.8661,38.8617,42.8661,38.8617,0.0,0.0,78.1586,76.5976,21.8414,23.4024,0.0,57.1339,61.1383
Madhya Pradesh,age_10_13,23,55.0027,52.339,12.7465,3.9713,11.4485,4.041,13.5612,4.0433,,,14.3882,4.4782,12.7357,3.2663,2.7479,1.946,5.2726,3.0182,,,,,8.7413,3.9186,11.8941,3.5076,71.5601,83.048,25.7856,13.5943,25.7856,13.5943,0.0,0.0,22.1534,12.1415,77.8466,87.8585,0.0,74.2144,86.4057
Madhya Pradesh,age_14_17,23,16.5869,13.1332,44.2294,19.0403,44.3033,18.643,43.0004,20.3333,,,44.5597,20.5667,42.4104,16.4977,24.9479,11.2274,39.1995,16.6008,,,,,44.3979,18.227,41.9276,16.8825,44.0912,61.9031,45.2632,19.4835,45.2632,19.4835,0.0,0.0,26.653,13.1427,73.347,86.8573,0.0,54.7368,80.5165
Madhya Pradesh,age_18_21,23,13.9106,10.6844,33.9162,55.4814,33.8928,53.1051,34.1846,56.1664,,,31.1744,53.3467,33.8697,50.4201,50.4201,44.7163,43.3725,51.7682,,,,,36.6324,52.4813,34.114,49.8588,20.7881,37.0342,60.4402,22.9237,60.4402,22.9237,0.0,0.0,36.0479,14.4551,63.9521,85.5449,0.0,39.5598,77.0763
Madhya Pradesh,age_22_25,23,15.3341,10.7936,2.4375,15.7688,2.9037,16.9456,2.346,14.0089,,,2.4867,14.7439,3.6858,19.7747,14.0201,26.6753,6.0584,19.668,,,,,3.7869,17.5612,4.5905,19.2571,,,,,,,9.4722,8.5768,43.893,16.2407,56.107,83.7593,,,
Madhya Pradesh,age_26_29,23,17.829,12.704,0.3089,1.8202,0.3799,2.3033,0.2973,1.7229,,,0.3353,1.7917,0.764,5.0486,2.2413,8.7413,0.7336,3.8608,,,,,0.4895,2.7942,0.7541,4.7942,,,,,,,12.4407,13.1637,50.627,20.3478,49.373,79.6522,,,
Madhya Pradesh,age_30_33,23,20.5626,15.519,0.113,0.7077,0.1303,1.058,0.1028,0.6878,,,0.1495,1.0234,0.2281,1.6919,0.4358,2.6481,0.1531,1.1978,,,,,0.1282,1.0451,0.2042,1.6995,,,,,,,11.5761,13.2487,56.7201,24.6772,43.2799,75.3228,,,
Madhya Pradesh,age_34_plus,23,25.2708,23.9605,0.073,0.2714,0.0827,0.5192,0.0708,0.2911,,,0.1351,0.5015,0.1113,0.5026,0.1305,0.6789,0.0619,0.3732,,,,,0.0633,0.3917,0.1249,0.5547,,,,,,,9.3421,11.7505,71.7231,35.5796,28.2769,64.4204,,,
Madhya Pradesh,age_below10,23,97.6967,97.8052,5.0882,1.6259,4.5942,1.7293,5.499,1.6197,,,5.1124,1.7418,5.0393,1.442,1.9681,1.2477,2.5324,1.5332,,,,,3.3304,1.7182,4.4404,1.5715,51.9696,56.7819,47.6949,42.7944,47.6949,42.7944,0.0,0.0,79.483,77.3798,20.517,22.6202,0.0,52.3051,57.2056
Gujarat,age_10_13,24,38.8253,37.6509,2.8282,0.8697,3.8479,1.0621,2.0932,0.9237,,,3.6704,0.9925,3.2699,0.7413,0.8382,0.595,1.7368,0.9778,,,,,2.6947,1.0453,2.9511,0.8694,74.6295,84.7168,23.5898,12.6707,23.5898,12.6707,0.0,0.0,18.023,9.5491,81.977,90.4509,0.0,76.4102,87.3293
Gujarat,age_14_17,24,12.2314,9.6791,23.5741,7.2338,24.9999,7.0448,21.886,7.3739,,,25.8234,7.3991,23.1892,5.3898,11.2064,3.9959,18.3959,5.9919,,,,,22.421,6.3101,22.0732,5.7866,45.0237,58.4228,46.1274,21.0185,46.1274,21.0185,0.0,0.0,20.5072,10.6704,79.4928,89.3296,0.0,53.8726,78.9815
Gujarat,age_18_21,24,11.7044,9.9768,62.9938,57.6952,57.7082,53.2174,65.0785,58.5517,,,58.3393,55.3895,59.4912,47.7103,63.2676,40.1709,62.5778,47.9179,,,,,60.3585,50.7873,58.7346,47.41,22.0598,29.4405,62.8467,22.9449,62.8467,22.9449,0.0,0.0,25.384,11.8231,74.616,88.1769,0.0,37.1533,77.0551
Gujarat,age_22_25,24,12.171,10.3076,6.613,27.7808,7.631,29.6488,7.1507,26.932,,,7.0306,28.1082,8.8104,33.6733,17.1031,38.0974,10.5721,32.9068,,,,,8.7092,31.5686,10.1574,32.9189,,,,,,,10.6204,8.0282,32.8086,13.3771,67.1914,86.6229,,,
Gujarat,age_26_29,24,14.6501,12.5848,0.7346,2.9087,0.9621,4.1175,0.7327,3.0363,,,0.8083,3.3072,1.4025,7.3062,2.4223,10.2574,1.3313,6.3245,,,,,1.0835,4.9826,1.4022,7.1099,,,,,,,14.0024,11.9725,41.1054,17.6735,58.8946,82.3265,,,
Gujarat,age_30_33,24,17.5892,15.2751,0.2034,0.9885,0.2995,1.6058,0.1763,0.989,,,0.2696,1.4375,0.3554,2.1049,0.4847,2.801,0.2709,1.8242,,,,,0.2694,1.7317,0.3484,2.1749,,,,,,,11.1605,11.5083,47.6562,21.458,52.3438,78.542,,,
Gujarat,age_34_plus,24,27.3271,23.3512,0.0866,0.3109,0.1513,0.6231,0.0766,0.3455,,,0.1555,0.5497,0.1343,0.5814,0.1498,0.7378,0.0816,0.4913,,,,,0.1075,0.5892,0.1547,0.6591,,,,,,,8.0072,11.0459,61.8956,30.53,38.1044,69.47,,,
Gujarat,age_below10,24,98.0606,98.0997,1.5429,0.7159,1.8169,0.8931,1.717,0.7984,,,1.8745,0.8539,1.7954,0.7916,1.062,0.8447,1.3216,0.9745,,,,,1.5257,0.8945,1.6436,0.8701,59.8785,64.1663,39.9459,35.5538,39.9459,35.5538,0.0,0.0,76.3332,74.5326,23.6668,25.4674,0.0,60.0541,64.4462
Daman & Diu,age_10_13,25,29.5196,33.0426,2.5478,0.8969,2.8755,0.6617,1.6298,0.2389,,,3.5149,0.8894,2.2891,0.6046,0.5653,0.5056,0.737,0.5223,,,,,1.3786,0.6376,2.2869,0.5891,88.4515,90.8349,9.9146,6.2156,9.9146,6.2156,0.0,0.0,6.8511,4.4826,93.1489,95.5174,0.0,90.0854,93.7844
Daman & Diu,age_14_17,25,5.7399,6.8805,27.3885,7.1749,31.2395,6.2035,31.6647,4.9582,,,33.8326,8.2546,30.2128,5.3151,13.6452,3.9687,21.7276,5.9083,,,,,26.9883,5.6864,27.1642,5.387,53.2157,56.5146,37.098,12.6518,37.098,12.6518,0.0,0.0,12.549,8.4181,87.451,91.5819,0.0,62.902,87.3482
Daman & Diu,age_18_21,25,6.6636,7.8206,57.9618,45.7399,49.9721,44.1067,53.2014,45.46,,,49.1786,48.1656,47.3514,39.5405,58.2456,33.6451,58.0189,43.2022,,,,,55.7971,42.6936,51.955,39.1042,19.1442,15.9987,65.0682,11.9283,65.0682,11.9283,0.0,0.0,19.1811,12.3841,80.8189,87.6159,0.0,34.9318,88.0717
Daman & Diu,age_22_25,25,7.9985,7.2145,5.7325,34.9776,9.6315,32.9198,8.8475,36.2007,,,7.6459,30.6281,12.4725,34.2066,19.3177,36.0381,12.7064,33.132,,,,,9.7384,34.756,11.8669,34.0458,,,,,,,7.4728,3.8896,26.2735,10.5054,73.7265,89.4946,,,
Daman & Diu,age_26_29,25,9.5463,6.9416,0.6369,6.278,1.8984,8.5815,0.6985,9.08,,,1.4615,6.6982,3.3896,13.1533,3.7622,16.9194,2.2406,10.3476,,,,,1.9441,9.7723,2.379,13.0891,,,,,,,12.2973,10.823,30.464,10.8027,69.536,89.1973,,,
Daman & Diu,age_30_33,25,13.6561,9.4187,0.6369,2.6906,0.9492,3.6187,0.6985,1.9713,,,0.5858,2.2513,0.9244,3.8157,0.7602,4.6764,0.5307,3.3132,,,,,0.7953,3.0059,0.7084,4.0214,,,,,,,10.2421,13.611,37.4247,13.6583,62.5753,86.3417,,,
Daman & Diu,age_34_plus,25,30.1611,20.44,0.6369,0.4484,0.335,1.8817,0.0,0.8961,,,0.2355,0.7921,0.2054,0.9862,0.2339,1.1712,0.1474,0.7834,,,,,0.2651,1.1581,0.2454,1.2147,,,,,,,5.177,10.4566,58.5777,21.777,41.4223,78.223,,,
Daman & Diu,age_below10,25,98.4573,97.9757,1.9108,0.8969,1.5913,0.7444,2.3283,0.5376,,,1.5944,0.7782,1.482,0.8303,1.2865,1.028,1.2677,0.865,,,,,1.0958,0.7417,1.3889,0.8277,73.3333,75.0,26.5214,24.7695,26.5214,24.7695,0.0,0.0,74.1913,73.9194,25.8087,26.0806,0.0,73.4786,75.2305
Dadra & Nagar Haveli,age_10_13,26,39.0748,39.4743,0.7674,0.242,2.6745,0.7858,1.4322,0.2299,,,2.1267,0.3635,1.5496,0.4848,0.7861,0.4147,1.1874,0.7014,,,,,2.1396,0.7907,1.9041,0.4976,60.5911,79.3226,32.7922,15.7852,32.7922,15.7852,0.0,0.0,34.4156,14.8698,65.5844,85.1302,0.0,67.2078,84.2148
Dadra & Nagar Haveli,age_14_17,26,14.1251,11.9017,29.264,6.3278,31.8676,8.2337,35.1808,7.8826,,,34.1987,8.5492,32.203,6.7508,12.9813,4.1077,28.2019,7.2038,,,,,29.7673,8.3624,30.1745,6.9181,34.0595,50.9826,37.1097,19.4624,37.1097,19.4624,0.0,0.0,47.0443,19.9949,52.9557,80.0051,0.0,62.8903,80.5376
Dadra & Nagar Haveli,age_18_21,26,13.1823,9.4917,57.2027,66.7012,52.8558,63.1192,53.3978,66.5089,,,51.9383,63.981,52.9654,54.3327,61.8021,41.6478,55.9796,57.3649,,,,,55.0415,58.5098,52.7576,54.4033,13.6934,15.9884,47.9269,12.1179,47.9269,12.1179,0.0,0.0,53.0278,19.5876,46.9722,80.4124,0.0,52.0731,87.8821
Dadra & Nagar Haveli,age_22_25,26,10.552,8.2347,6.2783,20.8852,5.485,20.8405,5.1128,20.4029,,,5.5173,20.7058,7.313,26.1204,17.0127,34.3557,8.3545,24.5308,,,,,6.0711,24.5511,8.4622,25.8289,,,,,,,10.8493,5.364,54.1383,19.3652,45.8617,80.6348,,,
Dadra & Nagar Haveli,age_26_29,26,10.4337,9.1418,0.6627,2.3167,1.1333,2.699,0.7304,2.2783,,,0.7508,2.4801,1.2244,6.6678,2.2173,11.1259,0.9754,4.0569,,,,,0.7756,3.1493,1.2343,6.443,,,,,,,21.2289,14.3881,56.7212,21.9515,43.2788,78.0485,,,
Dadra & Nagar Haveli,age_30_33,26,13.6559,12.4395,0.1395,0.5533,0.1813,0.9054,0.1217,0.5138,,,0.1474,0.6764,0.2009,1.7957,0.3427,2.8871,0.1272,1.327,,,,,0.1872,1.1257,0.2028,1.7796,,,,,,,17.9867,17.8936,66.1203,28.7041,33.8797,71.2959,,,
Dadra & Nagar Haveli,age_34_plus,26,20.4489,22.3406,0.0698,0.1037,0.1813,0.3587,0.0644,0.169,,,0.1065,0.1656,0.0765,0.3301,0.1411,0.4225,0.0848,0.1706,,,,,0.107,0.3484,0.111,0.349,,,,,,,11.29,12.166,82.096,48.7751,17.904,51.2249,,,
Dadra & Nagar Haveli,age_below10,26,97.7341,97.867,2.1277,0.7607,2.1306,0.837,2.3201,0.5611,,,2.0339,0.7546,2.2145,0.945,1.5723,1.111,1.6115,1.346,,,,,2.3001,1.0185,1.9596,0.9572,53.0665,62.3838,46.3809,37.0815,46.3809,37.0815,0.0,0.0,82.8198,79.7371,17.1802,20.2629,0.0,53.6191,62.9185
Maharashtra,age_10_13,27,33.6198,33.7766,4.8201,0.4413,4.4085,0.6255,4.5708,0.425,,,7.2936,0.8779,4.5351,0.4517,0.7697,0.3042,1.5668,0.4538,,,,,3.0085,0.5383,4.5735,0.5241,88.9064,91.6765,9.3215,6.2091,9.3215,6.2091,0.0,0.0,6.3802,4.183,93.6198,95.817,0.0,90.6785,93.7909
Maharashtra,age_14_17,27,7.5304,6.8774,37.717,3.8961,35.5103,4.5245,37.1768,3.6625,,,39.8831,6.3515,34.7395,3.278,15.2154,1.9011,26.1266,3.0764,,,,,32.0825,3.7772,31.8006,3.6047,65.7197,72.0609,25.0682,13.1218,25.0682,13.1218,0.0,0.0,8.3952,5.2149,91.6048,94.7851,0.0,74.9318,86.8782
Maharashtra,age_18_21,27,8.6241,7.2421,47.6894,41.932,47.8017,39.367,48.8876,40.2921,,,41.1389,43.6584,46.4891,32.1288,55.494,23.2536,54.7281,31.917,,,,,50.8983,36.3808,46.1171,32.0187,33.1959,44.2561,46.8821,19.4392,46.8821,19.4392,0.0,0.0,13.8604,6.3904,86.1396,93.6096,0.0,53.1179,80.5608
Maharashtra,age_22_25,27,10.4726,7.6474,4.5649,40.3836,6.1187,39.6367,4.616,41.6048,,,4.715,35.5257,7.6297,40.3758,18.425,41.895,10.0321,42.0151,,,,,7.6269,40.844,9.652,39.3376,,,,,,,11.6149,10.965,19.5938,7.3545,80.4062,92.6455,,,
Maharashtra,age_26_29,27,14.4065,9.505,0.5508,7.5592,0.9156,8.6125,0.5435,8.5695,,,0.6568,6.2482,1.7277,14.8782,3.8304,20.2289,1.5612,13.5339,,,,,1.1732,10.3075,1.8557,14.5056,,,,,,,14.429,17.1827,26.7947,10.0467,73.2053,89.9533,,,
Maharashtra,age_30_33,27,19.8479,13.4627,0.1957,2.2927,0.3125,3.1742,0.1601,2.3644,,,0.2982,2.7563,0.4517,4.8275,0.8836,6.77,0.3608,4.0339,,,,,0.3326,3.5882,0.4901,5.0415,,,,,,,12.4895,16.7087,35.0884,13.5692,64.9116,86.4308,,,
Maharashtra,age_34_plus,27,28.5428,23.257,0.1225,0.7845,0.1715,1.3015,0.0973,0.7396,,,0.2413,1.1932,0.1904,1.3218,0.2964,1.8543,0.123,1.1263,,,,,0.1361,1.2704,0.2367,1.5393,,,,,,,9.0058,12.163,56.3078,23.6756,43.6922,76.3244,,,
Maharashtra,age_below10,27,97.3769,97.5845,2.6335,0.8965,2.424,0.8985,2.6393,0.842,,,2.9721,0.982,2.4894,0.8184,1.6367,0.769,2.0263,0.9352,,,,,2.1006,0.8904,2.4033,0.858,68.252,68.8637,31.514,30.8172,31.514,30.8172,0.0,0.0,73.3446,73.2568,26.6554,26.7432,0.0,68.486,69.1828
Andhra Pradesh,age_10_13,28,29.4716,28.5697,10.9054,0.7118,9.1339,0.9407,11.5057,1.0697,,,12.3259,1.2728,10.7564,0.7344,1.9786,0.3668,4.4567,0.4517,,,,,6.8098,0.5219,9.776,0.8462,72.7457,82.1946,19.2994,10.8416,19.2994,10.8416,0.0,0.0,18.7797,10.7346,81.2203,89.2654,0.0,80.7006,89.1584
Andhra Pradesh,age_14_17,28,9.6507,7.8673,45.3224,6.2165,45.5451,6.5201,41.9319,6.3033,,,42.1465,7.6114,42.521,5.1267,27.5562,2.6447,40.993,4.121,,,,,43.6485,4.6118,40.1911,5.4617,44.1617,56.3673,35.7351,17.1485,35.7351,17.1485,0.0,0.0,24.8481,14.7064,75.1519,85.2936,0.0,64.2649,82.8515
Andhra Pradesh,age_18_21,28,10.1123,7.9426,34.3412,49.9301,34.9582,47.8116,35.2461,45.041,,,33.0036,47.6319,34.4059,41.6199,49.1283,31.9836,40.2516,40.5927,,,,,38.1009,43.6881,35.7774,41.3558,20.3173,33.1487,51.1943,21.2069,51.1943,21.2069,0.0,0.0,34.1933,17.331,65.8067,82.669,0.0,48.8057,78.7931
Andhra Pradesh,age_22_25,28,11.103,7.6109,3.672,31.4813,3.7747,31.4699,4.2542,33.3928,,,3.92,29.8138,5.0302,34.4817,10.9616,39.7023,5.8156,36.4652,,,,,4.6785,35.3931,5.5669,33.5715,,,,,,,10.6085,13.8075,41.2375,19.503,58.7625,80.497,,,
Andhra Pradesh,age_26_29,28,14.1421,9.4976,0.4607,5.612,0.4972,6.1443,0.5722,7.342,,,0.5426,5.7513,0.9174,9.7573,1.7987,13.8725,0.849,9.2246,,,,,0.6296,7.7757,0.9026,9.4068,,,,,,,12.2914,17.5518,50.3403,27.0344,49.6597,72.9656,,,
Andhra Pradesh,age_30_33,28,16.5963,11.8308,0.1867,2.0477,0.1779,2.3598,0.203,2.6109,,,0.2598,2.6544,0.3028,3.3474,0.404,4.1868,0.2229,2.9524,,,,,0.1934,2.8549,0.2982,3.4362,,,,,,,11.7594,17.8358,57.6241,34.1997,42.3759,65.8003,,,
Andhra Pradesh,age_34_plus,28,20.6392,16.513,0.1276,0.7133,0.1406,0.9659,0.1401,0.8408,,,0.2743,1.0524,0.1679,1.0233,0.148,1.1564,0.1245,0.983,,,,,0.1342,1.0274,0.2361,1.1351,,,,,,,6.5335,13.2879,72.3341,45.9677,27.6659,54.0323,,,
Andhra Pradesh,age_below10,28,95.5324,95.6914,2.7533,1.2404,2.2226,1.4136,4.0534,1.4998,,,3.583,1.4743,3.2811,1.3063,1.5498,1.2622,1.6976,1.3135,,,,,1.841,1.1927,2.9223,1.3583,71.2397,73.7954,27.8942,25.3295,27.8942,25.3295,0.0,0.0,72.2376,70.9461,27.7624,29.0539,0.0,72.1058,74.6705
Karnataka,age_10_13,29,35.9418,37.0946,6.788,0.5213,5.0018,0.393,5.7335,0.3771,,,7.2419,0.4947,5.5175,0.3207,1.1214,0.212,2.6258,0.2907,,,,,4.1763,0.3196,5.4009,0.3588,77.1259,83.1262,18.5322,10.8457,18.5322,10.8457,0.0,0.0,15.1802,9.3869,84.8198,90.6131,0.0,81.4678,89.1543
Karnataka,age_14_17,29,8.7557,8.4296,33.7212,2.5963,29.8144,1.8966,31.7248,1.8569,,,33.0747,2.5439,29.4712,1.5944,16.5789,0.8833,27.9981,1.305,,,,,29.4837,1.5439,28.8967,1.7164,49.7329,58.723,36.7291,16.3674,36.7291,16.3674,0.0,0.0,18.7168,12.0559,81.2832,87.9441,0.0,63.2709,83.6326
Karnataka,age_18_21,29,9.1897,9.2179,46.3684,31.5335,47.4004,26.3657,48.7453,27.0986,,,45.0177,31.2221,45.7793,23.0591,50.508,15.1146,48.3058,20.7044,,,,,47.419,23.7834,45.8345,23.3265,21.9697,31.4102,56.5202,19.9175,56.5202,19.9175,0.0,0.0,24.8501,14.8266,75.1499,85.1734,0.0,43.4798,80.0825
Karnataka,age_22_25,29,9.7192,8.6801,6.9705,41.8339,9.7584,41.9555,8.1962,42.7521,,,7.1198,41.3071,10.844,39.4503,19.4323,36.1642,11.622,40.1366,,,,,10.7061,41.3569,10.8796,38.7951,,,,,,,10.5881,10.5515,31.3548,15.1917,68.6452,84.8083,,,
Karnataka,age_26_29,29,13.1481,10.5147,1.0817,12.8595,1.9208,15.749,1.3628,15.6929,,,1.1652,12.256,2.8074,19.5354,5.0296,25.7534,2.4146,20.1608,,,,,2.1538,17.6172,2.393,18.8194,,,,,,,13.3966,17.0549,41.9939,20.7297,58.0061,79.2703,,,
Karnataka,age_30_33,29,16.2507,13.0181,0.3789,6.0309,0.5895,7.9699,0.4584,7.7024,,,0.505,6.8941,0.875,10.0592,1.1943,12.9905,0.5686,9.4161,,,,,0.5831,8.8561,0.7132,10.0589,,,,,,,12.3479,17.1467,49.7719,26.453,50.2281,73.547,,,
Karnataka,age_34_plus,29,23.4986,20.0834,0.1394,1.7629,0.2427,2.7791,0.1734,2.1033,,,0.2859,2.2926,0.3003,2.9395,0.3536,3.7966,0.1829,2.9691,,,,,0.2098,2.9535,0.2989,3.1207,,,,,,,7.9465,13.5868,65.8349,36.5865,34.1651,63.4135,,,
Karnataka,age_below10,29,97.5596,97.7141,2.5139,0.7309,2.1048,0.6272,2.011,0.5887,,,2.2932,0.6338,2.0735,0.6502,1.3146,0.7774,1.574,0.8249,,,,,1.8013,0.6498,2.002,0.6882,61.6338,62.9587,37.8662,36.1994,37.8662,36.1994,0.0,0.0,73.8402,73.3471,26.1598,26.6529,0.0,62.1338,63.8006
Goa,age_10_13,30,25.4974,27.1435,1.979,0.0757,1.4514,0.1451,2.1076,0.0666,,,4.4131,0.4387,1.9732,0.2112,0.2063,0.1592,0.3209,0.1789,,,,,0.9446,0.1968,1.9443,0.2105,92.0917,94.304,6.6593,4.554,6.6593,4.554,0.0,0.0,5.4018,3.4832,94.5982,96.5168,0.0,93.3407,95.446
Goa,age_10_13,30,25.4974,27.1435,1.979,0.0757,1.4514,0.1451,2.1076,0.0666,,,4.4131,0.4387,1.9732,0.2112,0.2063,0.1592,0.3209,0.1789,,,,,0.9446,0.1968,1.9443,0.2105,92.0917,94.304,6.6593,4.554,6.6593,4.554,0.0,0.0,5.4018,3.4832,94.5982,96.5168,0.0,93.3407,95.446
Goa,age_10_13,30,25.4974,27.1435,1.979,0.0757,1.4514,0.1451,2.1076,0.0666,,,4.4131,0.4387,1.9732,0.2112,0.2063,0.1592,0.3209,0.1789,,,,,0.9446,0.1968,1.9443,0.2105,92.0917,94.304,6.6593,4.554,6.6593,4.554,0.0,0.0,5.4018,3.4832,94.5982,96.5168,0.0,93.3407,95.446
Goa,age_10_13,30,25.4974,27.1435,1.979,0.0757,1.4514,0.1451,2.1076,0.0666,,,4.4131,0.4387,1.9732,0.2112,0.2063,0.1592,0.3209,0.1789,,,,,0.9446,0.1968,1.9443,0.2105,92.0917,94.304,6.6593,4.554,6.6593,4.554,0.0,0.0,5.4018,3.4832,94.5982,96.5168,0.0,93.3407,95.446
Goa,age_10_13,30,25.4974,27.1435,1.979,0.0757,1.4514,0.1451,2.1076,0.0666,,,4.4131,0.4387,1.9732,0.2112,0.2063,0.1592,0.3209,0.1789,,,,,0.9446,0.1968,1.9443,0.2105,92.0917,94.304,6.6593,4.554,6.6593,4.554,0.0,0.0,5.4018,3.4832,94.5982,96.5168,0.0,93.3407,95.446
Goa,age_10_13,30,25.4974,27.1435,1.979,0.0757,1.4514,0.1451,2.1076,0.0666,,,4.4131,0.4387,1.9732,0.2112,0.2063,0.1592,0.3209,0.1789,,,,,0.9446,0.1968,1.9443,0.2105,92.0917,94.304,6.6593,4.554,6.6593,4.554,0.0,0.0,5.4018,3.4832,94.5982,96.5168,0.0,93.3407,95.446
Goa,age_14_17,30,4.6832,4.1645,17.2734,1.0032,13.8123,1.0775,15.9489,1.1994,,,22.2017,2.5427,11.8687,1.0473,3.1102,0.521,6.1322,0.8228,,,,,11.425,1.1241,12.2548,1.0622,72.6539,78.0035,21.3516,13.4448,21.3516,13.4448,0.0,0.0,5.667,4.1064,94.333,95.8936,0.0,78.6484,86.5552
Goa,age_14_17,30,4.6832,4.1645,17.2734,1.0032,13.8123,1.0775,15.9489,1.1994,,,22.2017,2.5427,11.8687,1.0473,3.1102,0.521,6.1322,0.8228,,,,,11.425,1.1241,12.2548,1.0622,72.6539,78.0035,21.3516,13.4448,21.3516,13.4448,0.0,0.0,5.667,4.1064,94.333,95.8936,0.0,78.6484,86.5552
Goa,age_14_17,30,4.6832,4.1645,17.2734,1.0032,13.8123,1.0775,15.9489,1.1994,,,22.2017,2.5427,11.8687,1.0473,3.1102,0.521,6.1322,0.8228,,,,,11.425,1.1241,12.2548,1.0622,72.6539,78.0035,21.3516,13.4448,21.3516,13.4448,0.0,0.0,5.667,4.1064,94.333,95.8936,0.0,78.6484,86.5552
Goa,age_14_17,30,4.6832,4.1645,17.2734,1.0032,13.8123,1.0775,15.9489,1.1994,,,22.2017,2.5427,11.8687,1.0473,3.1102,0.521,6.1322,0.8228,,,,,11.425,1.1241,12.2548,1.0622,72.6539,78.0035,21.3516,13.4448,21.3516,13.4448,0.0,0.0,5.667,4.1064,94.333,95.8936,0.0,78.6484,86.5552
Goa,age_14_17,30,4.6832,4.1645,17.2734,1.0032,13.8123,1.0775,15.9489,1.1994,,,22.2017,2.5427,11.8687,1.0473,3.1102,0.521,6.1322,0.8228,,,,,11.425,1.1241,12.2548,1.0622,72.6539,78.0035,21.3516,13.4448,21.3516,13.4448,0.0,0.0,5.667,4.1064,94.333,95.8936,0.0,78.6484,86.5552
Goa,age_14_17,30,4.6832,4.1645,17.2734,1.0032,13.8123,1.0775,15.9489,1.1994,,,22.2017,2.5427,11.8687,1.0473,3.1102,0.521,6.1322,0.8228,,,,,11.425,1.1241,12.2548,1.0622,72.6539,78.0035,21.3516,13.4448,21.3516,13.4448,0.0,0.0,5.667,4.1064,94.333,95.8936,0.0,78.6484,86.5552
Goa,age_18_21,30,5.9386,4.714,48.2775,14.6508,45.1863,13.8202,52.4775,17.1975,,,45.4796,22.7966,34.1864,10.8596,30.321,6.1023,37.4226,9.4535,,,,,42.9004,13.1243,38.3138,11.1658,39.5638,42.2842,47.0685,30.3622,47.0685,30.3622,0.0,0.0,8.5131,6.1808,91.4869,93.8192,0.0,52.9315,69.6378
Goa,age_18_21,30,5.9386,4.714,48.2775,14.6508,45.1863,13.8202,52.4775,17.1975,,,45.4796,22.7966,34.1864,10.8596,30.321,6.1023,37.4226,9.4535,,,,,42.9004,13.1243,38.3138,11.1658,39.5638,42.2842,47.0685,30.3622,47.0685,30.3622,0.0,0.0,8.5131,6.1808,91.4869,93.8192,0.0,52.9315,69.6378
Goa,age_18_21,30,5.9386,4.714,48.2775,14.6508,45.1863,13.8202,52.4775,17.1975,,,45.4796,22.7966,34.1864,10.8596,30.321,6.1023,37.4226,9.4535,,,,,42.9004,13.1243,38.3138,11.1658,39.5638,42.2842,47.0685,30.3622,47.0685,30.3622,0.0,0.0,8.5131,6.1808,91.4869,93.8192,0.0,52.9315,69.6378
Goa,age_18_21,30,5.9386,4.714,48.2775,14.6508,45.1863,13.8202,52.4775,17.1975,,,45.4796,22.7966,34.1864,10.8596,30.321,6.1023,37.4226,9.4535,,,,,42.9004,13.1243,38.3138,11.1658,39.5638,42.2842,47.0685,30.3622,47.0685,30.3622,0.0,0.0,8.5131,6.1808,91.4869,93.8192,0.0,52.9315,69.6378
Goa,age_18_21,30,5.9386,4.714,48.2775,14.6508,45.1863,13.8202,52.4775,17.1975,,,45.4796,22.7966,34.1864,10.8596,30.321,6.1023,37.4226,9.4535,,,,,42.9004,13.1243,38.3138,11.1658,39.5638,42.2842,47.0685,30.3622,47.0685,30.3622,0.0,0.0,8.5131,6.1808,91.4869,93.8192,0.0,52.9315,69.6378
Goa,age_18_21,30,5.9386,4.714,48.2775,14.6508,45.1863,13.8202,52.4775,17.1975,,,45.4796,22.7966,34.1864,10.8596,30.321,6.1023,37.4226,9.4535,,,,,42.9004,13.1243,38.3138,11.1658,39.5638,42.2842,47.0685,30.3622,47.0685,30.3622,0.0,0.0,8.5131,6.1808,91.4869,93.8192,0.0,52.9315,69.6378
Goa,age_22_25,30,6.0308,4.6392,20.2052,37.0244,24.2512,33.5862,20.2756,37.5466,,,16.1683,35.1461,26.3036,26.6155,37.0656,20.9061,32.4532,26.3155,,,,,27.2269,31.2242,26.9391,26.496,,,,,,,15.8021,9.9329,10.6504,6.4863,89.3496,93.5137,,,
Goa,age_22_25,30,6.0308,4.6392,20.2052,37.0244,24.2512,33.5862,20.2756,37.5466,,,16.1683,35.1461,26.3036,26.6155,37.0656,20.9061,32.4532,26.3155,,,,,27.2269,31.2242,26.9391,26.496,,,,,,,15.8021,9.9329,10.6504,6.4863,89.3496,93.5137,,,
Goa,age_22_25,30,6.0308,4.6392,20.2052,37.0244,24.2512,33.5862,20.2756,37.5466,,,16.1683,35.1461,26.3036,26.6155,37.0656,20.9061,32.4532,26.3155,,,,,27.2269,31.2242,26.9391,26.496,,,,,,,15.8021,9.9329,10.6504,6.4863,89.3496,93.5137,,,
Goa,age_22_25,30,6.0308,4.6392,20.2052,37.0244,24.2512,33.5862,20.2756,37.5466,,,16.1683,35.1461,26.3036,26.6155,37.0656,20.9061,32.4532,26.3155,,,,,27.2269,31.2242,26.9391,26.496,,,,,,,15.8021,9.9329,10.6504,6.4863,89.3496,93.5137,,,
Goa,age_22_25,30,6.0308,4.6392,20.2052,37.0244,24.2512,33.5862,20.2756,37.5466,,,16.1683,35.1461,26.3036,26.6155,37.0656,20.9061,32.4532,26.3155,,,,,27.2269,31.2242,26.9391,26.496,,,,,,,15.8021,9.9329,10.6504,6.4863,89.3496,93.5137,,,
Goa,age_22_25,30,6.0308,4.6392,20.2052,37.0244,24.2512,33.5862,20.2756,37.5466,,,16.1683,35.1461,26.3036,26.6155,37.0656,20.9061,32.4532,26.3155,,,,,27.2269,31.2242,26.9391,26.496,,,,,,,15.8021,9.9329,10.6504,6.4863,89.3496,93.5137,,,
Goa,age_26_29,30,8.0218,5.5949,5.3017,23.074,7.7715,23.4844,4.9346,21.5552,,,4.2234,17.3696,14.5553,27.3032,17.5094,29.8536,13.2463,27.66,,,,,9.1666,24.33,10.9397,25.98,,,,,,,18.8217,15.0078,15.1409,7.961,84.8591,92.039,,,
Goa,age_26_29,30,8.0218,5.5949,5.3017,23.074,7.7715,23.4844,4.9346,21.5552,,,4.2234,17.3696,14.5553,27.3032,17.5094,29.8536,13.2463,27.66,,,,,9.1666,24.33,10.9397,25.98,,,,,,,18.8217,15.0078,15.1409,7.961,84.8591,92.039,,,
Goa,age_26_29,30,8.0218,5.5949,5.3017,23.074,7.7715,23.4844,4.9346,21.5552,,,4.2234,17.3696,14.5553,27.3032,17.5094,29.8536,13.2463,27.66,,,,,9.1666,24.33,10.9397,25.98,,,,,,,18.8217,15.0078,15.1409,7.961,84.8591,92.039,,,
Goa,age_26_29,30,8.0218,5.5949,5.3017,23.074,7.7715,23.4844,4.9346,21.5552,,,4.2234,17.3696,14.5553,27.3032,17.5094,29.8536,13.2463,27.66,,,,,9.1666,24.33,10.9397,25.98,,,,,,,18.8217,15.0078,15.1409,7.961,84.8591,92.039,,,
Goa,age_26_29,30,8.0218,5.5949,5.3017,23.074,7.7715,23.4844,4.9346,21.5552,,,4.2234,17.3696,14.5553,27.3032,17.5094,29.8536,13.2463,27.66,,,,,9.1666,24.33,10.9397,25.98,,,,,,,18.8217,15.0078,15.1409,7.961,84.8591,92.039,,,
Goa,age_26_29,30,8.0218,5.5949,5.3017,23.074,7.7715,23.4844,4.9346,21.5552,,,4.2234,17.3696,14.5553,27.3032,17.5094,29.8536,13.2463,27.66,,,,,9.1666,24.33,10.9397,25.98,,,,,,,18.8217,15.0078,15.1409,7.961,84.8591,92.039,,,
Goa,age_30_33,30,11.3216,7.8364,2.0523,15.1051,2.7356,16.8723,1.3477,13.9659,,,1.9788,12.3121,4.7262,21.0555,4.7899,25.1595,3.3267,20.9403,,,,,2.8476,17.4145,3.3271,20.7572,,,,,,,16.7038,15.3177,19.2905,9.9292,80.7095,90.0708,,,
Goa,age_30_33,30,11.3216,7.8364,2.0523,15.1051,2.7356,16.8723,1.3477,13.9659,,,1.9788,12.3121,4.7262,21.0555,4.7899,25.1595,3.3267,20.9403,,,,,2.8476,17.4145,3.3271,20.7572,,,,,,,16.7038,15.3177,19.2905,9.9292,80.7095,90.0708,,,
Goa,age_30_33,30,11.3216,7.8364,2.0523,15.1051,2.7356,16.8723,1.3477,13.9659,,,1.9788,12.3121,4.7262,21.0555,4.7899,25.1595,3.3267,20.9403,,,,,2.8476,17.4145,3.3271,20.7572,,,,,,,16.7038,15.3177,19.2905,9.9292,80.7095,90.0708,,,
Goa,age_30_33,30,11.3216,7.8364,2.0523,15.1051,2.7356,16.8723,1.3477,13.9659,,,1.9788,12.3121,4.7262,21.0555,4.7899,25.1595,3.3267,20.9403,,,,,2.8476,17.4145,3.3271,20.7572,,,,,,,16.7038,15.3177,19.2905,9.9292,80.7095,90.0708,,,
Goa,age_30_33,30,11.3216,7.8364,2.0523,15.1051,2.7356,16.8723,1.3477,13.9659,,,1.9788,12.3121,4.7262,21.0555,4.7899,25.1595,3.3267,20.9403,,,,,2.8476,17.4145,3.3271,20.7572,,,,,,,16.7038,15.3177,19.2905,9.9292,80.7095,90.0708,,,
Goa,age_30_33,30,11.3216,7.8364,2.0523,15.1051,2.7356,16.8723,1.3477,13.9659,,,1.9788,12.3121,4.7262,21.0555,4.7899,25.1595,3.3267,20.9403,,,,,2.8476,17.4145,3.3271,20.7572,,,,,,,16.7038,15.3177,19.2905,9.9292,80.7095,90.0708,,,
Goa,age_34_plus,30,25.5914,20.89,0.6841,6.2843,1.1061,8.5362,0.3952,6.2966,,,0.8778,5.7668,1.4225,9.1949,1.3421,11.7104,0.9119,9.1644,,,,,0.9446,8.3764,1.1069,9.7957,,,,,,,11.7978,14.6105,42.9931,18.7355,57.0069,81.2645,,,
Goa,age_34_plus,30,25.5914,20.89,0.6841,6.2843,1.1061,8.5362,0.3952,6.2966,,,0.8778,5.7668,1.4225,9.1949,1.3421,11.7104,0.9119,9.1644,,,,,0.9446,8.3764,1.1069,9.7957,,,,,,,11.7978,14.6105,42.9931,18.7355,57.0069,81.2645,,,
Goa,age_34_plus,30,25.5914,20.89,0.6841,6.2843,1.1061,8.5362,0.3952,6.2966,,,0.8778,5.7668,1.4225,9.1949,1.3421,11.7104,0.9119,9.1644,,,,,0.9446,8.3764,1.1069,9.7957,,,,,,,11.7978,14.6105,42.9931,18.7355,57.0069,81.2645,,,
Goa,age_34_plus,30,25.5914,20.89,0.6841,6.2843,1.1061,8.5362,0.3952,6.2966,,,0.8778,5.7668,1.4225,9.1949,1.3421,11.7104,0.9119,9.1644,,,,,0.9446,8.3764,1.1069,9.7957,,,,,,,11.7978,14.6105,42.9931,18.7355,57.0069,81.2645,,,
Goa,age_34_plus,30,25.5914,20.89,0.6841,6.2843,1.1061,8.5362,0.3952,6.2966,,,0.8778,5.7668,1.4225,9.1949,1.3421,11.7104,0.9119,9.1644,,,,,0.9446,8.3764,1.1069,9.7957,,,,,,,11.7978,14.6105,42.9931,18.7355,57.0069,81.2645,,,
Goa,age_34_plus,30,25.5914,20.89,0.6841,6.2843,1.1061,8.5362,0.3952,6.2966,,,0.8778,5.7668,1.4225,9.1949,1.3421,11.7104,0.9119,9.1644,,,,,0.9446,8.3764,1.1069,9.7957,,,,,,,11.7978,14.6105,42.9931,18.7355,57.0069,81.2645,,,
Goa,age_below10,30,95.9617,95.8894,1.075,0.6246,0.8093,0.42,0.7701,0.4398,,,1.1554,0.6571,0.9639,0.7305,0.792,0.8727,0.9818,0.799,,,,,0.9079,0.6688,0.9456,0.7163,76.7473,76.8019,23.1057,22.9017,23.1057,22.9017,0.0,0.0,72.2184,72.1607,27.7816,27.8393,0.0,76.8943,77.0983
Goa,age_below10,30,95.9617,95.8894,1.075,0.6246,0.8093,0.42,0.7701,0.4398,,,1.1554,0.6571,0.9639,0.7305,0.792,0.8727,0.9818,0.799,,,,,0.9079,0.6688,0.9456,0.7163,76.7473,76.8019,23.1057,22.9017,23.1057,22.9017,0.0,0.0,72.2184,72.1607,27.7816,27.8393,0.0,76.8943,77.0983
Goa,age_below10,30,95.9617,95.8894,1.075,0.6246,0.8093,0.42,0.7701,0.4398,,,1.1554,0.6571,0.9639,0.7305,0.792,0.8727,0.9818,0.799,,,,,0.9079,0.6688,0.9456,0.7163,76.7473,76.8019,23.1057,22.9017,23.1057,22.9017,0.0,0.0,72.2184,72.1607,27.7816,27.8393,0.0,76.8943,77.0983
Goa,age_below10,30,95.9617,95.8894,1.075,0.6246,0.8093,0.42,0.7701,0.4398,,,1.1554,0.6571,0.9639,0.7305,0.792,0.8727,0.9818,0.799,,,,,0.9079,0.6688,0.9456,0.7163,76.7473,76.8019,23.1057,22.9017,23.1057,22.9017,0.0,0.0,72.2184,72.1607,27.7816,27.8393,0.0,76.8943,77.0983
Goa,age_below10,30,95.9617,95.8894,1.075,0.6246,0.8093,0.42,0.7701,0.4398,,,1.1554,0.6571,0.9639,0.7305,0.792,0.8727,0.9818,0.799,,,,,0.9079,0.6688,0.9456,0.7163,76.7473,76.8019,23.1057,22.9017,23.1057,22.9017,0.0,0.0,72.2184,72.1607,27.7816,27.8393,0.0,76.8943,77.0983
Goa,age_below10,30,95.9617,95.8894,1.075,0.6246,0.8093,0.42,0.7701,0.4398,,,1.1554,0.6571,0.9639,0.7305,0.792,0.8727,0.9818,0.799,,,,,0.9079,0.6688,0.9456,0.7163,76.7473,76.8019,23.1057,22.9017,23.1057,22.9017,0.0,0.0,72.2184,72.1607,27.7816,27.8393,0.0,76.8943,77.0983
Lakshadweep,age_10_13,31,39.1598,48.9987,,,2.1933,0.1142,,,,,3.9952,0.1649,1.3107,0.0574,0.5175,0.0375,0.352,0.0,,,,,1.931,0.0657,,,96.2323,97.4042,3.7677,2.4375,3.7677,2.4375,0.0,0.0,2.9036,1.9943,97.0964,98.0057,0.0,96.2323,97.5625
Lakshadweep,age_14_17,31,6.245,8.4638,,,34.3043,2.8158,,,,,36.799,3.38,17.579,1.1713,10.1552,0.375,21.5574,0.7154,,,,,33.9981,1.5102,,,71.5227,84.2721,28.4386,14.6672,28.4386,14.6672,0.0,0.0,3.2158,1.902,96.7842,98.098,0.0,71.5614,85.3328
Lakshadweep,age_18_21,31,8.0068,9.5048,,,53.4613,30.6317,,,,,47.6534,33.9654,46.8003,18.2706,53.6223,10.5737,58.9969,17.2202,,,,,51.7569,24.6881,,,21.4699,42.9234,77.9521,48.0278,77.9521,48.0278,0.0,0.0,3.0553,3.1709,96.9447,96.8291,0.0,22.0479,51.9722
Lakshadweep,age_22_25,31,13.6564,10.3629,,,6.1343,41.933,,,,,7.2443,39.1591,22.6677,40.6752,25.097,39.3326,11.7466,42.1053,,,,,7.0275,44.5831,,,,,,,,,1.8355,2.3195,4.9215,3.467,95.0785,96.533,,,
Lakshadweep,age_26_29,31,20.1098,10.8722,,,1.3365,15.9817,,,,,1.059,12.7782,7.4017,27.8939,5.3687,35.883,1.8918,26.7757,,,,,1.2029,20.2232,,,,,,,,,2.7461,5.0179,7.6473,3.3115,92.3527,96.6885,,,
Lakshadweep,age_30_33,31,23.0649,12.1058,,,0.2399,5.0609,,,,,0.4813,5.9357,1.542,8.3372,0.9056,9.5238,0.396,8.1247,,,,,0.095,5.2856,,,,,,,,,1.7662,5.7514,8.8973,3.9644,91.1027,96.0356,,,
Lakshadweep,age_34_plus,31,34.1659,25.5389,,,0.1714,1.9026,,,,,0.2647,2.061,0.8481,1.8833,0.3881,1.7998,0.176,1.7885,,,,,0.1266,1.4117,,,,,,,,,0.9951,5.2656,42.299,11.5637,57.701,88.4363,,,
Lakshadweep,age_below10,31,98.4997,99.016,,,0.891,0.4566,,,,,1.2515,0.3298,1.0794,0.356,0.9702,0.5624,1.4518,0.6132,,,,,1.2029,0.394,,,81.7134,81.4056,18.2555,18.5652,18.2555,18.5652,0.0,0.0,76.0056,75.7458,23.9944,24.2542,0.0,81.7445,81.4348
Kerala,age_10_13,32,23.383,27.2602,1.6975,0.0448,2.9102,0.0566,1.9106,0.0402,,,3.805,0.0746,0.958,0.0365,0.1679,0.0273,0.5593,0.0332,,,,,2.0156,0.0427,,,97.8866,97.8498,1.9676,1.9247,1.9676,1.9247,0.0,0.0,1.2983,1.2244,98.7017,98.7756,0.0,98.0324,98.0753
Kerala,age_14_17,32,1.3534,1.6811,23.1834,0.468,28.6483,0.7199,19.7831,0.4085,,,30.1175,0.9895,14.2173,0.2845,7.6295,0.1006,19.6779,0.2006,,,,,26.6685,0.4204,,,80.6261,80.277,17.6686,15.3301,17.6686,15.3301,0.0,0.0,1.2785,1.0843,98.7215,98.9157,0.0,82.3314,84.6699
Kerala,age_18_21,32,1.7259,2.0095,47.2733,14.1326,43.7608,15.7407,44.6237,10.6459,,,42.6761,17.4308,39.5294,9.0705,43.6215,3.268,47.6544,7.2914,,,,,44.9692,12.3798,,,40.2161,40.1925,54.1928,38.7095,54.1928,38.7095,0.0,0.0,1.7468,1.3559,98.2532,98.6441,0.0,45.8072,61.2905
Kerala,age_22_25,32,2.3476,2.5252,17.4528,38.3512,14.6286,38.7134,21.6481,31.8843,,,12.69,37.7958,26.9786,30.8938,31.7336,20.4659,21.1384,31.2506,,,,,16.3343,37.2354,,,,,,,,,11.7228,7.1463,2.352,1.6014,97.648,98.3986,,,
Kerala,age_26_29,32,4.626,4.4662,4.3489,26.973,3.7158,24.2968,5.712,31.0414,,,3.0529,20.6988,10.7206,33.0607,9.5773,38.4452,5.0793,34.2886,,,,,4.0873,28.3151,,,,,,,,,13.5175,10.3855,3.6995,2.3285,96.3005,97.6715,,,
Kerala,age_30_33,32,8.751,7.2097,1.638,12.497,1.5009,12.2263,1.7207,17.4283,,,1.6393,12.5718,2.9015,17.9935,2.0259,25.1166,1.1782,17.4156,,,,,1.3179,13.3836,,,,,,,,,9.8047,9.3191,5.4539,3.1053,94.5461,96.8947,,,
Kerala,age_34_plus,32,27.4244,22.6587,0.7705,5.0038,0.8915,6.1267,0.8626,6.4517,,,1.004,7.2127,1.0803,5.9716,0.6601,8.1663,0.4511,5.8809,,,,,0.6651,5.6648,,,,,,,,,5.0564,6.8629,23.398,9.923,76.602,90.077,,,
Kerala,age_below10,32,97.9232,98.0869,1.6194,0.6359,1.8211,0.6214,1.745,0.5977,,,1.901,0.6642,1.335,0.6248,1.2561,0.6653,1.6571,0.653,,,,,1.773,0.626,,,80.1114,79.5418,19.8178,20.2481,19.8178,20.2481,0.0,0.0,73.9018,74.1072,26.0982,25.8928,0.0,80.1822,79.7519
Tamil Nadu,age_10_13,33,18.9359,20.997,2.2038,0.1271,2.0368,0.1277,2.0218,0.1173,,,2.8719,0.1537,2.0216,0.1224,0.5486,0.1104,1.2409,0.1247,,,,,1.7594,0.1253,,,87.46,89.3867,10.0723,7.706,10.0723,7.706,0.0,0.0,6.7866,4.4521,93.2134,95.5479,0.0,89.9277,92.294
Tamil Nadu,age_14_17,33,5.435,5.3108,27.4922,1.3823,24.8937,1.2675,26.4565,1.0799,,,28.0254,1.7654,24.7376,0.954,13.0939,0.485,22.688,0.8371,,,,,24.5875,1.0464,,,58.715,63.7756,28.4221,18.2699,28.4221,18.2699,0.0,0.0,9.4158,5.4626,90.5842,94.5374,0.0,71.5779,81.7301
Tamil Nadu,age_18_21,33,5.79,5.5306,50.5859,25.8192,49.0034,22.7333,50.6459,22.5452,,,47.5431,27.3089,48.1809,18.9846,47.8078,11.4812,49.4708,17.7243,,,,,49.2326,21.2298,,,25.3071,32.3746,51.4226,28.2001,51.4226,28.2001,0.0,0.0,14.0244,6.8961,85.9756,93.1039,0.0,48.5774,71.7999
Tamil Nadu,age_22_25,33,6.2135,5.0927,11.8711,40.5516,13.9694,38.9463,12.6347,39.446,,,11.5553,39.171,14.5325,36.8118,22.231,32.1393,15.0596,37.5244,,,,,14.1591,39.3317,,,,,,,,,9.5119,9.1359,19.925,8.365,80.075,91.635,,,
Tamil Nadu,age_26_29,33,8.8334,5.898,1.9561,16.4718,2.6732,18.5534,2.1714,19.0223,,,1.9705,14.3451,3.5059,23.0784,5.7649,29.4865,2.9666,23.3421,,,,,2.6465,19.8736,,,,,,,,,9.9274,11.2307,30.2293,12.7724,69.7707,87.2276,,,
Tamil Nadu,age_30_33,33,10.414,7.0123,0.6838,8.2565,0.7359,9.581,0.6782,9.9905,,,0.8233,8.4366,1.0301,11.3847,1.2532,14.5248,0.6724,10.5863,,,,,0.6581,9.5544,,,,,,,,,8.7815,10.9772,36.2947,16.3129,63.7053,83.6871,,,
Tamil Nadu,age_34_plus,33,13.0235,10.732,0.2412,2.8762,0.2795,3.7088,0.2556,3.345,,,0.3932,3.4875,0.3364,3.516,0.3507,4.1035,0.217,3.2394,,,,,0.2291,3.3081,,,,,,,,,4.8351,7.8764,57.5424,28.2276,42.4576,71.7724,,,
Tamil Nadu,age_below10,33,93.3677,93.7805,1.0379,0.5884,1.0578,0.5958,1.0495,0.557,,,1.0144,0.5487,1.0259,0.6351,1.0874,0.7977,1.1548,0.744,,,,,1.09,0.6269,,,80.5914,80.981,19.0004,18.4857,19.0004,18.4857,0.0,0.0,72.5356,72.4036,27.4644,27.5964,0.0,80.9996,81.5143
State - PONDICHERRY  34,age_10_13,34,22.4763,25.392,3.9915,0.0697,3.8742,0.0764,4.0777,0.0621,,,5.2867,0.1194,2.8972,0.0637,0.3412,0.0486,1.1457,0.0653,,,,,2.382,0.1042,,,94.4345,95.1904,4.9187,3.7853,4.9187,3.7853,0.0,0.0,3.7369,3.2311,96.2631,96.7689,0.0,95.0813,96.2147
State - PONDICHERRY  34,age_14_17,34,2.8084,2.8768,34.9905,1.1187,33.1954,1.0485,29.3204,0.4965,,,35.2429,1.6429,27.0873,0.6157,12.3933,0.3173,24.8211,0.5982,,,,,30.2214,0.8197,,,70.4087,74.2265,23.8339,14.6633,23.8339,14.6633,0.0,0.0,3.9859,2.8619,96.0141,97.1381,0.0,76.1661,85.3367
State - PONDICHERRY  34,age_18_21,34,3.1765,3.1455,47.7273,22.0116,45.048,19.5806,47.767,12.0516,,,43.7854,23.9583,41.4939,13.5805,48.0004,8.3618,49.7273,14.1696,,,,,47.5441,17.8747,,,34.3364,42.1737,52.8875,25.277,52.8875,25.277,0.0,0.0,7.1836,3.5822,92.8164,96.4178,0.0,47.1125,74.723
State - PONDICHERRY  34,age_22_25,34,3.8708,3.0612,8.9867,41.8888,11.2318,39.675,11.8447,35.4723,,,8.9678,39.6093,16.7273,34.3549,25.9009,30.1769,16.2406,36.532,,,,,13.0003,39.554,,,,,,,,,15.0294,15.1663,10.8444,4.7098,89.1556,95.2902,,,
State - PONDICHERRY  34,age_26_29,34,6.2694,3.9209,1.5862,20.5012,2.42,21.3095,2.8155,27.9633,,,1.6658,17.5885,6.7381,29.7048,7.4876,34.4445,3.6148,27.8905,,,,,2.6389,23.694,,,,,,,,,16.9203,19.7056,18.9866,7.3563,81.0134,92.6437,,,
State - PONDICHERRY  34,age_30_33,34,7.9003,4.5901,0.535,9.5237,0.7588,11.4012,0.8738,16.6563,,,0.6931,10.2951,1.8084,14.9239,1.718,17.9248,0.833,13.4898,,,,,0.6505,11.2055,,,,,,,,,13.9548,19.442,24.4902,9.9157,75.5098,90.0843,,,
State - PONDICHERRY  34,age_34_plus,34,12.4708,8.4599,0.2794,3.4091,0.3219,4.8257,0.7767,5.9824,,,0.4263,4.626,0.6539,4.6775,0.5431,5.6371,0.3077,4.5655,,,,,0.3031,4.453,,,,,,,,,7.7322,15.3244,46.3299,18.6927,53.6701,81.3073,,,
State - PONDICHERRY  34,age_below10,34,96.8484,97.0257,1.0795,0.4515,1.2071,0.5346,0.7767,0.3848,,,1.2109,0.4432,0.9236,0.514,1.076,0.5537,1.1783,0.6281,,,,,1.2474,0.4701,,,85.1343,85.3322,14.7924,14.5508,14.7924,14.5508,0.0,0.0,74.954,74.5302,25.046,25.4698,0.0,85.2076,85.4492
Andaman & Nicobar Islands,age_10_13,35,39.2401,42.5084,7.1795,0.1158,6.7239,0.2051,6.8289,0.1958,,,6.6459,0.2683,3.6347,0.1771,0.5573,0.123,1.3952,0.1863,,,,,3.8251,0.1796,,,90.0978,91.0626,9.4398,7.6535,9.4398,7.6535,0.0,0.0,6.4672,5.0358,93.5328,94.9642,0.0,90.5602,92.3465
Andaman & Nicobar Islands,age_14_17,35,6.2151,7.6235,39.4872,2.6057,36.8156,2.051,32.7358,1.6353,,,32.1776,2.2958,21.4121,1.4524,11.1964,0.6954,25.1303,1.2507,,,,,34.1637,1.7801,,,74.9285,73.6007,23.4277,18.2636,23.4277,18.2636,0.0,0.0,5.3602,3.7337,94.6398,96.2663,0.0,76.5723,81.7364
Andaman & Nicobar Islands,age_18_21,35,5.9451,6.9386,35.8974,25.2461,42.1764,25.3052,44.0461,24.4712,,,41.4314,23.8998,37.4334,19.1672,49.041,12.7153,52.578,19.4053,,,,,46.3759,22.9518,,,36.9402,37.5699,58.8812,34.2252,58.8812,34.2252,0.0,0.0,8.1938,5.6475,91.8062,94.3525,0.0,41.1188,65.7748
Andaman & Nicobar Islands,age_22_25,35,6.8557,7.7419,5.641,37.2322,7.8121,37.3767,9.347,40.6091,,,10.5478,36.291,22.0671,36.9126,25.5121,34.9791,12.517,38.7573,,,,,9.0632,38.7575,,,,,,,,,7.9627,5.5686,10.8861,6.6807,89.1139,93.3193,,,
Andaman & Nicobar Islands,age_26_29,35,9.2871,7.8208,4.6154,18.4713,1.9015,17.4822,2.134,17.4501,,,2.734,17.263,9.3781,24.4003,7.0782,30.2076,2.574,23.3435,,,,,2.1318,19.6994,,,,,,,,,12.7344,10.5674,16.4901,8.8996,83.5099,91.1004,,,
Andaman & Nicobar Islands,age_30_33,35,12.4921,9.0412,1.5385,8.9172,0.6071,9.3564,0.939,8.206,,,1.0684,10.3757,2.0656,10.6233,1.31,12.7955,0.6094,9.1272,,,,,0.5482,8.6031,,,,,,,,,13.2195,13.4409,25.2364,11.5769,74.7636,88.4231,,,
Andaman & Nicobar Islands,age_34_plus,35,22.147,17.1051,0.0,4.0533,0.3093,5.3228,0.1707,5.0725,,,0.5607,6.2612,0.5902,4.1907,0.3619,4.3062,0.2245,3.4526,,,,,0.1645,4.3349,,,,,,,,,7.0415,8.5951,49.2125,23.5569,50.7875,76.4431,,,
Andaman & Nicobar Islands,age_below10,35,97.485,97.6642,4.6154,1.1581,1.6724,0.8497,2.6035,0.6757,,,2.1467,0.6023,1.5618,0.7681,1.035,0.7222,1.3391,0.9912,,,,,1.4923,0.8105,,,72.2624,73.4142,27.6301,26.2103,27.6301,26.2103,0.0,0.0,73.4293,73.3602,26.5707,26.6398,0.0,72.3699,73.7897
