religion,gender,age_bracket,target,status,reason,n_rows,alpha,r2_train,r2_cv,n_predictors_used,n_selected,used_predictors,selected_predictors,skipped_predictors
buddhist,female,age_below10,CMPR_buddhist_female,ok,,33,100.0,0.0,-0.063,3,0,Below primary | Buddhist | F | Illiteracy | Buddhist | F | Literacy | Buddhist | F,,Middle school | Buddhist | F [constant]
buddhist,female,age_10_13,CMPR_buddhist_female,ok,,34,0.2656,0.324,0.145,4,3,Below primary | Buddhist | F | Illiteracy | Buddhist | F | Literacy | Buddhist | F | Middle school | Buddhist | F,Middle school | Buddhist | F (+4.834) | Below primary | Buddhist | F (+2.527) | Illiteracy | Buddhist | F (+0.766),
buddhist,female,age_14_17,CMPR_buddhist_female,ok,,34,100.0,0.0,-0.062,4,0,Below primary | Buddhist | F | Illiteracy | Buddhist | F | Literacy | Buddhist | F | Middle school | Buddhist | F,,
buddhist,female,age_18_21,CMPR_buddhist_female,ok,,34,0.001,0.306,0.041,4,3,Below primary | Buddhist | F | Illiteracy | Buddhist | F | Literacy | Buddhist | F | Middle school | Buddhist | F,Illiteracy | Buddhist | F (+5.301) | Below primary | Buddhist | F (-3.796) | Middle school | Buddhist | F (+2.481),
buddhist,female,age_22_25,CMPR_buddhist_female,ok,,34,100.0,0.0,-0.062,4,0,Below primary | Buddhist | F | Illiteracy | Buddhist | F | Literacy | Buddhist | F | Middle school | Buddhist | F,,
buddhist,female,age_26_29,CMPR_buddhist_female,ok,,34,0.001,0.277,0.062,4,3,Below primary | Buddhist | F | Illiteracy | Buddhist | F | Literacy | Buddhist | F | Middle school | Buddhist | F,Illiteracy | Buddhist | F (+4.505) | Below primary | Buddhist | F (-2.965) | Middle school | Buddhist | F (+1.419),
buddhist,female,age_30_33,CMPR_buddhist_female,ok,,34,0.001,0.317,0.066,4,4,Below primary | Buddhist | F | Illiteracy | Buddhist | F | Literacy | Buddhist | F | Middle school | Buddhist | F,Middle school | Buddhist | F (+3.666) | Illiteracy | Buddhist | F (+2.690) | Below primary | Buddhist | F (-2.250) | Literacy | Buddhist | F (-0.000),
buddhist,female,age_34_plus,CMPR_buddhist_female,ok,,34,100.0,0.0,-0.062,4,0,Below primary | Buddhist | F | Illiteracy | Buddhist | F | Literacy | Buddhist | F | Middle school | Buddhist | F,,
buddhist,male,age_below10,CMPR_buddhist_male,ok,,34,100.0,0.0,-0.062,2,0,Illiteracy | Buddhist | M | Literacy | Buddhist | M,,
buddhist,male,age_10_13,CMPR_buddhist_male,ok,,33,100.0,0.0,-0.063,2,0,Illiteracy | Buddhist | M | Literacy | Buddhist | M,,
buddhist,male,age_14_17,CMPR_buddhist_male,ok,,34,100.0,0.0,-0.062,2,0,Illiteracy | Buddhist | M | Literacy | Buddhist | M,,
buddhist,male,age_18_21,CMPR_buddhist_male,ok,,34,100.0,0.0,-0.062,2,0,Illiteracy | Buddhist | M | Literacy | Buddhist | M,,
buddhist,male,age_22_25,CMPR_buddhist_male,ok,,34,100.0,0.0,-0.062,2,0,Illiteracy | Buddhist | M | Literacy | Buddhist | M,,
buddhist,male,age_26_29,CMPR_buddhist_male,ok,,34,100.0,0.0,-0.062,2,0,Illiteracy | Buddhist | M | Literacy | Buddhist | M,,
buddhist,male,age_30_33,CMPR_buddhist_male,ok,,34,100.0,0.0,-0.062,2,0,Illiteracy | Buddhist | M | Literacy | Buddhist | M,,
buddhist,male,age_34_plus,CMPR_buddhist_male,ok,,34,100.0,0.0,-0.062,2,0,Illiteracy | Buddhist | M | Literacy | Buddhist | M,,
christian,female,age_below10,CMPR_christian_female,ok,,35,0.4751,0.212,0.101,3,1,Below primary | Christian | F | Illiteracy | Christian | F | Literacy | Christian | F,Below primary | Christian | F (-1.561),Middle school | Christian | F [constant]
christian,female,age_10_13,CMPR_christian_female,ok,,35,1.0723,0.085,-0.018,4,1,Below primary | Christian | F | Illiteracy | Christian | F | Literacy | Christian | F | Middle school | Christian | F,Illiteracy | Christian | F (+0.575),
christian,female,age_14_17,CMPR_christian_female,ok,,35,0.0586,0.579,0.476,4,4,Below primary | Christian | F | Illiteracy | Christian | F | Literacy | Christian | F | Middle school | Christian | F,Middle school | Christian | F (-4.407) | Below primary | Christian | F (-3.307) | Illiteracy | Christian | F (+0.809) | Literacy | Christian | F (-0.000),
christian,female,age_18_21,CMPR_christian_female,ok,,35,0.9545,0.119,-0.006,4,2,Below primary | Christian | F | Illiteracy | Christian | F | Literacy | Christian | F | Middle school | Christian | F,Illiteracy | Christian | F (+0.809) | Literacy | Christian | F (-0.000),
christian,female,age_22_25,CMPR_christian_female,ok,,35,0.2105,0.316,0.123,4,4,Below primary | Christian | F | Illiteracy | Christian | F | Literacy | Christian | F | Middle school | Christian | F,Middle school | Christian | F (-1.695) | Illiteracy | Christian | F (+1.302) | Below primary | Christian | F (+1.218) | Literacy | Christian | F (-0.000),
christian,female,age_26_29,CMPR_christian_female,ok,,35,0.1874,0.332,0.158,4,4,Below primary | Christian | F | Illiteracy | Christian | F | Literacy | Christian | F | Middle school | Christian | F,Middle school | Christian | F (-1.711) | Illiteracy | Christian | F (+1.619) | Below primary | Christian | F (+0.767) | Literacy | Christian | F (-0.000),
christian,female,age_30_33,CMPR_christian_female,ok,,35,0.9545,0.068,-0.036,4,2,Below primary | Christian | F | Illiteracy | Christian | F | Literacy | Christian | F | Middle school | Christian | F,Illiteracy | Christian | F (+0.516) | Literacy | Christian | F (-0.000),
christian,female,age_34_plus,CMPR_christian_female,ok,,35,0.0739,0.225,0.051,4,3,Below primary | Christian | F | Illiteracy | Christian | F | Literacy | Christian | F | Middle school | Christian | F,Illiteracy | Christian | F (+2.000) | Middle school | Christian | F (-1.038) | Below primary | Christian | F (-0.866),
christian,male,age_below10,CMPR_christian_male,ok,,35,100.0,0.0,-0.06,2,0,Illiteracy | Christian | M | Literacy | Christian | M,,
christian,male,age_10_13,CMPR_christian_male,ok,,35,0.0658,0.046,-0.048,2,2,Illiteracy | Christian | M | Literacy | Christian | M,Illiteracy | Christian | M (+0.406) | Literacy | Christian | M (-0.000),
christian,male,age_14_17,CMPR_christian_male,ok,,35,0.0464,0.107,0.002,2,2,Illiteracy | Christian | M | Literacy | Christian | M,Illiteracy | Christian | M (+0.670) | Literacy | Christian | M (-0.000),
christian,male,age_18_21,CMPR_christian_male,ok,,35,0.0018,0.075,-0.029,2,2,Illiteracy | Christian | M | Literacy | Christian | M,Illiteracy | Christian | M (+0.594) | Literacy | Christian | M (-0.000),
christian,male,age_22_25,CMPR_christian_male,ok,,35,0.001,0.083,-0.016,2,2,Illiteracy | Christian | M | Literacy | Christian | M,Illiteracy | Christian | M (+0.629) | Literacy | Christian | M (-0.000),
christian,male,age_26_29,CMPR_christian_male,ok,,35,100.0,0.0,-0.06,2,0,Illiteracy | Christian | M | Literacy | Christian | M,,
christian,male,age_30_33,CMPR_christian_male,ok,,35,100.0,0.0,-0.06,2,0,Illiteracy | Christian | M | Literacy | Christian | M,,
christian,male,age_34_plus,CMPR_christian_male,ok,,35,100.0,0.0,-0.06,2,0,Illiteracy | Christian | M | Literacy | Christian | M,,
hindu,female,age_below10,CMPR_hindu_female,ok,,35,1.0723,0.179,0.065,3,1,Below primary | Hindu | F | Illiteracy | Hindu | F | Literacy | Hindu | F,Illiteracy | Hindu | F (+3.098),Middle school | Hindu | F [constant]
hindu,female,age_10_13,CMPR_hindu_female,ok,,35,0.8498,0.336,0.201,4,2,Below primary | Hindu | F | Illiteracy | Hindu | F | Literacy | Hindu | F | Middle school | Hindu | F,Illiteracy | Hindu | F (+4.427) | Below primary | Hindu | F (+0.505),
hindu,female,age_14_17,CMPR_hindu_female,ok,,35,0.0183,0.49,0.289,4,3,Below primary | Hindu | F | Illiteracy | Hindu | F | Literacy | Hindu | F | Middle school | Hindu | F,Middle school | Hindu | F (-5.928) | Illiteracy | Hindu | F (+4.194) | Below primary | Hindu | F (-3.232),
hindu,female,age_18_21,CMPR_hindu_female,ok,,35,0.0102,0.465,0.279,4,3,Below primary | Hindu | F | Illiteracy | Hindu | F | Literacy | Hindu | F | Middle school | Hindu | F,Illiteracy | Hindu | F (+4.781) | Below primary | Hindu | F (+1.779) | Middle school | Hindu | F (-1.711),
hindu,female,age_22_25,CMPR_hindu_female,ok,,35,0.3765,0.488,0.309,4,4,Below primary | Hindu | F | Illiteracy | Hindu | F | Literacy | Hindu | F | Middle school | Hindu | F,Illiteracy | Hindu | F (+5.360) | Middle school | Hindu | F (-1.495) | Below primary | Hindu | F (+0.956) | Literacy | Hindu | F (-0.000),
hindu,female,age_26_29,CMPR_hindu_female,ok,,35,0.9545,0.446,0.275,4,4,Below primary | Hindu | F | Illiteracy | Hindu | F | Literacy | Hindu | F | Middle school | Hindu | F,Illiteracy | Hindu | F (+4.943) | Below primary | Hindu | F (+0.579) | Middle school | Hindu | F (-0.540) | Literacy | Hindu | F (-0.000),
hindu,female,age_30_33,CMPR_hindu_female,ok,,35,0.9545,0.373,0.25,4,2,Below primary | Hindu | F | Illiteracy | Hindu | F | Literacy | Hindu | F | Middle school | Hindu | F,Illiteracy | Hindu | F (+4.941) | Literacy | Hindu | F (-0.000),
hindu,female,age_34_plus,CMPR_hindu_female,ok,,35,1.353,0.202,0.055,4,2,Below primary | Hindu | F | Illiteracy | Hindu | F | Literacy | Hindu | F | Middle school | Hindu | F,Illiteracy | Hindu | F (+3.130) | Literacy | Hindu | F (-0.000),
hindu,male,age_below10,CMPR_hindu_male,ok,,35,100.0,0.0,-0.06,2,0,Illiteracy | Hindu | M | Literacy | Hindu | M,,
hindu,male,age_10_13,CMPR_hindu_male,ok,,35,100.0,0.0,-0.06,2,0,Illiteracy | Hindu | M | Literacy | Hindu | M,,
hindu,male,age_14_17,CMPR_hindu_male,ok,,35,100.0,0.0,-0.06,2,0,Illiteracy | Hindu | M | Literacy | Hindu | M,,
hindu,male,age_18_21,CMPR_hindu_male,ok,,35,100.0,0.0,-0.06,2,0,Illiteracy | Hindu | M | Literacy | Hindu | M,,
hindu,male,age_22_25,CMPR_hindu_male,ok,,35,100.0,0.0,-0.06,2,0,Illiteracy | Hindu | M | Literacy | Hindu | M,,
hindu,male,age_26_29,CMPR_hindu_male,ok,,35,100.0,0.0,-0.06,2,0,Illiteracy | Hindu | M | Literacy | Hindu | M,,
hindu,male,age_30_33,CMPR_hindu_male,ok,,35,100.0,0.0,-0.06,2,0,Illiteracy | Hindu | M | Literacy | Hindu | M,,
hindu,male,age_34_plus,CMPR_hindu_male,ok,,35,100.0,0.0,-0.06,2,0,Illiteracy | Hindu | M | Literacy | Hindu | M,,
jain,female,age_below10,CMPR_jain_female,ok,,34,0.2364,0.284,-0.045,3,3,Below primary | Jain | F | Illiteracy | Jain | F | Literacy | Jain | F,Illiteracy | Jain | F (+3.336) | Below primary | Jain | F (-2.184) | Literacy | Jain | F (-0.000),Middle school | Jain | F [constant]
jain,female,age_10_13,CMPR_jain_female,ok,,34,100.0,0.0,-0.062,4,0,Below primary | Jain | F | Illiteracy | Jain | F | Literacy | Jain | F | Middle school | Jain | F,,
jain,female,age_14_17,CMPR_jain_female,ok,,34,0.7565,0.191,-0.269,4,1,Below primary | Jain | F | Illiteracy | Jain | F | Literacy | Jain | F | Middle school | Jain | F,Middle school | Jain | F (-3.060),
jain,female,age_18_21,CMPR_jain_female,ok,,33,1.2045,0.118,-0.028,4,1,Below primary | Jain | F | Illiteracy | Jain | F | Literacy | Jain | F | Middle school | Jain | F,Below primary | Jain | F (-1.919),
jain,female,age_22_25,CMPR_jain_female,ok,,33,0.1322,0.318,-0.008,4,4,Below primary | Jain | F | Illiteracy | Jain | F | Literacy | Jain | F | Middle school | Jain | F,Middle school | Jain | F (+4.680) | Below primary | Jain | F (+0.969) | Illiteracy | Jain | F (-0.831) | Literacy | Jain | F (+0.000),
jain,female,age_26_29,CMPR_jain_female,ok,,34,100.0,0.0,-0.062,4,0,Below primary | Jain | F | Illiteracy | Jain | F | Literacy | Jain | F | Middle school | Jain | F,,
jain,female,age_30_33,CMPR_jain_female,ok,,32,100.0,0.0,-0.066,4,0,Below primary | Jain | F | Illiteracy | Jain | F | Literacy | Jain | F | Middle school | Jain | F,,
jain,female,age_34_plus,CMPR_jain_female,ok,,34,1.353,0.171,-0.082,4,3,Below primary | Jain | F | Illiteracy | Jain | F | Literacy | Jain | F | Middle school | Jain | F,Illiteracy | Jain | F (+2.025) | Middle school | Jain | F (+0.628) | Literacy | Jain | F (-0.000),
jain,male,age_below10,CMPR_jain_male,ok,,34,100.0,0.0,-0.062,2,0,Illiteracy | Jain | M | Literacy | Jain | M,,
jain,male,age_10_13,CMPR_jain_male,ok,,34,100.0,0.0,-0.062,2,0,Illiteracy | Jain | M | Literacy | Jain | M,,
jain,male,age_14_17,CMPR_jain_male,ok,,33,100.0,0.0,-0.063,2,0,Illiteracy | Jain | M | Literacy | Jain | M,,
jain,male,age_18_21,CMPR_jain_male,ok,,33,100.0,0.0,-0.063,2,0,Illiteracy | Jain | M | Literacy | Jain | M,,
jain,male,age_22_25,CMPR_jain_male,ok,,34,100.0,0.0,-0.062,2,0,Illiteracy | Jain | M | Literacy | Jain | M,,
jain,male,age_26_29,CMPR_jain_male,ok,,34,100.0,0.0,-0.062,2,0,Illiteracy | Jain | M | Literacy | Jain | M,,
jain,male,age_30_33,CMPR_jain_male,ok,,34,100.0,0.0,-0.062,2,0,Illiteracy | Jain | M | Literacy | Jain | M,,
jain,male,age_34_plus,CMPR_jain_male,ok,,34,100.0,0.0,-0.062,2,0,Illiteracy | Jain | M | Literacy | Jain | M,,
muslim,female,age_below10,CMPR_muslim_female,ok,,35,0.5995,0.322,0.25,3,1,Below primary | Muslim | F | Illiteracy | Muslim | F | Literacy | Muslim | F,Illiteracy | Muslim | F (+3.932),Middle school | Muslim | F [constant]
muslim,female,age_10_13,CMPR_muslim_female,ok,,35,0.5995,0.389,0.25,4,2,Below primary | Muslim | F | Illiteracy | Muslim | F | Literacy | Muslim | F | Middle school | Muslim | F,Illiteracy | Muslim | F (+3.540) | Below primary | Muslim | F (+1.086),
muslim,female,age_14_17,CMPR_muslim_female,ok,,35,0.2984,0.475,0.36,4,2,Below primary | Muslim | F | Illiteracy | Muslim | F | Literacy | Muslim | F | Middle school | Muslim | F,Below primary | Muslim | F (+3.122) | Illiteracy | Muslim | F (+2.455),
muslim,female,age_18_21,CMPR_muslim_female,ok,,35,0.5995,0.492,0.388,4,3,Below primary | Muslim | F | Illiteracy | Muslim | F | Literacy | Muslim | F | Middle school | Muslim | F,Illiteracy | Muslim | F (+2.957) | Below primary | Muslim | F (+2.880) | Literacy | Muslim | F (-0.000),
muslim,female,age_22_25,CMPR_muslim_female,ok,,35,0.8498,0.451,0.342,4,2,Below primary | Muslim | F | Illiteracy | Muslim | F | Literacy | Muslim | F | Middle school | Muslim | F,Below primary | Muslim | F (+2.710) | Illiteracy | Muslim | F (+2.588),
muslim,female,age_26_29,CMPR_muslim_female,ok,,35,0.8498,0.395,0.274,4,2,Below primary | Muslim | F | Illiteracy | Muslim | F | Literacy | Muslim | F | Middle school | Muslim | F,Illiteracy | Muslim | F (+2.839) | Below primary | Muslim | F (+2.248),
muslim,female,age_30_33,CMPR_muslim_female,ok,,35,0.5995,0.409,0.303,4,2,Below primary | Muslim | F | Illiteracy | Muslim | F | Literacy | Muslim | F | Middle school | Muslim | F,Illiteracy | Muslim | F (+3.005) | Below primary | Muslim | F (+2.738),
muslim,female,age_34_plus,CMPR_muslim_female,ok,,35,0.5995,0.297,0.165,4,2,Below primary | Muslim | F | Illiteracy | Muslim | F | Literacy | Muslim | F | Middle school | Muslim | F,Illiteracy | Muslim | F (+3.501) | Below primary | Muslim | F (+2.026),
muslim,male,age_below10,CMPR_muslim_male,ok,,35,0.0658,0.042,-0.041,2,2,Illiteracy | Muslim | M | Literacy | Muslim | M,Illiteracy | Muslim | M (+0.579) | Literacy | Muslim | M (-0.000),
muslim,male,age_10_13,CMPR_muslim_male,ok,,35,0.0739,0.062,-0.02,2,1,Illiteracy | Muslim | M | Literacy | Muslim | M,Illiteracy | Muslim | M (+0.708),
muslim,male,age_14_17,CMPR_muslim_male,ok,,35,0.0413,0.117,0.043,2,2,Illiteracy | Muslim | M | Literacy | Muslim | M,Illiteracy | Muslim | M (+1.029) | Literacy | Muslim | M (-0.000),
muslim,male,age_18_21,CMPR_muslim_male,ok,,35,0.0183,0.169,0.099,2,1,Illiteracy | Muslim | M | Literacy | Muslim | M,Illiteracy | Muslim | M (+1.265),
muslim,male,age_22_25,CMPR_muslim_male,ok,,35,0.026,0.201,0.13,2,1,Illiteracy | Muslim | M | Literacy | Muslim | M,Illiteracy | Muslim | M (+1.375),
muslim,male,age_26_29,CMPR_muslim_male,ok,,35,0.0206,0.21,0.138,2,1,Illiteracy | Muslim | M | Literacy | Muslim | M,Illiteracy | Muslim | M (+1.411),
muslim,male,age_30_33,CMPR_muslim_male,ok,,35,0.0145,0.219,0.146,2,2,Illiteracy | Muslim | M | Literacy | Muslim | M,Illiteracy | Muslim | M (+1.448) | Literacy | Muslim | M (-0.000),
muslim,male,age_34_plus,CMPR_muslim_male,ok,,35,0.001,0.308,0.24,2,1,Illiteracy | Muslim | M | Literacy | Muslim | M,Illiteracy | Muslim | M (+1.731),
sikh,female,age_below10,CMPR_sikh_female,ok,,33,0.0933,0.444,0.306,3,3,Below primary | Sikh | F | Illiteracy | Sikh | F | Literacy | Sikh | F,Below primary | Sikh | F (-3.438) | Illiteracy | Sikh | F (+3.251) | Literacy | Sikh | F (-0.000),Middle school | Sikh | F [constant]
sikh,female,age_10_13,CMPR_sikh_female,ok,,33,100.0,0.0,-0.063,4,0,Below primary | Sikh | F | Illiteracy | Sikh | F | Literacy | Sikh | F | Middle school | Sikh | F,,
sikh,female,age_14_17,CMPR_sikh_female,ok,,33,0.5337,0.533,0.332,4,3,Below primary | Sikh | F | Illiteracy | Sikh | F | Literacy | Sikh | F | Middle school | Sikh | F,Illiteracy | Sikh | F (+5.242) | Below primary | Sikh | F (-0.911) | Literacy | Sikh | F (-0.000),
sikh,female,age_18_21,CMPR_sikh_female,ok,,30,0.5995,0.201,0.057,4,1,Below primary | Sikh | F | Illiteracy | Sikh | F | Literacy | Sikh | F | Middle school | Sikh | F,Illiteracy | Sikh | F (+2.417),
sikh,female,age_22_25,CMPR_sikh_female,ok,,34,100.0,0.0,-0.062,4,0,Below primary | Sikh | F | Illiteracy | Sikh | F | Literacy | Sikh | F | Middle school | Sikh | F,,
sikh,female,age_26_29,CMPR_sikh_female,ok,,34,1.0723,0.104,-0.002,4,2,Below primary | Sikh | F | Illiteracy | Sikh | F | Literacy | Sikh | F | Middle school | Sikh | F,Illiteracy | Sikh | F (+1.593) | Literacy | Sikh | F (-0.000),
sikh,female,age_30_33,CMPR_sikh_female,ok,,34,100.0,0.0,-0.062,4,0,Below primary | Sikh | F | Illiteracy | Sikh | F | Literacy | Sikh | F | Middle school | Sikh | F,,
sikh,female,age_34_plus,CMPR_sikh_female,ok,,34,0.6734,0.177,-0.008,4,3,Below primary | Sikh | F | Illiteracy | Sikh | F | Literacy | Sikh | F | Middle school | Sikh | F,Below primary | Sikh | F (+2.323) | Illiteracy | Sikh | F (+0.668) | Literacy | Sikh | F (-0.000),
sikh,male,age_below10,CMPR_sikh_male,ok,,34,0.001,0.068,-0.046,2,1,Illiteracy | Sikh | M | Literacy | Sikh | M,Illiteracy | Sikh | M (+2.703),
sikh,male,age_10_13,CMPR_sikh_male,ok,,34,100.0,0.0,-0.062,2,0,Illiteracy | Sikh | M | Literacy | Sikh | M,,
sikh,male,age_14_17,CMPR_sikh_male,ok,,34,100.0,0.0,-0.062,2,0,Illiteracy | Sikh | M | Literacy | Sikh | M,,
sikh,male,age_18_21,CMPR_sikh_male,ok,,34,0.3765,0.072,-0.039,2,1,Illiteracy | Sikh | M | Literacy | Sikh | M,Illiteracy | Sikh | M (-2.431),
sikh,male,age_22_25,CMPR_sikh_male,ok,,34,0.2364,0.091,-0.045,2,1,Illiteracy | Sikh | M | Literacy | Sikh | M,Illiteracy | Sikh | M (-2.894),
sikh,male,age_26_29,CMPR_sikh_male,ok,,34,100.0,0.0,-0.062,2,0,Illiteracy | Sikh | M | Literacy | Sikh | M,,
sikh,male,age_30_33,CMPR_sikh_male,ok,,34,0.3765,0.11,-0.005,2,2,Illiteracy | Sikh | M | Literacy | Sikh | M,Illiteracy | Sikh | M (-3.082) | Literacy | Sikh | M (+0.000),
sikh,male,age_34_plus,CMPR_sikh_male,ok,,34,0.3765,0.09,-0.016,2,1,Illiteracy | Sikh | M | Literacy | Sikh | M,Illiteracy | Sikh | M (-2.743),
